fiber_fraction,Ef_Em,width_to_thickness_ratio,length_value,theta,length_distribution_type,sim,random_seed,box_x,box_z,E1_Em,E2_Em,E3_Em,G12_Em,G13_Em,G23_Em,v12,v13,v23,L_band
0.1,4.0,1.0,50.0,0,constant,sim001_10,3,250,250,1.14493,1.14451,1.23666,0.42975,0.43592,0.43621,0.33264,0.29745,0.29782,short
0.1,12.0,1.0,50.0,0,constant,sim001_10,3,250,250,1.23616,1.23493,1.61339,0.45818,0.47522,0.4763,0.35007,0.24641,0.24763,short
0.1,20.0,1.0,50.0,0,constant,sim001_10,3,250,250,1.26561,1.26401,1.83084,0.46617,0.48854,0.4901,0.35872,0.22273,0.22438,short
0.1,28.0,1.0,50.0,0,constant,sim001_10,3,250,250,1.28061,1.27881,1.97422,0.46999,0.49564,0.49751,0.36372,0.2093,0.2112,short
0.1,32.0,1.0,50.0,0,constant,sim001_10,3,250,250,1.28569,1.28381,2.02919,0.47125,0.49812,0.5001,0.3655,0.20455,0.20654,short
0.1,40.0,1.0,50.0,0,constant,sim001_10,3,250,250,1.29317,1.29118,2.11711,0.47307,0.50186,0.50403,0.36821,0.19737,0.1995,short
0.1,48.0,1.0,50.0,0,constant,sim001_10,3,250,250,1.29844,1.29637,2.1844,0.47433,0.50457,0.50687,0.37017,0.1922,0.19444,short
0.15,4.0,1.0,50.0,0,constant,sim001_15,3,250,250,1.22258,1.22379,1.35957,0.45947,0.46856,0.46916,0.33148,0.28548,0.28533,short
0.15,12.0,1.0,50.0,0,constant,sim001_15,3,250,250,1.3658,1.36918,1.95587,0.50665,0.53293,0.53429,0.35039,0.22279,0.22219,short
0.15,20.0,1.0,50.0,0,constant,sim001_15,3,250,250,1.4114,1.41569,2.31476,0.52039,0.55559,0.55708,0.35915,0.1955,0.19464,short
0.15,28.0,1.0,50.0,0,constant,sim001_15,3,250,250,1.43438,1.43915,2.55784,0.52706,0.56788,0.56938,0.36407,0.18046,0.17943,short
0.15,32.0,1.0,50.0,0,constant,sim001_15,3,250,250,1.44212,1.44705,2.65249,0.52927,0.57221,0.57369,0.3658,0.1752,0.17412,short
0.15,40.0,1.0,50.0,0,constant,sim001_15,3,250,250,1.45348,1.45865,2.80558,0.53248,0.57879,0.58023,0.3684,0.16733,0.16617,short
0.15,48.0,1.0,50.0,0,constant,sim001_15,3,250,250,1.46145,1.46679,2.92423,0.53471,0.58359,0.58498,0.37027,0.16171,0.16048,short
0.2,4.0,1.0,50.0,0,constant,sim001_20,3,250,250,1.30859,1.30779,1.48519,0.49198,0.50468,0.5046,0.32892,0.27554,0.27578,short
0.2,12.0,1.0,50.0,0,constant,sim001_20,3,250,250,1.51863,1.51649,2.3202,0.56281,0.60052,0.60047,0.34674,0.20491,0.2056,short
0.2,20.0,1.0,50.0,0,constant,sim001_20,3,250,250,1.58661,1.58398,2.84355,0.58438,0.63526,0.63536,0.35458,0.17526,0.17612,short
0.2,28.0,1.0,50.0,0,constant,sim001_20,3,250,250,1.62099,1.61811,3.20761,0.59503,0.65428,0.6545,0.35889,0.15915,0.16011,short
0.2,32.0,1.0,50.0,0,constant,sim001_20,3,250,250,1.63258,1.62963,3.35155,0.59859,0.66101,0.66128,0.36038,0.15357,0.15455,short
0.2,40.0,1.0,50.0,0,constant,sim001_20,3,250,250,1.64963,1.64657,3.587,0.60379,0.67126,0.67161,0.36261,0.14525,0.14627,short
0.2,48.0,1.0,50.0,0,constant,sim001_20,3,250,250,1.6616,1.65847,3.77178,0.60743,0.67874,0.67916,0.36418,0.13933,0.14037,short
0.25,4.0,1.0,50.0,0,constant,sim001_25,3,250,250,1.3972,1.39726,1.61259,0.52655,0.54188,0.54212,0.32547,0.2674,0.2675,short
0.25,12.0,1.0,50.0,0,constant,sim001_25,3,250,250,1.68048,1.68066,2.6989,0.62541,0.67272,0.67345,0.3406,0.19236,0.19262,short
0.25,20.0,1.0,50.0,0,constant,sim001_25,3,250,250,1.77382,1.77406,3.4012,0.65681,0.7217,0.72266,0.3469,0.16171,0.16202,short
0.25,28.0,1.0,50.0,0,constant,sim001_25,3,250,250,1.82128,1.82157,3.90003,0.67257,0.74887,0.74995,0.35029,0.14524,0.14556,short
0.25,32.0,1.0,50.0,0,constant,sim001_25,3,250,250,1.83733,1.83763,4.09967,0.67788,0.75854,0.75966,0.35145,0.13956,0.13988,short
0.25,40.0,1.0,50.0,0,constant,sim001_25,3,250,250,1.86097,1.8613,4.42925,0.68568,0.77333,0.77453,0.35316,0.1311,0.13143,short
0.25,48.0,1.0,50.0,0,constant,sim001_25,3,250,250,1.87761,1.87796,4.69058,0.69117,0.78421,0.78544,0.35437,0.1251,0.12543,short
0.3,4.0,1.0,50.0,0,constant,sim001_30,3,250,250,1.49414,1.49237,1.74376,0.56574,0.58325,0.58272,0.32168,0.26041,0.26068,short
0.3,12.0,1.0,50.0,0,constant,sim001_30,3,250,250,1.86739,1.86185,3.09916,0.70131,0.75811,0.75644,0.33401,0.18233,0.1831,short
0.3,20.0,1.0,50.0,0,constant,sim001_30,3,250,250,1.99355,1.98633,3.99961,0.74634,0.82566,0.82349,0.33881,0.15091,0.15191,short
0.3,28.0,1.0,50.0,0,constant,sim001_30,3,250,250,2.05821,2.05007,4.65111,0.76931,0.86345,0.86104,0.34131,0.1341,0.13523,short
0.3,32.0,1.0,50.0,0,constant,sim001_30,3,250,250,2.08015,2.07168,4.91468,0.77709,0.87695,0.87447,0.34216,0.12831,0.12948,short
0.3,40.0,1.0,50.0,0,constant,sim001_30,3,250,250,2.11252,2.10358,5.35341,0.78858,0.89766,0.89507,0.34339,0.11972,0.12095,short
0.3,48.0,1.0,50.0,0,constant,sim001_30,3,250,250,2.13535,2.12607,5.70451,0.79669,0.91289,0.91025,0.34423,0.11363,0.1149,short
0.1,4.0,1.0,50.0,10,constant,sim002_10,3,250,250,1.1379,1.13794,1.21677,0.42715,0.43362,0.43366,0.33098,0.30134,0.3013,short
0.1,12.0,1.0,50.0,10,constant,sim002_10,3,250,250,1.22579,1.22589,1.5566,0.45474,0.47349,0.47349,0.34566,0.25533,0.25518,short
0.1,20.0,1.0,50.0,10,constant,sim002_10,3,250,250,1.25476,1.25488,1.75587,0.46268,0.48761,0.48755,0.35346,0.23293,0.23272,short
0.1,28.0,1.0,50.0,10,constant,sim002_10,3,250,250,1.26987,1.27,1.88973,0.46656,0.49531,0.4952,0.35815,0.21982,0.21957,short
0.1,32.0,1.0,50.0,10,constant,sim002_10,3,250,250,1.27508,1.2752,1.94175,0.46786,0.49803,0.4979,0.35987,0.21509,0.21483,short
0.1,40.0,1.0,50.0,10,constant,sim002_10,3,250,250,1.28288,1.283,2.02595,0.46976,0.50217,0.50201,0.36252,0.20784,0.20757,short
0.1,48.0,1.0,50.0,10,constant,sim002_10,3,250,250,1.28848,1.2886,2.09138,0.47111,0.50521,0.50501,0.36448,0.20251,0.20223,short
0.15,4.0,1.0,50.0,10,constant,sim002_15,3,250,250,1.21064,1.21139,1.3283,0.45555,0.46482,0.46503,0.32999,0.29035,0.29018,short
0.15,12.0,1.0,50.0,10,constant,sim002_15,3,250,250,1.34762,1.3495,1.85861,0.5015,0.52938,0.52989,0.34621,0.23323,0.23276,short
0.15,20.0,1.0,50.0,10,constant,sim002_15,3,250,250,1.39232,1.39457,2.17932,0.51524,0.55291,0.55351,0.35419,0.20714,0.20657,short
0.15,28.0,1.0,50.0,10,constant,sim002_15,3,250,250,1.41541,1.41782,2.39913,0.52207,0.56589,0.56652,0.35885,0.1923,0.19169,short
0.15,32.0,1.0,50.0,10,constant,sim002_15,3,250,250,1.42333,1.42579,2.48557,0.52437,0.5705,0.57114,0.36052,0.18702,0.1864,short
0.15,40.0,1.0,50.0,10,constant,sim002_15,3,250,250,1.43516,1.43768,2.62668,0.52777,0.57757,0.57821,0.36309,0.17899,0.17836,short
0.15,48.0,1.0,50.0,10,constant,sim002_15,3,250,250,1.44365,1.44619,2.73744,0.53018,0.58276,0.5834,0.36497,0.17313,0.17251,short
0.2,4.0,1.0,50.0,10,constant,sim002_20,3,250,250,1.28338,1.28313,1.43953,0.48263,0.49526,0.49513,0.32917,0.28055,0.28054,short
0.2,12.0,1.0,50.0,10,constant,sim002_20,3,250,250,1.47167,1.47096,2.16963,0.54616,0.58427,0.58385,0.34635,0.21552,0.21551,short
0.2,20.0,1.0,50.0,10,constant,sim002_20,3,250,250,1.533,1.53213,2.62271,0.56559,0.61722,0.61664,0.35411,0.18734,0.18731,short
0.2,28.0,1.0,50.0,10,constant,sim002_20,3,250,250,1.56454,1.5636,2.93847,0.57533,0.63553,0.63486,0.35848,0.17167,0.17163,short
0.2,32.0,1.0,50.0,10,constant,sim002_20,3,250,250,1.57533,1.57438,3.06384,0.57863,0.64207,0.64136,0.36003,0.16616,0.16611,short
0.2,40.0,1.0,50.0,10,constant,sim002_20,3,250,250,1.59142,1.59044,3.27003,0.58352,0.65211,0.65134,0.36236,0.15782,0.15776,short
0.2,48.0,1.0,50.0,10,constant,sim002_20,3,250,250,1.60295,1.60195,3.43321,0.587,0.65952,0.65871,0.36406,0.15179,0.15171,short
0.25,4.0,1.0,50.0,10,constant,sim002_25,3,250,250,1.37423,1.37422,1.56208,0.51898,0.53379,0.53384,0.32463,0.27302,0.27305,short
0.25,12.0,1.0,50.0,10,constant,sim002_25,3,250,250,1.64163,1.64164,2.52964,0.61417,0.66195,0.66175,0.33801,0.20326,0.20329,short
0.25,20.0,1.0,50.0,10,constant,sim002_25,3,250,250,1.73131,1.73132,3.15241,0.64505,0.71157,0.71105,0.34386,0.17363,0.17365,short
0.25,28.0,1.0,50.0,10,constant,sim002_25,3,250,250,1.77782,1.77784,3.59714,0.66087,0.73962,0.73882,0.34711,0.1573,0.1573,short
0.25,32.0,1.0,50.0,10,constant,sim002_25,3,250,250,1.7938,1.79381,3.77622,0.66627,0.74972,0.74879,0.34825,0.15157,0.15156,short
0.25,40.0,1.0,50.0,10,constant,sim002_25,3,250,250,1.81766,1.81768,4.07385,0.67431,0.76529,0.76415,0.34997,0.14293,0.14291,short
0.25,48.0,1.0,50.0,10,constant,sim002_25,3,250,250,1.83479,1.83481,4.31214,0.68008,0.77685,0.77554,0.35119,0.13669,0.13666,short
0.3,4.0,1.0,50.0,10,constant,sim002_30,3,250,250,1.46294,1.46321,1.68157,0.55345,0.57074,0.57118,0.32053,0.26656,0.2667,short
0.3,12.0,1.0,50.0,10,constant,sim002_30,3,250,250,1.81018,1.81112,2.88713,0.67902,0.73652,0.73782,0.33049,0.1938,0.19419,short
0.3,20.0,1.0,50.0,10,constant,sim002_30,3,250,250,1.92897,1.93026,3.68438,0.72111,0.80222,0.80378,0.33458,0.16343,0.16389,short
0.3,28.0,1.0,50.0,10,constant,sim002_30,3,250,250,1.99093,1.99243,4.26403,0.74289,0.83966,0.84127,0.33679,0.1468,0.14729,short
0.3,32.0,1.0,50.0,10,constant,sim002_30,3,250,250,2.01224,2.01383,4.49985,0.75037,0.85318,0.85479,0.33756,0.14098,0.14148,short
0.3,40.0,1.0,50.0,10,constant,sim002_30,3,250,250,2.04412,2.04584,4.89487,0.76153,0.8741,0.87565,0.33869,0.13223,0.13274,short
0.3,48.0,1.0,50.0,10,constant,sim002_30,3,250,250,2.06701,2.06883,5.21387,0.76953,0.88965,0.89115,0.33949,0.12592,0.12643,short
0.1,4.0,1.0,50.0,20,constant,sim003_10,3,250,250,1.13784,1.13788,1.22034,0.42726,0.43318,0.43352,0.33171,0.3002,0.30038,short
0.1,12.0,1.0,50.0,20,constant,sim003_10,3,250,250,1.22564,1.22561,1.57115,0.45485,0.4716,0.47278,0.34765,0.25211,0.25274,short
0.1,20.0,1.0,50.0,20,constant,sim003_10,3,250,250,1.25448,1.2544,1.77758,0.46272,0.48486,0.48651,0.35596,0.22893,0.22976,short
0.1,28.0,1.0,50.0,20,constant,sim003_10,3,250,250,1.26941,1.2693,1.91604,0.46653,0.492,0.49395,0.3609,0.21547,0.21642,short
0.1,32.0,1.0,50.0,20,constant,sim003_10,3,250,250,1.27452,1.27441,1.96974,0.4678,0.4945,0.49656,0.36269,0.21065,0.21164,short
0.1,40.0,1.0,50.0,20,constant,sim003_10,3,250,250,1.28213,1.28201,2.05642,0.46965,0.4983,0.50054,0.36544,0.20329,0.20433,short
0.1,48.0,1.0,50.0,20,constant,sim003_10,3,250,250,1.28754,1.28744,2.12354,0.47095,0.50105,0.50343,0.36745,0.19793,0.199,short
0.15,4.0,1.0,50.0,20,constant,sim003_15,3,250,250,1.21155,1.2118,1.33428,0.45516,0.46447,0.46423,0.33073,0.28899,0.2888,short
0.15,12.0,1.0,50.0,20,constant,sim003_15,3,250,250,1.34926,1.34991,1.88411,0.50021,0.52745,0.5266,0.34832,0.22964,0.22907,short
0.15,20.0,1.0,50.0,20,constant,sim003_15,3,250,250,1.39382,1.39465,2.21794,0.51348,0.54997,0.54878,0.35682,0.20289,0.20213,short
0.15,28.0,1.0,50.0,20,constant,sim003_15,3,250,250,1.4166,1.41752,2.44628,0.52,0.56227,0.56086,0.3617,0.18785,0.18699,short
0.15,32.0,1.0,50.0,20,constant,sim003_15,3,250,250,1.42435,1.42531,2.53582,0.52218,0.56662,0.56513,0.36343,0.18254,0.18164,short
0.15,40.0,1.0,50.0,20,constant,sim003_15,3,250,250,1.43584,1.43685,2.68155,0.52537,0.57325,0.57163,0.36607,0.17452,0.17355,short
0.15,48.0,1.0,50.0,20,constant,sim003_15,3,250,250,1.444,1.44504,2.79539,0.52762,0.57809,0.57638,0.36798,0.16873,0.16772,short
0.2,4.0,1.0,50.0,20,constant,sim003_20,3,250,250,1.28242,1.28279,1.44618,0.48226,0.49405,0.49393,0.33037,0.27899,0.27872,short
0.2,12.0,1.0,50.0,20,constant,sim003_20,3,250,250,1.4688,1.46962,2.20077,0.54494,0.57957,0.5794,0.34931,0.21179,0.21097,short
0.2,20.0,1.0,50.0,20,constant,sim003_20,3,250,250,1.52898,1.52987,2.67174,0.56384,0.61048,0.6104,0.35771,0.18301,0.18198,short
0.2,28.0,1.0,50.0,20,constant,sim003_20,3,250,250,1.55967,1.56052,2.99967,0.57322,0.62748,0.62748,0.3624,0.16717,0.16605,short
0.2,32.0,1.0,50.0,20,constant,sim003_20,3,250,250,1.5701,1.57092,3.12958,0.57636,0.63351,0.63354,0.36404,0.16162,0.16049,short
0.2,40.0,1.0,50.0,20,constant,sim003_20,3,250,250,1.58558,1.58632,3.34263,0.581,0.64274,0.64283,0.36651,0.15329,0.15214,short
0.2,48.0,1.0,50.0,20,constant,sim003_20,3,250,250,1.59658,1.59723,3.5105,0.58427,0.64952,0.64965,0.36829,0.1473,0.14615,short
0.25,4.0,1.0,50.0,20,constant,sim003_25,3,250,250,1.36774,1.36797,1.56557,0.51533,0.52939,0.52995,0.32666,0.27101,0.27118,short
0.25,12.0,1.0,50.0,20,constant,sim003_25,3,250,250,1.62602,1.62673,2.55461,0.60525,0.64823,0.65005,0.34259,0.19849,0.19892,short
0.25,20.0,1.0,50.0,20,constant,sim003_25,3,250,250,1.71126,1.7123,3.1933,0.63381,0.69279,0.69517,0.34934,0.16822,0.1687,short
0.25,28.0,1.0,50.0,20,constant,sim003_25,3,250,250,1.75492,1.75622,3.64853,0.64824,0.71766,0.72031,0.35303,0.15173,0.1522,short
0.25,32.0,1.0,50.0,20,constant,sim003_25,3,250,250,1.76978,1.77119,3.83137,0.65313,0.72656,0.7293,0.35431,0.14599,0.14645,short
0.25,40.0,1.0,50.0,20,constant,sim003_25,3,250,250,1.7918,1.79343,4.13438,0.66036,0.74023,0.74309,0.35622,0.1374,0.13782,short
0.25,48.0,1.0,50.0,20,constant,sim003_25,3,250,250,1.80743,1.80926,4.37599,0.66549,0.75033,0.75325,0.35757,0.13125,0.13163,short
0.3,4.0,1.0,50.0,20,constant,sim003_30,3,250,250,1.46291,1.46279,1.69188,0.55343,0.56987,0.56949,0.32202,0.26466,0.26455,short
0.3,12.0,1.0,50.0,20,constant,sim003_30,3,250,250,1.80865,1.8084,2.93921,0.67826,0.73185,0.73083,0.33402,0.18944,0.18926,short
0.3,20.0,1.0,50.0,20,constant,sim003_30,3,250,250,1.92597,1.92567,3.77152,0.7197,0.79498,0.79383,0.33884,0.15843,0.15827,short
0.3,28.0,1.0,50.0,20,constant,sim003_30,3,250,250,1.98667,1.98632,4.37798,0.74098,0.83064,0.82953,0.3414,0.1416,0.14147,short
0.3,32.0,1.0,50.0,20,constant,sim003_30,3,250,250,2.00743,2.00706,4.62468,0.74824,0.84346,0.84238,0.34228,0.13576,0.13564,short
0.3,40.0,1.0,50.0,20,constant,sim003_30,3,250,250,2.03831,2.0379,5.03743,0.75902,0.8632,0.86222,0.34356,0.12702,0.12692,short
0.3,48.0,1.0,50.0,20,constant,sim003_30,3,250,250,2.06033,2.05988,5.36998,0.7667,0.87783,0.87694,0.34446,0.12076,0.12068,short
0.1,4.0,2.0,50.0,0,constant,sim004_10,3,250,250,1.13774,1.13908,1.21576,0.42711,0.43316,0.43411,0.33254,0.30108,0.30123,short
0.1,12.0,2.0,50.0,0,constant,sim004_10,3,250,250,1.22075,1.22407,1.5,0.45365,0.4703,0.47248,0.3466,0.26163,0.26191,short
0.1,20.0,2.0,50.0,0,constant,sim004_10,3,250,250,1.24681,1.25093,1.63922,0.46121,0.48281,0.48543,0.35292,0.24458,0.24481,short
0.1,28.0,2.0,50.0,0,constant,sim004_10,3,250,250,1.2599,1.26446,1.72297,0.46486,0.48937,0.49223,0.35644,0.23519,0.23535,short
0.1,32.0,2.0,50.0,0,constant,sim004_10,3,250,250,1.26429,1.26901,1.75356,0.46607,0.49162,0.49456,0.35768,0.23191,0.23205,short
0.1,40.0,2.0,50.0,0,constant,sim004_10,3,250,250,1.27075,1.2757,1.80086,0.46782,0.49499,0.49806,0.35954,0.227,0.22709,short
0.1,48.0,2.0,50.0,0,constant,sim004_10,3,250,250,1.27526,1.28039,1.83578,0.46903,0.49739,0.50055,0.36087,0.22349,0.22355,short
0.15,4.0,2.0,50.0,0,constant,sim004_15,3,250,250,1.22127,1.21873,1.34055,0.45842,0.469,0.46817,0.33277,0.28839,0.28866,short
0.15,12.0,2.0,50.0,0,constant,sim004_15,3,250,250,1.36298,1.35634,1.81556,0.50512,0.5351,0.53329,0.3506,0.23629,0.2371,short
0.15,20.0,2.0,50.0,0,constant,sim004_15,3,250,250,1.40815,1.39993,2.0595,0.51906,0.55834,0.55625,0.3581,0.21471,0.2158,short
0.15,28.0,2.0,50.0,0,constant,sim004_15,3,250,250,1.43089,1.42185,2.21015,0.5259,0.57068,0.56848,0.36219,0.20301,0.20427,short
0.15,32.0,2.0,50.0,0,constant,sim004_15,3,250,250,1.43854,1.42922,2.26597,0.52818,0.57496,0.57273,0.36361,0.19896,0.20027,short
0.15,40.0,2.0,50.0,0,constant,sim004_15,3,250,250,1.44977,1.44004,2.35312,0.5315,0.58136,0.57909,0.36573,0.19291,0.19431,short
0.15,48.0,2.0,50.0,0,constant,sim004_15,3,250,250,1.45763,1.44761,2.41815,0.53381,0.58594,0.58364,0.36724,0.18861,0.19007,short
0.2,4.0,2.0,50.0,0,constant,sim004_20,3,250,250,1.29015,1.2933,1.4457,0.48563,0.49738,0.49933,0.33098,0.27996,0.28005,short
0.2,12.0,2.0,50.0,0,constant,sim004_20,3,250,250,1.47677,1.48493,2.08434,0.55009,0.58432,0.58961,0.34855,0.22185,0.22209,short
0.2,20.0,2.0,50.0,0,constant,sim004_20,3,250,250,1.53614,1.54626,2.42209,0.56977,0.6153,0.62205,0.35559,0.19852,0.19874,short
0.2,28.0,2.0,50.0,0,constant,sim004_20,3,250,250,1.56603,1.5772,2.63438,0.57954,0.63193,0.6395,0.35935,0.18603,0.18621,short
0.2,32.0,2.0,50.0,0,constant,sim004_20,3,250,250,1.5761,1.58763,2.71379,0.5828,0.63773,0.64559,0.36064,0.18172,0.18188,short
0.2,40.0,2.0,50.0,0,constant,sim004_20,3,250,250,1.59089,1.60295,2.83864,0.58759,0.64646,0.65476,0.36256,0.17531,0.17545,short
0.2,48.0,2.0,50.0,0,constant,sim004_20,3,250,250,1.60127,1.6137,2.9325,0.59093,0.65274,0.66136,0.36392,0.17076,0.17088,short
0.25,4.0,2.0,50.0,0,constant,sim004_25,3,250,250,1.39088,1.39132,1.58171,0.52431,0.54002,0.53964,0.32798,0.27124,0.271,short
0.25,12.0,2.0,50.0,0,constant,sim004_25,3,250,250,1.66444,1.6654,2.45147,0.62052,0.66899,0.66794,0.34453,0.20767,0.20722,short
0.25,20.0,2.0,50.0,0,constant,sim004_25,3,250,250,1.75523,1.75632,2.93028,0.6516,0.7174,0.71613,0.35086,0.18244,0.18198,short
0.25,28.0,2.0,50.0,0,constant,sim004_25,3,250,250,1.80169,1.80282,3.23866,0.66736,0.74393,0.74258,0.35418,0.16894,0.16851,short
0.25,32.0,2.0,50.0,0,constant,sim004_25,3,250,250,1.81745,1.81859,3.35559,0.67268,0.75327,0.75191,0.35532,0.16429,0.16386,short
0.25,40.0,2.0,50.0,0,constant,sim004_25,3,250,250,1.84072,1.84186,3.54122,0.68052,0.76741,0.76604,0.357,0.15736,0.15696,short
0.25,48.0,2.0,50.0,0,constant,sim004_25,3,250,250,1.85712,1.85826,3.68229,0.68604,0.77766,0.7763,0.35818,0.15244,0.15206,short
0.3,4.0,2.0,50.0,0,constant,sim004_30,3,250,250,1.46598,1.47299,1.69476,0.55235,0.56843,0.5722,0.32521,0.26393,0.26409,short
0.3,12.0,2.0,50.0,0,constant,sim004_30,3,250,250,1.8,1.82077,2.78932,0.66961,0.72,0.73021,0.34031,0.19509,0.19531,short
0.3,20.0,2.0,50.0,0,constant,sim004_30,3,250,250,1.91142,1.93822,3.41958,0.70778,0.77702,0.78985,0.3458,0.16821,0.16819,short
0.3,28.0,2.0,50.0,0,constant,sim004_30,3,250,250,1.96842,1.99853,3.83576,0.72715,0.80837,0.82257,0.34862,0.15395,0.15374,short
0.3,32.0,2.0,50.0,0,constant,sim004_30,3,250,250,1.98773,2.01901,3.99565,0.73369,0.81943,0.8341,0.34958,0.14905,0.14877,short
0.3,40.0,2.0,50.0,0,constant,sim004_30,3,250,250,2.01622,2.04924,4.25179,0.74332,0.83619,0.85156,0.35097,0.14178,0.14138,short
0.3,48.0,2.0,50.0,0,constant,sim004_30,3,250,250,2.03629,2.07054,4.44831,0.7501,0.84837,0.86422,0.35195,0.13664,0.13614,short
0.1,4.0,2.0,50.0,10,constant,sim005_10,3,250,250,1.1408,1.13736,1.21162,0.42772,0.43572,0.43397,0.33194,0.30261,0.3028,short
0.1,12.0,2.0,50.0,10,constant,sim005_10,3,250,250,1.22775,1.21946,1.48709,0.45509,0.47757,0.47265,0.34519,0.26533,0.26559,short
0.1,20.0,2.0,50.0,10,constant,sim005_10,3,250,250,1.25546,1.24545,1.62299,0.46303,0.49225,0.48587,0.35125,0.24882,0.24912,short
0.1,28.0,2.0,50.0,10,constant,sim005_10,3,250,250,1.26959,1.2587,1.70565,0.46692,0.50006,0.49284,0.3547,0.23954,0.23987,short
0.1,32.0,2.0,50.0,10,constant,sim005_10,3,250,250,1.27439,1.26321,1.73612,0.46822,0.50277,0.49525,0.35592,0.23626,0.2366,short
0.1,40.0,2.0,50.0,10,constant,sim005_10,3,250,250,1.28151,1.26991,1.78362,0.47012,0.50684,0.49885,0.35778,0.23129,0.23164,short
0.1,48.0,2.0,50.0,10,constant,sim005_10,3,250,250,1.28657,1.27468,1.81907,0.47146,0.50976,0.50143,0.35914,0.22769,0.22804,short
0.15,4.0,2.0,50.0,10,constant,sim005_15,3,250,250,1.21648,1.2155,1.32464,0.45586,0.46691,0.46709,0.33047,0.29157,0.29195,short
0.15,12.0,2.0,50.0,10,constant,sim005_15,3,250,250,1.35452,1.35202,1.76778,0.50039,0.53196,0.53264,0.34515,0.24315,0.24411,short
0.15,20.0,2.0,50.0,10,constant,sim005_15,3,250,250,1.39884,1.39579,1.9958,0.51373,0.55506,0.556,0.35162,0.22254,0.22371,short
0.15,28.0,2.0,50.0,10,constant,sim005_15,3,250,250,1.42143,1.41811,2.13784,0.52037,0.56742,0.56852,0.35525,0.21115,0.21242,short
0.15,32.0,2.0,50.0,10,constant,sim005_15,3,250,250,1.42911,1.42571,2.19086,0.5226,0.57172,0.57287,0.35653,0.20716,0.20845,short
0.15,40.0,2.0,50.0,10,constant,sim005_15,3,250,250,1.44047,1.43696,2.27423,0.52588,0.5782,0.57943,0.35847,0.20113,0.20246,short
0.15,48.0,2.0,50.0,10,constant,sim005_15,3,250,250,1.44853,1.44496,2.33704,0.52819,0.58285,0.58415,0.35988,0.19678,0.19813,short
0.2,4.0,2.0,50.0,10,constant,sim005_20,3,250,250,1.29051,1.28985,1.438,0.48584,0.49971,0.49943,0.33069,0.28166,0.28178,short
0.2,12.0,2.0,50.0,10,constant,sim005_20,3,250,250,1.47792,1.47646,2.05778,0.55052,0.59152,0.5907,0.34782,0.22561,0.22596,short
0.2,20.0,2.0,50.0,10,constant,sim005_20,3,250,250,1.53815,1.53652,2.38707,0.57044,0.62488,0.62385,0.35473,0.20266,0.2031,short
0.2,28.0,2.0,50.0,10,constant,sim005_20,3,250,250,1.56887,1.56719,2.59598,0.58042,0.64294,0.64182,0.35847,0.19018,0.19064,short
0.2,32.0,2.0,50.0,10,constant,sim005_20,3,250,250,1.57931,1.57763,2.67474,0.58379,0.64927,0.64812,0.35977,0.18582,0.18629,short
0.2,40.0,2.0,50.0,10,constant,sim005_20,3,250,250,1.5948,1.59311,2.79946,0.58876,0.65883,0.65764,0.36172,0.17928,0.17976,short
0.2,48.0,2.0,50.0,10,constant,sim005_20,3,250,250,1.6058,1.60411,2.89416,0.59227,0.66575,0.66454,0.36312,0.17457,0.17505,short
0.25,4.0,2.0,50.0,10,constant,sim005_25,3,250,250,1.37506,1.37462,1.55557,0.51825,0.53459,0.53446,0.32826,0.27367,0.27384,short
0.25,12.0,2.0,50.0,10,constant,sim005_25,3,250,250,1.63036,1.6293,2.3734,0.608,0.65783,0.65747,0.34486,0.21226,0.21274,short
0.25,20.0,2.0,50.0,10,constant,sim005_25,3,250,250,1.71441,1.71319,2.82394,0.63681,0.70385,0.70343,0.35128,0.18753,0.18813,short
0.25,28.0,2.0,50.0,10,constant,sim005_25,3,250,250,1.75764,1.75636,3.11595,0.6515,0.72908,0.72865,0.3547,0.17414,0.1748,short
0.25,32.0,2.0,50.0,10,constant,sim005_25,3,250,250,1.7724,1.7711,3.22731,0.6565,0.73797,0.73755,0.35588,0.16948,0.17016,short
0.25,40.0,2.0,50.0,10,constant,sim005_25,3,250,250,1.79434,1.79301,3.40514,0.66392,0.75147,0.75106,0.35764,0.16248,0.16319,short
0.25,48.0,2.0,50.0,10,constant,sim005_25,3,250,250,1.80997,1.80862,3.54137,0.66919,0.76128,0.76089,0.3589,0.15746,0.15819,short
0.3,4.0,2.0,50.0,10,constant,sim005_30,3,250,250,1.47055,1.47069,1.67778,0.55598,0.57442,0.57531,0.32355,0.26763,0.26803,short
0.3,12.0,2.0,50.0,10,constant,sim005_30,3,250,250,1.81572,1.81601,2.71497,0.68016,0.73999,0.74271,0.33667,0.20325,0.20431,short
0.3,20.0,2.0,50.0,10,constant,sim005_30,3,250,250,1.9341,1.93444,3.30781,0.72204,0.80451,0.80821,0.34145,0.17738,0.17866,short
0.3,28.0,2.0,50.0,10,constant,sim005_30,3,250,250,1.99597,1.99633,3.70047,0.74382,0.84052,0.84484,0.34393,0.16336,0.16474,short
0.3,32.0,2.0,50.0,10,constant,sim005_30,3,250,250,2.01724,2.01762,3.85199,0.7513,0.85333,0.85788,0.34477,0.15848,0.15989,short
0.3,40.0,2.0,50.0,10,constant,sim005_30,3,250,250,2.04902,2.04942,4.09596,0.76247,0.87288,0.87779,0.34601,0.15115,0.1526,short
0.3,48.0,2.0,50.0,10,constant,sim005_30,3,250,250,2.07176,2.07217,4.2845,0.77047,0.88719,0.89236,0.34689,0.14589,0.14736,short
0.1,4.0,2.0,50.0,20,constant,sim006_10,3,250,250,1.13848,1.14138,1.2141,0.42753,0.43349,0.43581,0.33125,0.30188,0.30236,short
0.1,12.0,2.0,50.0,20,constant,sim006_10,3,250,250,1.22208,1.22888,1.49358,0.4545,0.4714,0.47692,0.34369,0.26347,0.26479,short
0.1,20.0,2.0,50.0,20,constant,sim006_10,3,250,250,1.24847,1.25661,1.63042,0.46224,0.48435,0.49102,0.34945,0.24672,0.24828,short
0.1,28.0,2.0,50.0,20,constant,sim006_10,3,250,250,1.26181,1.27064,1.71299,0.46601,0.49117,0.49842,0.35272,0.23742,0.23907,short
0.1,32.0,2.0,50.0,20,constant,sim006_10,3,250,250,1.26632,1.27538,1.74324,0.46726,0.49353,0.50097,0.35387,0.23416,0.23584,short
0.1,40.0,2.0,50.0,20,constant,sim006_10,3,250,250,1.27297,1.28238,1.79016,0.46909,0.49705,0.50478,0.35562,0.22925,0.23096,short
0.1,48.0,2.0,50.0,20,constant,sim006_10,3,250,250,1.27766,1.2873,1.82493,0.47036,0.49957,0.5075,0.35689,0.22572,0.22745,short
0.15,4.0,2.0,50.0,20,constant,sim006_15,3,250,250,1.21385,1.21591,1.32943,0.45703,0.46597,0.4674,0.33175,0.29015,0.29021,short
0.15,12.0,2.0,50.0,20,constant,sim006_15,3,250,250,1.34771,1.35243,1.7842,0.50298,0.52856,0.53292,0.34812,0.23994,0.24031,short
0.15,20.0,2.0,50.0,20,constant,sim006_15,3,250,250,1.39027,1.39582,2.01805,0.51676,0.55035,0.55619,0.35516,0.21887,0.21939,short
0.15,28.0,2.0,50.0,20,constant,sim006_15,3,250,250,1.41184,1.41774,2.16308,0.52357,0.5619,0.56865,0.35906,0.20734,0.20795,short
0.15,32.0,2.0,50.0,20,constant,sim006_15,3,250,250,1.41914,1.42514,2.21701,0.52585,0.5659,0.57298,0.36042,0.20331,0.20397,short
0.15,40.0,2.0,50.0,20,constant,sim006_15,3,250,250,1.42992,1.43604,2.30151,0.52919,0.5719,0.5795,0.36247,0.19727,0.198,short
0.15,48.0,2.0,50.0,20,constant,sim006_15,3,250,250,1.43753,1.44371,2.36486,0.53153,0.5762,0.58418,0.36395,0.19293,0.19373,short
0.2,4.0,2.0,50.0,20,constant,sim006_20,3,250,250,1.28992,1.29271,1.44265,0.48586,0.49868,0.49955,0.33056,0.281,0.28051,short
0.2,12.0,2.0,50.0,20,constant,sim006_20,3,250,250,1.47698,1.48385,2.07866,0.551,0.58873,0.59099,0.34783,0.22385,0.22257,short
0.2,20.0,2.0,50.0,20,constant,sim006_20,3,250,250,1.537,1.54538,2.41899,0.57111,0.62135,0.62414,0.35485,0.20058,0.19891,short
0.2,28.0,2.0,50.0,20,constant,sim006_20,3,250,250,1.56751,1.57665,2.63513,0.58118,0.63901,0.64208,0.35866,0.18797,0.18611,short
0.2,32.0,2.0,50.0,20,constant,sim006_20,3,250,250,1.57785,1.58724,2.71654,0.58457,0.6452,0.64836,0.35997,0.1836,0.18166,short
0.2,40.0,2.0,50.0,20,constant,sim006_20,3,250,250,1.59314,1.6029,2.84528,0.58956,0.65455,0.65784,0.36194,0.17705,0.17501,short
0.2,48.0,2.0,50.0,20,constant,sim006_20,3,250,250,1.60395,1.61396,2.94277,0.59307,0.66131,0.66469,0.36334,0.17237,0.17025,short
0.25,4.0,2.0,50.0,20,constant,sim006_25,3,250,250,1.37721,1.37631,1.56164,0.51819,0.53447,0.53414,0.32844,0.27264,0.27287,short
0.25,12.0,2.0,50.0,20,constant,sim006_25,3,250,250,1.63642,1.6342,2.39999,0.60776,0.65705,0.65634,0.34526,0.20967,0.21043,short
0.25,20.0,2.0,50.0,20,constant,sim006_25,3,250,250,1.72186,1.71921,2.86436,0.63635,0.70261,0.70182,0.35173,0.18444,0.18545,short
0.25,28.0,2.0,50.0,20,constant,sim006_25,3,250,250,1.76566,1.76282,3.16527,0.65084,0.7275,0.7267,0.35515,0.17086,0.17201,short
0.25,32.0,2.0,50.0,20,constant,sim006_25,3,250,250,1.78056,1.77767,3.27986,0.65576,0.73626,0.73545,0.35633,0.16616,0.16735,short
0.25,40.0,2.0,50.0,20,constant,sim006_25,3,250,250,1.80263,1.79967,3.46247,0.66302,0.74952,0.74872,0.35806,0.15914,0.16039,short
0.25,48.0,2.0,50.0,20,constant,sim006_25,3,250,250,1.81826,1.81527,3.60191,0.66816,0.75914,0.75836,0.35929,0.15412,0.15541,short
0.3,4.0,2.0,50.0,20,constant,sim006_30,3,250,250,1.47042,1.46984,1.68574,0.55334,0.57251,0.57272,0.32455,0.26593,0.26623,short
0.3,12.0,2.0,50.0,20,constant,sim006_30,3,250,250,1.81216,1.81121,2.746,0.67233,0.73236,0.73334,0.3389,0.19951,0.20033,short
0.3,20.0,2.0,50.0,20,constant,sim006_30,3,250,250,1.92756,1.92662,3.35175,0.71155,0.79343,0.79496,0.34413,0.17313,0.1742,short
0.3,28.0,2.0,50.0,20,constant,sim006_30,3,250,250,1.98716,1.98629,3.75146,0.73166,0.82716,0.82909,0.34684,0.15896,0.16017,short
0.3,32.0,2.0,50.0,20,constant,sim006_30,3,250,250,2.00751,2.00666,3.90519,0.7385,0.83908,0.84118,0.34776,0.15405,0.15532,short
0.3,40.0,2.0,50.0,20,constant,sim006_30,3,250,250,2.03769,2.03689,4.15193,0.74864,0.8572,0.85956,0.34911,0.14672,0.14807,short
0.3,48.0,2.0,50.0,20,constant,sim006_30,3,250,250,2.05911,2.05837,4.34182,0.75583,0.87038,0.87295,0.35006,0.14149,0.1429,short
0.1,4.0,3.0,50.0,0,constant,sim007_10,3,250,250,1.14303,1.1431,1.21524,0.43061,0.43712,0.43734,0.33302,0.3019,0.30196,short
0.1,12.0,3.0,50.0,0,constant,sim007_10,3,250,250,1.23318,1.23391,1.47495,0.46275,0.48147,0.48209,0.34669,0.26687,0.26679,short
0.1,20.0,3.0,50.0,0,constant,sim007_10,3,250,250,1.26234,1.26355,1.59343,0.47283,0.49735,0.49819,0.35248,0.25222,0.25198,short
0.1,28.0,3.0,50.0,0,constant,sim007_10,3,250,250,1.27716,1.27869,1.66226,0.47789,0.50577,0.50678,0.35565,0.24422,0.24387,short
0.1,32.0,3.0,50.0,0,constant,sim007_10,3,250,250,1.28217,1.28383,1.68697,0.47959,0.50868,0.50975,0.35676,0.24144,0.24104,short
0.1,40.0,3.0,50.0,0,constant,sim007_10,3,250,250,1.28954,1.2914,1.72474,0.48209,0.51302,0.51418,0.3584,0.23729,0.23682,short
0.1,48.0,3.0,50.0,0,constant,sim007_10,3,250,250,1.29471,1.29673,1.75229,0.48383,0.51611,0.51735,0.35958,0.23433,0.2338,short
0.15,4.0,3.0,50.0,0,constant,sim007_15,3,250,250,1.22345,1.2252,1.33019,0.459,0.46979,0.47093,0.33108,0.29106,0.29135,short
0.15,12.0,3.0,50.0,0,constant,sim007_15,3,250,250,1.37301,1.37764,1.75015,0.50879,0.54089,0.54365,0.34524,0.24573,0.24648,short
0.15,20.0,3.0,50.0,0,constant,sim007_15,3,250,250,1.4227,1.42844,1.95065,0.52457,0.56721,0.57058,0.35105,0.22723,0.22808,short
0.15,28.0,3.0,50.0,0,constant,sim007_15,3,250,250,1.4482,1.45451,2.07008,0.53254,0.58142,0.58511,0.35421,0.21721,0.2181,short
0.15,32.0,3.0,50.0,0,constant,sim007_15,3,250,250,1.45686,1.46336,2.11354,0.53522,0.58637,0.59017,0.3553,0.21373,0.21464,short
0.15,40.0,3.0,50.0,0,constant,sim007_15,3,250,250,1.46964,1.47643,2.18057,0.53917,0.5938,0.59776,0.35694,0.20854,0.20947,short
0.15,48.0,3.0,50.0,0,constant,sim007_15,3,250,250,1.47866,1.48563,2.22996,0.54195,0.59913,0.60321,0.35811,0.20484,0.20578,short
0.2,4.0,3.0,50.0,0,constant,sim007_20,3,250,250,1.2972,1.30227,1.44337,0.48668,0.5005,0.50261,0.33013,0.28145,0.28129,short
0.2,12.0,3.0,50.0,0,constant,sim007_20,3,250,250,1.49804,1.51306,2.04551,0.5545,0.59557,0.60156,0.34574,0.22749,0.22701,short
0.2,20.0,3.0,50.0,0,constant,sim007_20,3,250,250,1.56473,1.58407,2.35045,0.57623,0.63092,0.63871,0.35189,0.20582,0.20505,short
0.2,28.0,3.0,50.0,0,constant,sim007_20,3,250,250,1.59898,1.62068,2.53794,0.58725,0.6501,0.65892,0.35518,0.19414,0.1932,short
0.2,32.0,3.0,50.0,0,constant,sim007_20,3,250,250,1.61063,1.63314,2.60729,0.59098,0.6568,0.66598,0.35632,0.1901,0.1891,short
0.2,40.0,3.0,50.0,0,constant,sim007_20,3,250,250,1.62784,1.65155,2.71548,0.59647,0.66689,0.67662,0.358,0.18407,0.18299,short
0.2,48.0,3.0,50.0,0,constant,sim007_20,3,250,250,1.64,1.66454,2.79613,0.60033,0.67415,0.68427,0.35919,0.17979,0.17864,short
0.25,4.0,3.0,50.0,0,constant,sim007_25,3,250,250,1.39224,1.39417,1.57218,0.52458,0.54206,0.54259,0.32844,0.27297,0.27243,short
0.25,12.0,3.0,50.0,0,constant,sim007_25,3,250,250,1.67993,1.68503,2.38995,0.62563,0.68211,0.68335,0.34463,0.2137,0.21219,short
0.25,20.0,3.0,50.0,0,constant,sim007_25,3,250,250,1.78056,1.78709,2.82473,0.66011,0.73784,0.73929,0.35058,0.19008,0.18815,short
0.25,28.0,3.0,50.0,0,constant,sim007_25,3,250,250,1.83345,1.84084,3.09979,0.67808,0.76905,0.77061,0.35365,0.17736,0.17519,short
0.25,32.0,3.0,50.0,0,constant,sim007_25,3,250,250,1.85164,1.85934,3.20311,0.68424,0.78012,0.78173,0.35469,0.17296,0.1707,short
0.25,40.0,3.0,50.0,0,constant,sim007_25,3,250,250,1.87874,1.88693,3.36608,0.69339,0.79698,0.79864,0.35622,0.16639,0.164,short
0.25,48.0,3.0,50.0,0,constant,sim007_25,3,250,250,1.89802,1.9066,3.48905,0.6999,0.80924,0.81095,0.35728,0.16171,0.15923,short
0.3,4.0,3.0,50.0,0,constant,sim007_30,3,250,250,1.47579,1.46768,1.68349,0.55863,0.57783,0.57289,0.32971,0.2657,0.26516,short
0.3,12.0,3.0,50.0,0,constant,sim007_30,3,250,250,1.83733,1.81197,2.6802,0.69018,0.75253,0.7381,0.35032,0.20258,0.20147,short
0.3,20.0,3.0,50.0,0,constant,sim007_30,3,250,250,1.96515,1.93179,3.21687,0.73614,0.82235,0.80337,0.35767,0.17777,0.17678,short
0.3,28.0,3.0,50.0,0,constant,sim007_30,3,250,250,2.03245,1.99454,3.55831,0.76025,0.86147,0.8398,0.36144,0.16448,0.16363,short
0.3,32.0,3.0,50.0,0,constant,sim007_30,3,250,250,2.0556,2.01606,3.68691,0.76852,0.87535,0.85272,0.36271,0.15988,0.1591,short
0.3,40.0,3.0,50.0,0,constant,sim007_30,3,250,250,2.09006,2.04806,3.89011,0.78084,0.89646,0.87235,0.36457,0.15303,0.15237,short
0.3,48.0,3.0,50.0,0,constant,sim007_30,3,250,250,2.11458,2.0708,4.0437,0.78958,0.91181,0.88662,0.36587,0.14816,0.14758,short
0.1,4.0,3.0,50.0,10,constant,sim008_10,3,250,250,1.14303,1.1431,1.21524,0.43061,0.43712,0.43734,0.33302,0.3019,0.30196,short
0.1,12.0,3.0,50.0,10,constant,sim008_10,3,250,250,1.23318,1.23391,1.47495,0.46275,0.48147,0.48209,0.34669,0.26687,0.26679,short
0.1,20.0,3.0,50.0,10,constant,sim008_10,3,250,250,1.26234,1.26355,1.59343,0.47283,0.49735,0.49819,0.35248,0.25222,0.25198,short
0.1,28.0,3.0,50.0,10,constant,sim008_10,3,250,250,1.27716,1.27869,1.66226,0.47789,0.50577,0.50678,0.35565,0.24422,0.24387,short
0.1,32.0,3.0,50.0,10,constant,sim008_10,3,250,250,1.28217,1.28383,1.68697,0.47959,0.50868,0.50975,0.35676,0.24144,0.24104,short
0.1,40.0,3.0,50.0,10,constant,sim008_10,3,250,250,1.28954,1.2914,1.72474,0.48209,0.51302,0.51418,0.3584,0.23729,0.23682,short
0.1,48.0,3.0,50.0,10,constant,sim008_10,3,250,250,1.29471,1.29673,1.75229,0.48383,0.51611,0.51735,0.35958,0.23433,0.2338,short
0.15,4.0,3.0,50.0,10,constant,sim008_15,3,250,250,1.22345,1.2252,1.33019,0.459,0.46979,0.47093,0.33108,0.29106,0.29135,short
0.15,12.0,3.0,50.0,10,constant,sim008_15,3,250,250,1.37301,1.37764,1.75015,0.50879,0.54089,0.54365,0.34524,0.24573,0.24648,short
0.15,20.0,3.0,50.0,10,constant,sim008_15,3,250,250,1.4227,1.42844,1.95065,0.52457,0.56721,0.57058,0.35105,0.22723,0.22808,short
0.15,28.0,3.0,50.0,10,constant,sim008_15,3,250,250,1.4482,1.45451,2.07008,0.53254,0.58142,0.58511,0.35421,0.21721,0.2181,short
0.15,32.0,3.0,50.0,10,constant,sim008_15,3,250,250,1.45686,1.46336,2.11354,0.53522,0.58637,0.59017,0.3553,0.21373,0.21464,short
0.15,40.0,3.0,50.0,10,constant,sim008_15,3,250,250,1.46964,1.47643,2.18057,0.53917,0.5938,0.59776,0.35694,0.20854,0.20947,short
0.15,48.0,3.0,50.0,10,constant,sim008_15,3,250,250,1.47866,1.48563,2.22996,0.54195,0.59913,0.60321,0.35811,0.20484,0.20578,short
0.2,4.0,3.0,50.0,10,constant,sim008_20,3,250,250,1.2972,1.30227,1.44337,0.48668,0.5005,0.50261,0.33013,0.28145,0.28129,short
0.2,12.0,3.0,50.0,10,constant,sim008_20,3,250,250,1.49804,1.51306,2.04551,0.5545,0.59557,0.60156,0.34574,0.22749,0.22701,short
0.2,20.0,3.0,50.0,10,constant,sim008_20,3,250,250,1.56473,1.58407,2.35045,0.57623,0.63092,0.63871,0.35189,0.20582,0.20505,short
0.2,28.0,3.0,50.0,10,constant,sim008_20,3,250,250,1.59898,1.62068,2.53794,0.58725,0.6501,0.65892,0.35518,0.19414,0.1932,short
0.2,32.0,3.0,50.0,10,constant,sim008_20,3,250,250,1.61063,1.63314,2.60729,0.59098,0.6568,0.66598,0.35632,0.1901,0.1891,short
0.2,40.0,3.0,50.0,10,constant,sim008_20,3,250,250,1.62784,1.65155,2.71548,0.59647,0.66689,0.67662,0.358,0.18407,0.18299,short
0.2,48.0,3.0,50.0,10,constant,sim008_20,3,250,250,1.64,1.66454,2.79613,0.60033,0.67415,0.68427,0.35919,0.17979,0.17864,short
0.25,4.0,3.0,50.0,10,constant,sim008_25,3,250,250,1.38525,1.38149,1.5589,0.52044,0.53782,0.53593,0.33003,0.27333,0.27328,short
0.25,12.0,3.0,50.0,10,constant,sim008_25,3,250,250,1.66407,1.65321,2.33916,0.61615,0.67009,0.6644,0.34829,0.21463,0.21433,short
0.25,20.0,3.0,50.0,10,constant,sim008_25,3,250,250,1.75994,1.74596,2.7437,0.64816,0.72141,0.71373,0.35509,0.19143,0.19111,short
0.25,28.0,3.0,50.0,10,constant,sim008_25,3,250,250,1.80982,1.79412,2.99571,0.66468,0.74983,0.74091,0.35865,0.179,0.17869,short
0.25,32.0,3.0,50.0,10,constant,sim008_25,3,250,250,1.82688,1.81057,3.08958,0.67031,0.75986,0.75048,0.35986,0.17471,0.1744,short
0.25,40.0,3.0,50.0,10,constant,sim008_25,3,250,250,1.85218,1.83495,3.23673,0.67865,0.77507,0.76497,0.36164,0.16832,0.16802,short
0.25,48.0,3.0,50.0,10,constant,sim008_25,3,250,250,1.8701,1.85223,3.34703,0.68456,0.7861,0.77546,0.36289,0.16377,0.16349,short
0.3,4.0,3.0,50.0,10,constant,sim008_30,3,250,250,1.47579,1.46768,1.68349,0.55863,0.57783,0.57289,0.32971,0.2657,0.26516,short
0.3,12.0,3.0,50.0,10,constant,sim008_30,3,250,250,1.83733,1.81197,2.6802,0.69018,0.75253,0.7381,0.35032,0.20258,0.20147,short
0.3,20.0,3.0,50.0,10,constant,sim008_30,3,250,250,1.96515,1.93179,3.21687,0.73614,0.82235,0.80337,0.35767,0.17777,0.17678,short
0.3,28.0,3.0,50.0,10,constant,sim008_30,3,250,250,2.03245,1.99454,3.55831,0.76025,0.86147,0.8398,0.36144,0.16448,0.16363,short
0.3,32.0,3.0,50.0,10,constant,sim008_30,3,250,250,2.0556,2.01606,3.68691,0.76852,0.87535,0.85272,0.36271,0.15988,0.1591,short
0.3,40.0,3.0,50.0,10,constant,sim008_30,3,250,250,2.09006,2.04806,3.89011,0.78084,0.89646,0.87235,0.36457,0.15303,0.15237,short
0.3,48.0,3.0,50.0,10,constant,sim008_30,3,250,250,2.11458,2.0708,4.0437,0.78958,0.91181,0.88662,0.36587,0.14816,0.14758,short
0.1,4.0,3.0,50.0,20,constant,sim009_10,3,250,250,1.14303,1.1431,1.21524,0.43061,0.43712,0.43734,0.33302,0.3019,0.30196,short
0.1,12.0,3.0,50.0,20,constant,sim009_10,3,250,250,1.23318,1.23391,1.47495,0.46275,0.48147,0.48209,0.34669,0.26687,0.26679,short
0.1,20.0,3.0,50.0,20,constant,sim009_10,3,250,250,1.26234,1.26355,1.59343,0.47283,0.49735,0.49819,0.35248,0.25222,0.25198,short
0.1,28.0,3.0,50.0,20,constant,sim009_10,3,250,250,1.27716,1.27869,1.66226,0.47789,0.50577,0.50678,0.35565,0.24422,0.24387,short
0.1,32.0,3.0,50.0,20,constant,sim009_10,3,250,250,1.28217,1.28383,1.68697,0.47959,0.50868,0.50975,0.35676,0.24144,0.24104,short
0.1,40.0,3.0,50.0,20,constant,sim009_10,3,250,250,1.28954,1.2914,1.72474,0.48209,0.51302,0.51418,0.3584,0.23729,0.23682,short
0.1,48.0,3.0,50.0,20,constant,sim009_10,3,250,250,1.29471,1.29673,1.75229,0.48383,0.51611,0.51735,0.35958,0.23433,0.2338,short
0.15,4.0,3.0,50.0,20,constant,sim009_15,3,250,250,1.22345,1.2252,1.33019,0.459,0.46979,0.47093,0.33108,0.29106,0.29135,short
0.15,12.0,3.0,50.0,20,constant,sim009_15,3,250,250,1.37301,1.37764,1.75015,0.50879,0.54089,0.54365,0.34524,0.24573,0.24648,short
0.15,20.0,3.0,50.0,20,constant,sim009_15,3,250,250,1.4227,1.42844,1.95065,0.52457,0.56721,0.57058,0.35105,0.22723,0.22808,short
0.15,28.0,3.0,50.0,20,constant,sim009_15,3,250,250,1.4482,1.45451,2.07008,0.53254,0.58142,0.58511,0.35421,0.21721,0.2181,short
0.15,32.0,3.0,50.0,20,constant,sim009_15,3,250,250,1.45686,1.46336,2.11354,0.53522,0.58637,0.59017,0.3553,0.21373,0.21464,short
0.15,40.0,3.0,50.0,20,constant,sim009_15,3,250,250,1.46964,1.47643,2.18057,0.53917,0.5938,0.59776,0.35694,0.20854,0.20947,short
0.15,48.0,3.0,50.0,20,constant,sim009_15,3,250,250,1.47866,1.48563,2.22996,0.54195,0.59913,0.60321,0.35811,0.20484,0.20578,short
0.2,4.0,3.0,50.0,20,constant,sim009_20,3,250,250,1.2972,1.30227,1.44337,0.48668,0.5005,0.50261,0.33013,0.28145,0.28129,short
0.2,12.0,3.0,50.0,20,constant,sim009_20,3,250,250,1.49804,1.51306,2.04551,0.5545,0.59557,0.60156,0.34574,0.22749,0.22701,short
0.2,20.0,3.0,50.0,20,constant,sim009_20,3,250,250,1.56473,1.58407,2.35045,0.57623,0.63092,0.63871,0.35189,0.20582,0.20505,short
0.2,28.0,3.0,50.0,20,constant,sim009_20,3,250,250,1.59898,1.62068,2.53794,0.58725,0.6501,0.65892,0.35518,0.19414,0.1932,short
0.2,32.0,3.0,50.0,20,constant,sim009_20,3,250,250,1.61063,1.63314,2.60729,0.59098,0.6568,0.66598,0.35632,0.1901,0.1891,short
0.2,40.0,3.0,50.0,20,constant,sim009_20,3,250,250,1.62784,1.65155,2.71548,0.59647,0.66689,0.67662,0.358,0.18407,0.18299,short
0.2,48.0,3.0,50.0,20,constant,sim009_20,3,250,250,1.64,1.66454,2.79613,0.60033,0.67415,0.68427,0.35919,0.17979,0.17864,short
0.25,4.0,3.0,50.0,20,constant,sim009_25,3,250,250,1.38525,1.38149,1.5589,0.52044,0.53782,0.53593,0.33003,0.27333,0.27328,short
0.25,12.0,3.0,50.0,20,constant,sim009_25,3,250,250,1.66407,1.65321,2.33916,0.61615,0.67009,0.6644,0.34829,0.21463,0.21433,short
0.25,20.0,3.0,50.0,20,constant,sim009_25,3,250,250,1.75994,1.74596,2.7437,0.64816,0.72141,0.71373,0.35509,0.19143,0.19111,short
0.25,28.0,3.0,50.0,20,constant,sim009_25,3,250,250,1.80982,1.79412,2.99571,0.66468,0.74983,0.74091,0.35865,0.179,0.17869,short
0.25,32.0,3.0,50.0,20,constant,sim009_25,3,250,250,1.82688,1.81057,3.08958,0.67031,0.75986,0.75048,0.35986,0.17471,0.1744,short
0.25,40.0,3.0,50.0,20,constant,sim009_25,3,250,250,1.85218,1.83495,3.23673,0.67865,0.77507,0.76497,0.36164,0.16832,0.16802,short
0.25,48.0,3.0,50.0,20,constant,sim009_25,3,250,250,1.8701,1.85223,3.34703,0.68456,0.7861,0.77546,0.36289,0.16377,0.16349,short
0.3,4.0,3.0,50.0,20,constant,sim009_30,3,250,250,1.47579,1.46768,1.68349,0.55863,0.57783,0.57289,0.32971,0.2657,0.26516,short
0.3,12.0,3.0,50.0,20,constant,sim009_30,3,250,250,1.83733,1.81197,2.6802,0.69018,0.75253,0.7381,0.35032,0.20258,0.20147,short
0.3,20.0,3.0,50.0,20,constant,sim009_30,3,250,250,1.96515,1.93179,3.21687,0.73614,0.82235,0.80337,0.35767,0.17777,0.17678,short
0.3,28.0,3.0,50.0,20,constant,sim009_30,3,250,250,2.03245,1.99454,3.55831,0.76025,0.86147,0.8398,0.36144,0.16448,0.16363,short
0.3,32.0,3.0,50.0,20,constant,sim009_30,3,250,250,2.0556,2.01606,3.68691,0.76852,0.87535,0.85272,0.36271,0.15988,0.1591,short
0.3,40.0,3.0,50.0,20,constant,sim009_30,3,250,250,2.09006,2.04806,3.89011,0.78084,0.89646,0.87235,0.36457,0.15303,0.15237,short
0.3,48.0,3.0,50.0,20,constant,sim009_30,3,250,250,2.11458,2.0708,4.0437,0.78958,0.91181,0.88662,0.36587,0.14816,0.14758,short
0.1,4.0,1.0,100.0,0,constant,sim010_10,3,250,400,1.1454,1.14564,1.25696,0.42906,0.43558,0.43549,0.33517,0.29294,0.2928,medium
0.1,12.0,1.0,100.0,0,constant,sim010_10,3,250,400,1.23996,1.24069,1.7695,0.45615,0.47543,0.4747,0.36009,0.22674,0.22621,medium
0.1,20.0,1.0,100.0,0,constant,sim010_10,3,250,400,1.27248,1.27347,2.14749,0.4636,0.49037,0.48903,0.3735,0.19311,0.19231,medium
0.1,28.0,1.0,100.0,0,constant,sim010_10,3,250,400,1.2897,1.29085,2.44245,0.46715,0.4992,0.49733,0.3816,0.17312,0.17213,medium
0.1,32.0,1.0,100.0,0,constant,sim010_10,3,250,400,1.29565,1.29686,2.56736,0.46832,0.5025,0.5004,0.38456,0.16589,0.16482,medium
0.1,40.0,1.0,100.0,0,constant,sim010_10,3,250,400,1.30454,1.30585,2.78287,0.47,0.50776,0.50525,0.3891,0.15479,0.15359,medium
0.1,48.0,1.0,100.0,0,constant,sim010_10,3,250,400,1.31088,1.31227,2.96249,0.47117,0.51182,0.50897,0.39244,0.14666,0.14537,medium
0.15,4.0,1.0,100.0,0,constant,sim010_15,3,250,400,1.22407,1.22457,1.38576,0.45845,0.46822,0.4687,0.3343,0.28012,0.2802,medium
0.15,12.0,1.0,100.0,0,constant,sim010_15,3,250,400,1.37137,1.37264,2.16321,0.50355,0.53315,0.53461,0.36017,0.20244,0.20269,medium
0.15,20.0,1.0,100.0,0,constant,sim010_15,3,250,400,1.41992,1.42151,2.74561,0.51648,0.558,0.56002,0.37282,0.16654,0.16682,medium
0.15,28.0,1.0,100.0,0,constant,sim010_15,3,250,400,1.44489,1.44667,3.20625,0.52273,0.57278,0.57522,0.38011,0.14617,0.14644,medium
0.15,32.0,1.0,100.0,0,constant,sim010_15,3,250,400,1.45338,1.45524,3.40305,0.5248,0.57834,0.58095,0.3827,0.13897,0.13922,medium
0.15,40.0,1.0,100.0,0,constant,sim010_15,3,250,400,1.46596,1.46794,3.74517,0.52781,0.58725,0.59017,0.38663,0.12807,0.12831,medium
0.15,48.0,1.0,100.0,0,constant,sim010_15,3,250,400,1.47486,1.47693,4.0329,0.52992,0.59418,0.59735,0.38946,0.12022,0.12043,medium
0.2,4.0,1.0,100.0,0,constant,sim010_20,3,250,400,1.30923,1.30877,1.51957,0.4902,0.50391,0.50346,0.33219,0.26944,0.26937,medium
0.2,12.0,1.0,100.0,0,constant,sim010_20,3,250,400,1.51996,1.51865,2.59471,0.55729,0.59941,0.59795,0.35689,0.18457,0.18439,medium
0.2,20.0,1.0,100.0,0,constant,sim010_20,3,250,400,1.58882,1.58715,3.42322,0.57726,0.6364,0.63436,0.36816,0.14768,0.14748,medium
0.2,28.0,1.0,100.0,0,constant,sim010_20,3,250,400,1.62387,1.62199,4.09271,0.58705,0.65836,0.65591,0.37446,0.12733,0.12712,medium
0.2,32.0,1.0,100.0,0,constant,sim010_20,3,250,400,1.63573,1.63378,4.38264,0.59032,0.66659,0.66399,0.37667,0.12023,0.12002,medium
0.2,40.0,1.0,100.0,0,constant,sim010_20,3,250,400,1.65323,1.65116,4.89224,0.59509,0.67978,0.67692,0.37996,0.10959,0.10937,medium
0.2,48.0,1.0,100.0,0,constant,sim010_20,3,250,400,1.66557,1.66341,5.3264,0.59844,0.69003,0.68695,0.38231,0.10199,0.10177,medium
0.25,4.0,1.0,100.0,0,constant,sim010_25,3,250,400,1.39699,1.39641,1.65267,0.52584,0.54179,0.54154,0.32972,0.26073,0.26076,medium
0.25,12.0,1.0,100.0,0,constant,sim010_25,3,250,400,1.67741,1.67564,3.0205,0.62174,0.67357,0.67272,0.35213,0.17261,0.17263,medium
0.25,20.0,1.0,100.0,0,constant,sim010_25,3,250,400,1.76974,1.76744,4.09116,0.65166,0.72609,0.72486,0.36163,0.13593,0.13595,medium
0.25,28.0,1.0,100.0,0,constant,sim010_25,3,250,400,1.81678,1.81421,4.96791,0.66661,0.75752,0.75604,0.36678,0.11605,0.11605,medium
0.25,32.0,1.0,100.0,0,constant,sim010_25,3,250,400,1.83272,1.83005,5.35099,0.67163,0.76937,0.76778,0.36855,0.10917,0.10916,medium
0.25,40.0,1.0,100.0,0,constant,sim010_25,3,250,400,1.85626,1.85344,6.02956,0.67902,0.78842,0.78664,0.37116,0.0989,0.09888,medium
0.25,48.0,1.0,100.0,0,constant,sim010_25,3,250,400,1.87289,1.86997,6.61312,0.68423,0.80329,0.80136,0.373,0.09161,0.09156,medium
0.3,4.0,1.0,100.0,0,constant,sim010_30,3,250,400,1.49524,1.4937,1.78958,0.5646,0.58332,0.58283,0.32505,0.25392,0.25405,medium
0.3,12.0,1.0,100.0,0,constant,sim010_30,3,250,400,1.86693,1.862,3.4798,0.69605,0.75928,0.75831,0.34286,0.16381,0.16418,medium
0.3,20.0,1.0,100.0,0,constant,sim010_30,3,250,400,1.99233,1.98585,4.83353,0.739,0.83058,0.82997,0.35004,0.12707,0.12756,medium
0.3,28.0,1.0,100.0,0,constant,sim010_30,3,250,400,2.05667,2.04934,5.96208,0.7608,0.87301,0.87296,0.35383,0.10731,0.10787,medium
0.3,32.0,1.0,100.0,0,constant,sim010_30,3,250,400,2.07853,2.07091,6.46088,0.76818,0.88891,0.88916,0.35512,0.10049,0.10108,medium
0.3,40.0,1.0,100.0,0,constant,sim010_30,3,250,400,2.11085,2.1028,7.35297,0.77908,0.91435,0.91518,0.35699,0.09035,0.09096,medium
0.3,48.0,1.0,100.0,0,constant,sim010_30,3,250,400,2.13372,2.12536,8.12895,0.78679,0.93412,0.9355,0.35828,0.08316,0.08379,medium
0.1,4.0,1.0,100.0,10,constant,sim011_10,3,250,400,1.13999,1.14042,1.23034,0.42797,0.43475,0.43498,0.33185,0.29861,0.29854,medium
0.1,12.0,1.0,100.0,10,constant,sim011_10,3,250,400,1.23473,1.23583,1.67315,0.45692,0.47915,0.47978,0.3511,0.24059,0.24032,medium
0.1,20.0,1.0,100.0,10,constant,sim011_10,3,250,400,1.26828,1.26961,1.99849,0.4654,0.49714,0.49795,0.36242,0.2093,0.20894,medium
0.1,28.0,1.0,100.0,10,constant,sim011_10,3,250,400,1.2865,1.28793,2.25345,0.46959,0.508,0.50892,0.36955,0.19005,0.18965,medium
0.1,32.0,1.0,100.0,10,constant,sim011_10,3,250,400,1.2929,1.29437,2.36187,0.47101,0.51209,0.51306,0.3722,0.18295,0.18254,medium
0.1,40.0,1.0,100.0,10,constant,sim011_10,3,250,400,1.30263,1.30415,2.5498,0.4731,0.51864,0.51967,0.37635,0.17191,0.17148,medium
0.1,48.0,1.0,100.0,10,constant,sim011_10,3,250,400,1.30973,1.31127,2.70744,0.47459,0.52372,0.5248,0.37943,0.16369,0.16327,medium
0.15,4.0,1.0,100.0,10,constant,sim011_15,3,250,400,1.21499,1.2154,1.34857,0.45629,0.46615,0.46687,0.33079,0.28666,0.28693,medium
0.15,12.0,1.0,100.0,10,constant,sim011_15,3,250,400,1.36222,1.36332,2.0317,0.50351,0.53631,0.53872,0.35133,0.21622,0.21709,medium
0.15,20.0,1.0,100.0,10,constant,sim011_15,3,250,400,1.41245,1.41386,2.54368,0.51776,0.56494,0.56835,0.36226,0.18168,0.1828,medium
0.15,28.0,1.0,100.0,10,constant,sim011_15,3,250,400,1.43893,1.44055,2.95107,0.52488,0.58227,0.58638,0.36879,0.16147,0.16271,medium
0.15,32.0,1.0,100.0,10,constant,sim011_15,3,250,400,1.4481,1.4498,3.12602,0.52729,0.5888,0.5932,0.37115,0.1542,0.15548,medium
0.15,40.0,1.0,100.0,10,constant,sim011_15,3,250,400,1.46186,1.46371,3.43169,0.53087,0.59928,0.60415,0.37477,0.14308,0.14442,medium
0.15,48.0,1.0,100.0,10,constant,sim011_15,3,250,400,1.47179,1.47375,3.69056,0.53342,0.60743,0.61268,0.37741,0.13496,0.13633,medium
0.2,4.0,1.0,100.0,10,constant,sim011_20,3,250,400,1.29559,1.29506,1.46915,0.48783,0.50072,0.50078,0.32865,0.27701,0.27714,medium
0.2,12.0,1.0,100.0,10,constant,sim011_20,3,250,400,1.50536,1.5038,2.40856,0.55905,0.60343,0.60441,0.34813,0.19953,0.19986,medium
0.2,20.0,1.0,100.0,10,constant,sim011_20,3,250,400,1.57666,1.57465,3.12955,0.58154,0.64625,0.64837,0.35775,0.16379,0.16419,medium
0.2,28.0,1.0,100.0,10,constant,sim011_20,3,250,400,1.61396,1.6117,3.71398,0.59296,0.67229,0.67549,0.36329,0.14348,0.1439,medium
0.2,32.0,1.0,100.0,10,constant,sim011_20,3,250,400,1.62682,1.62447,3.96795,0.59685,0.68215,0.68584,0.36526,0.13627,0.13671,medium
0.2,40.0,1.0,100.0,10,constant,sim011_20,3,250,400,1.64608,1.64359,4.41603,0.60266,0.69799,0.70258,0.36823,0.12535,0.1258,medium
0.2,48.0,1.0,100.0,10,constant,sim011_20,3,250,400,1.65994,1.65735,4.79985,0.60682,0.71034,0.71573,0.37036,0.11745,0.11791,medium
0.25,4.0,1.0,100.0,10,constant,sim011_25,3,250,400,1.37934,1.37997,1.58999,0.52138,0.53683,0.53688,0.32508,0.2694,0.26921,medium
0.25,12.0,1.0,100.0,10,constant,sim011_25,3,250,400,1.66006,1.66209,2.7918,0.62153,0.67785,0.67795,0.34078,0.18866,0.18797,medium
0.25,20.0,1.0,100.0,10,constant,sim011_25,3,250,400,1.75668,1.75934,3.73282,0.65466,0.73885,0.7391,0.34806,0.15289,0.15193,medium
0.25,28.0,1.0,100.0,10,constant,sim011_25,3,250,400,1.80739,1.81038,4.50858,0.6718,0.77657,0.777,0.35212,0.1329,0.13177,medium
0.25,32.0,1.0,100.0,10,constant,sim011_25,3,250,400,1.8249,1.82801,4.84946,0.67769,0.79095,0.79149,0.35353,0.12587,0.12467,medium
0.25,40.0,1.0,100.0,10,constant,sim011_25,3,250,400,1.85118,1.85445,5.45666,0.68651,0.81422,0.81496,0.35563,0.11526,0.11397,medium
0.25,48.0,1.0,100.0,10,constant,sim011_25,3,250,400,1.87013,1.8735,5.98275,0.69287,0.83249,0.83343,0.35709,0.10762,0.10626,medium
0.3,4.0,1.0,100.0,10,constant,sim011_30,3,250,400,1.47008,1.47137,1.71479,0.557,0.57501,0.57524,0.32049,0.26287,0.26261,medium
0.3,12.0,1.0,100.0,10,constant,sim011_30,3,250,400,1.83642,1.84021,3.20332,0.69065,0.75875,0.75852,0.33148,0.17974,0.17892,medium
0.3,20.0,1.0,100.0,10,constant,sim011_30,3,250,400,1.96511,1.96992,4.39651,0.73663,0.84023,0.83917,0.33629,0.14378,0.14267,medium
0.3,28.0,1.0,100.0,10,constant,sim011_30,3,250,400,2.03296,2.03831,5.3988,0.76072,0.89109,0.88925,0.33888,0.12387,0.12261,medium
0.3,32.0,1.0,100.0,10,constant,sim011_30,3,250,400,2.05642,2.06194,5.84465,0.76904,0.91059,0.90841,0.33976,0.1169,0.11558,medium
0.3,40.0,1.0,100.0,10,constant,sim011_30,3,250,400,2.09161,2.09739,6.64706,0.78153,0.94229,0.93947,0.34104,0.10642,0.10501,medium
0.3,48.0,1.0,100.0,10,constant,sim011_30,3,250,400,2.11697,2.12293,7.35088,0.79056,0.96732,0.96394,0.3419,0.09889,0.09742,medium
0.1,4.0,1.0,100.0,20,constant,sim012_10,3,250,400,1.14044,1.13979,1.23587,0.42804,0.4342,0.43409,0.3332,0.29686,0.29706,medium
0.1,12.0,1.0,100.0,20,constant,sim012_10,3,250,400,1.23576,1.23385,1.69907,0.45674,0.47621,0.47614,0.35494,0.23541,0.23617,medium
0.1,20.0,1.0,100.0,20,constant,sim012_10,3,250,400,1.2694,1.26687,2.04164,0.46501,0.49254,0.49262,0.36737,0.20271,0.20384,medium
0.1,28.0,1.0,100.0,20,constant,sim012_10,3,250,400,1.28752,1.28462,2.31055,0.46904,0.50223,0.50247,0.3751,0.18278,0.18415,medium
0.1,32.0,1.0,100.0,20,constant,sim012_10,3,250,400,1.29386,1.29082,2.42496,0.47039,0.50585,0.50617,0.37796,0.17547,0.17693,medium
0.1,40.0,1.0,100.0,20,constant,sim012_10,3,250,400,1.30342,1.30017,2.62322,0.47235,0.51162,0.51209,0.38241,0.16414,0.16575,medium
0.1,48.0,1.0,100.0,20,constant,sim012_10,3,250,400,1.31034,1.30693,2.78942,0.47374,0.51607,0.51668,0.38571,0.15575,0.15748,medium
0.15,4.0,1.0,100.0,20,constant,sim012_15,3,250,400,1.21539,1.21623,1.3556,0.4565,0.46589,0.46598,0.33173,0.28528,0.28496,medium
0.15,12.0,1.0,100.0,20,constant,sim012_15,3,250,400,1.36275,1.3654,2.0683,0.50379,0.53474,0.53428,0.35404,0.21261,0.2113,medium
0.15,20.0,1.0,100.0,20,constant,sim012_15,3,250,400,1.41266,1.41617,2.60847,0.51795,0.56254,0.56138,0.36574,0.17739,0.17547,medium
0.15,28.0,1.0,100.0,20,constant,sim012_15,3,250,400,1.43878,1.44276,3.04085,0.52496,0.57938,0.57761,0.37269,0.15693,0.15462,medium
0.15,32.0,1.0,100.0,20,constant,sim012_15,3,250,400,1.44776,1.45192,3.2271,0.52732,0.58574,0.58371,0.3752,0.1496,0.14715,medium
0.15,40.0,1.0,100.0,20,constant,sim012_15,3,250,400,1.46119,1.4656,3.55322,0.5308,0.59597,0.59349,0.37903,0.13843,0.13575,medium
0.15,48.0,1.0,100.0,20,constant,sim012_15,3,250,400,1.47081,1.4754,3.82994,0.53326,0.60395,0.60107,0.38182,0.1303,0.12745,medium
0.2,4.0,1.0,100.0,20,constant,sim012_20,3,250,400,1.297,1.29723,1.47788,0.48743,0.49994,0.49993,0.32906,0.27548,0.27542,medium
0.2,12.0,1.0,100.0,20,constant,sim012_20,3,250,400,1.508,1.5086,2.45251,0.55753,0.59964,0.59911,0.34946,0.19555,0.19542,medium
0.2,20.0,1.0,100.0,20,constant,sim012_20,3,250,400,1.57922,1.57995,3.20632,0.57933,0.64066,0.63942,0.35949,0.15903,0.1589,medium
0.2,28.0,1.0,100.0,20,constant,sim012_20,3,250,400,1.6162,1.61698,3.81976,0.59027,0.66565,0.66373,0.36526,0.1384,0.13827,medium
0.2,32.0,1.0,100.0,20,constant,sim012_20,3,250,400,1.62887,1.62967,4.08688,0.59397,0.67513,0.6729,0.3673,0.13111,0.13099,medium
0.2,40.0,1.0,100.0,20,constant,sim012_20,3,250,400,1.64775,1.64859,4.55885,0.59944,0.69044,0.68763,0.37038,0.1201,0.11997,medium
0.2,48.0,1.0,100.0,20,constant,sim012_20,3,250,400,1.66124,1.66211,4.96368,0.60333,0.70243,0.69911,0.37259,0.11215,0.11201,medium
0.25,4.0,1.0,100.0,20,constant,sim012_25,3,250,400,1.38048,1.38059,1.60163,0.5207,0.53533,0.5356,0.32631,0.26705,0.26714,medium
0.25,12.0,1.0,100.0,20,constant,sim012_25,3,250,400,1.66152,1.66193,2.85564,0.61885,0.67003,0.67108,0.34403,0.18277,0.18297,medium
0.25,20.0,1.0,100.0,20,constant,sim012_25,3,250,400,1.75733,1.75791,3.84955,0.65077,0.72656,0.72814,0.35214,0.1459,0.14612,medium
0.25,28.0,1.0,100.0,20,constant,sim012_25,3,250,400,1.80711,1.8078,4.67432,0.66706,0.76114,0.76312,0.35664,0.12545,0.12568,medium
0.25,32.0,1.0,100.0,20,constant,sim012_25,3,250,400,1.82418,1.82491,5.03804,0.67261,0.77429,0.77645,0.35821,0.11828,0.11852,medium
0.25,40.0,1.0,100.0,20,constant,sim012_25,3,250,400,1.8496,1.85041,5.68759,0.68087,0.79554,0.798,0.36054,0.10751,0.10776,medium
0.25,48.0,1.0,100.0,20,constant,sim012_25,3,250,400,1.86777,1.86864,6.25188,0.68676,0.81221,0.81494,0.36218,0.09979,0.10004,medium
0.3,4.0,1.0,100.0,20,constant,sim012_30,3,250,400,1.468,1.46815,1.72471,0.55491,0.57169,0.57198,0.32261,0.26042,0.26052,medium
0.3,12.0,1.0,100.0,20,constant,sim012_30,3,250,400,1.82798,1.82839,3.25044,0.68378,0.74398,0.74506,0.33645,0.17447,0.1748,medium
0.3,20.0,1.0,100.0,20,constant,sim012_30,3,250,400,1.95262,1.95312,4.47237,0.72719,0.81754,0.81903,0.34235,0.13791,0.13835,medium
0.3,28.0,1.0,100.0,20,constant,sim012_30,3,250,400,2.01764,2.01818,5.49497,0.74963,0.86275,0.86447,0.34552,0.11786,0.11837,medium
0.3,32.0,1.0,100.0,20,constant,sim012_30,3,250,400,2.03997,2.04052,5.94845,0.75732,0.87998,0.88178,0.3466,0.11087,0.1114,medium
0.3,40.0,1.0,100.0,20,constant,sim012_30,3,250,400,2.07328,2.07384,6.76218,0.76878,0.90788,0.90978,0.34817,0.10039,0.10097,medium
0.3,48.0,1.0,100.0,20,constant,sim012_30,3,250,400,2.09712,2.09767,7.47315,0.77699,0.92984,0.9318,0.34925,0.09291,0.09351,medium
0.1,4.0,2.0,100.0,0,constant,sim013_10,3,250,400,1.1454,1.14284,1.24876,0.42781,0.43567,0.43504,0.33612,0.29414,0.29449,medium
0.1,12.0,2.0,100.0,0,constant,sim013_10,3,250,400,1.2389,1.23242,1.68431,0.45377,0.47552,0.47505,0.35935,0.23562,0.23685,medium
0.1,20.0,2.0,100.0,0,constant,sim013_10,3,250,400,1.2703,1.2623,1.96395,0.46101,0.48964,0.48987,0.37085,0.20742,0.20919,medium
0.1,28.0,2.0,100.0,0,constant,sim013_10,3,250,400,1.28664,1.27783,2.16181,0.46448,0.49741,0.49827,0.37757,0.19107,0.19318,medium
0.1,32.0,2.0,100.0,0,constant,sim013_10,3,250,400,1.29223,1.28314,2.24081,0.46562,0.50017,0.50131,0.37998,0.18522,0.18746,medium
0.1,40.0,2.0,100.0,0,constant,sim013_10,3,250,400,1.30052,1.29103,2.371,0.46727,0.50441,0.50602,0.38365,0.17632,0.17875,medium
0.1,48.0,2.0,100.0,0,constant,sim013_10,3,250,400,1.3064,1.29663,2.47399,0.46842,0.50753,0.50952,0.38632,0.16986,0.17243,medium
0.15,4.0,2.0,100.0,0,constant,sim013_15,3,250,400,1.2196,1.22185,1.37609,0.45652,0.46596,0.46921,0.33605,0.2806,0.28164,medium
0.15,12.0,2.0,100.0,0,constant,sim013_15,3,250,400,1.36007,1.3651,2.05204,0.49963,0.52713,0.53705,0.36149,0.20941,0.21253,medium
0.15,20.0,2.0,100.0,0,constant,sim013_15,3,250,400,1.40579,1.41172,2.49766,0.51208,0.5491,0.56268,0.37301,0.17799,0.18191,medium
0.15,28.0,2.0,100.0,0,constant,sim013_15,3,250,400,1.4291,1.4355,2.81866,0.51814,0.56126,0.57724,0.37946,0.1605,0.16483,medium
0.15,32.0,2.0,100.0,0,constant,sim013_15,3,250,400,1.437,1.44356,2.9482,0.52015,0.56561,0.58251,0.38173,0.15437,0.15883,medium
0.15,40.0,2.0,100.0,0,constant,sim013_15,3,250,400,1.44864,1.45544,3.16342,0.52307,0.57228,0.59067,0.38514,0.14515,0.14982,medium
0.15,48.0,2.0,100.0,0,constant,sim013_15,3,250,400,1.45684,1.46383,3.33528,0.52511,0.57722,0.59676,0.38758,0.13855,0.14335,medium
0.2,4.0,2.0,100.0,0,constant,sim013_20,3,250,400,1.3002,1.30201,1.50517,0.4878,0.50171,0.50229,0.3355,0.27045,0.27021,medium
0.2,12.0,2.0,100.0,0,constant,sim013_20,3,250,400,1.49659,1.50168,2.43524,0.55226,0.59504,0.59563,0.36154,0.19353,0.19273,medium
0.2,20.0,2.0,100.0,0,constant,sim013_20,3,250,400,1.56003,1.56646,3.06401,0.57164,0.63076,0.63059,0.37241,0.16142,0.1603,medium
0.2,28.0,2.0,100.0,0,constant,sim013_20,3,250,400,1.59222,1.59936,3.52498,0.58121,0.65123,0.6503,0.37831,0.14398,0.14267,medium
0.2,32.0,2.0,100.0,0,constant,sim013_20,3,250,400,1.6031,1.61048,3.71296,0.5844,0.65869,0.65741,0.38035,0.13793,0.13655,medium
0.2,40.0,2.0,100.0,0,constant,sim013_20,3,250,400,1.61913,1.62686,4.02782,0.58908,0.6703,0.6684,0.38338,0.12889,0.12741,medium
0.2,48.0,2.0,100.0,0,constant,sim013_20,3,250,400,1.63043,1.63839,4.28156,0.59236,0.67901,0.67659,0.38553,0.12246,0.12091,medium
0.25,4.0,2.0,100.0,0,constant,sim013_25,3,250,400,1.3876,1.39223,1.63714,0.52136,0.5381,0.54065,0.33261,0.26183,0.26192,medium
0.25,12.0,2.0,100.0,0,constant,sim013_25,3,250,400,1.65243,1.66538,2.84,0.61138,0.66437,0.67181,0.35651,0.18064,0.18085,medium
0.25,20.0,2.0,100.0,0,constant,sim013_25,3,250,400,1.73933,1.75572,3.67791,0.63969,0.71367,0.72359,0.36595,0.14782,0.14791,medium
0.25,28.0,2.0,100.0,0,constant,sim013_25,3,250,400,1.78366,1.8019,4.30566,0.65394,0.74208,0.75352,0.37094,0.13021,0.1302,medium
0.25,32.0,2.0,100.0,0,constant,sim013_25,3,250,400,1.79869,1.81757,4.56503,0.65876,0.75244,0.76446,0.37265,0.12414,0.12409,medium
0.25,40.0,2.0,100.0,0,constant,sim013_25,3,250,400,1.82089,1.84073,5.00394,0.66585,0.76863,0.78155,0.37516,0.1151,0.11499,medium
0.25,48.0,2.0,100.0,0,constant,sim013_25,3,250,400,1.83658,1.8571,5.36184,0.67086,0.7808,0.7944,0.37691,0.1087,0.10852,medium
0.3,4.0,2.0,100.0,0,constant,sim013_30,3,250,400,1.48534,1.48709,1.77139,0.55727,0.57873,0.57924,0.32874,0.25521,0.25507,medium
0.3,12.0,2.0,100.0,0,constant,sim013_30,3,250,400,1.84117,1.84591,3.26412,0.67748,0.7481,0.74846,0.34947,0.17205,0.17161,medium
0.3,20.0,2.0,100.0,0,constant,sim013_30,3,250,400,1.96199,1.96788,4.3312,0.71675,0.81656,0.81627,0.35722,0.13893,0.13829,medium
0.3,28.0,2.0,100.0,0,constant,sim013_30,3,250,400,2.02439,2.03087,5.146,0.73679,0.85641,0.85556,0.36123,0.12122,0.12047,medium
0.3,32.0,2.0,100.0,0,constant,sim013_30,3,250,400,2.04567,2.05234,5.48664,0.74359,0.87102,0.86993,0.36258,0.11512,0.11433,medium
0.3,40.0,2.0,100.0,0,constant,sim013_30,3,250,400,2.07721,2.08417,6.06853,0.75367,0.89387,0.89239,0.36454,0.10606,0.1052,medium
0.3,48.0,2.0,100.0,0,constant,sim013_30,3,250,400,2.09958,2.10674,6.54819,0.76081,0.9111,0.9093,0.3659,0.09963,0.09873,medium
0.1,4.0,2.0,100.0,10,constant,sim014_10,3,250,400,1.13909,1.13892,1.23155,0.42765,0.43514,0.43496,0.33438,0.29789,0.2977,medium
0.1,12.0,2.0,100.0,10,constant,sim014_10,3,250,400,1.22697,1.2266,1.62213,0.45507,0.47775,0.47755,0.35438,0.24558,0.24503,medium
0.1,20.0,2.0,100.0,10,constant,sim014_10,3,250,400,1.2567,1.25625,1.86997,0.4631,0.49393,0.49384,0.36452,0.21976,0.21908,medium
0.1,28.0,2.0,100.0,10,constant,sim014_10,3,250,400,1.27244,1.27193,2.04505,0.46709,0.50315,0.50314,0.37056,0.20451,0.20378,medium
0.1,32.0,2.0,100.0,10,constant,sim014_10,3,250,400,1.27791,1.27737,2.11506,0.46844,0.50649,0.50652,0.37275,0.19899,0.19825,medium
0.1,40.0,2.0,100.0,10,constant,sim014_10,3,250,400,1.28616,1.28555,2.23074,0.47044,0.51168,0.51178,0.37613,0.1905,0.18975,medium
0.1,48.0,2.0,100.0,10,constant,sim014_10,3,250,400,1.29212,1.29145,2.32272,0.47187,0.51557,0.51571,0.37861,0.18424,0.1835,medium
0.15,4.0,2.0,100.0,10,constant,sim014_15,3,250,400,1.21354,1.21478,1.3537,0.45653,0.46672,0.46754,0.33452,0.28514,0.28516,medium
0.15,12.0,2.0,100.0,10,constant,sim014_15,3,250,400,1.35094,1.35429,1.97483,0.50205,0.5346,0.53604,0.35727,0.22014,0.21963,medium
0.15,20.0,2.0,100.0,10,constant,sim014_15,3,250,400,1.39658,1.40083,2.38485,0.51581,0.56096,0.56232,0.36778,0.19056,0.18954,medium
0.15,28.0,2.0,100.0,10,constant,sim014_15,3,250,400,1.42039,1.42511,2.68216,0.5227,0.57613,0.57732,0.37375,0.17377,0.17242,medium
0.15,32.0,2.0,100.0,10,constant,sim014_15,3,250,400,1.42861,1.43348,2.80284,0.52504,0.58166,0.58277,0.37586,0.16782,0.16634,medium
0.15,40.0,2.0,100.0,10,constant,sim014_15,3,250,400,1.44094,1.44601,3.00453,0.52851,0.59027,0.59123,0.37907,0.15877,0.1571,medium
0.15,48.0,2.0,100.0,10,constant,sim014_15,3,250,400,1.44983,1.45503,3.16693,0.53099,0.59674,0.59758,0.38138,0.1522,0.1504,medium
0.2,4.0,2.0,100.0,10,constant,sim014_20,3,250,400,1.29509,1.29452,1.47434,0.48673,0.50235,0.5011,0.33262,0.27616,0.2756,medium
0.2,12.0,2.0,100.0,10,constant,sim014_20,3,250,400,1.49163,1.49005,2.31563,0.5526,0.60222,0.59823,0.3548,0.20574,0.20426,medium
0.2,20.0,2.0,100.0,10,constant,sim014_20,3,250,400,1.55673,1.55466,2.8769,0.57311,0.64173,0.6362,0.36436,0.17524,0.17344,medium
0.2,28.0,2.0,100.0,10,constant,sim014_20,3,250,400,1.59055,1.58814,3.28717,0.58352,0.66455,0.658,0.36962,0.15829,0.15636,medium
0.2,32.0,2.0,100.0,10,constant,sim014_20,3,250,400,1.60218,1.59963,3.45456,0.58707,0.67288,0.66593,0.37146,0.15233,0.15037,medium
0.2,40.0,2.0,100.0,10,constant,sim014_20,3,250,400,1.61961,1.61683,3.73547,0.59237,0.68589,0.67829,0.3742,0.14334,0.14133,medium
0.2,48.0,2.0,100.0,10,constant,sim014_20,3,250,400,1.63216,1.62919,3.96276,0.59617,0.69568,0.68756,0.37616,0.13684,0.13481,medium
0.25,4.0,2.0,100.0,10,constant,sim014_25,3,250,400,1.38018,1.38264,1.59787,0.51915,0.53727,0.53903,0.32906,0.26799,0.26809,medium
0.25,12.0,2.0,100.0,10,constant,sim014_25,3,250,400,1.64703,1.65385,2.69194,0.61087,0.67132,0.67662,0.34839,0.19266,0.19283,medium
0.25,20.0,2.0,100.0,10,constant,sim014_25,3,250,400,1.73739,1.7461,3.44817,0.64085,0.72637,0.73333,0.35626,0.16097,0.16105,medium
0.25,28.0,2.0,100.0,10,constant,sim014_25,3,250,400,1.78467,1.79445,4.01545,0.65641,0.7588,0.76671,0.36045,0.14358,0.14357,medium
0.25,32.0,2.0,100.0,10,constant,sim014_25,3,250,400,1.801,1.81116,4.25053,0.66178,0.77077,0.77902,0.36188,0.13751,0.13746,medium
0.25,40.0,2.0,100.0,10,constant,sim014_25,3,250,400,1.82551,1.83625,4.64991,0.66985,0.78959,0.79835,0.36399,0.12838,0.12826,medium
0.25,48.0,2.0,100.0,10,constant,sim014_25,3,250,400,1.84322,1.85437,4.97755,0.6757,0.80387,0.81301,0.36545,0.12181,0.12164,medium
0.3,4.0,2.0,100.0,10,constant,sim014_30,3,250,400,1.47173,1.47307,1.72634,0.5563,0.57652,0.57769,0.32645,0.26076,0.26096,medium
0.3,12.0,2.0,100.0,10,constant,sim014_30,3,250,400,1.82102,1.82429,3.08888,0.68154,0.75228,0.75613,0.34419,0.1825,0.1831,medium
0.3,20.0,2.0,100.0,10,constant,sim014_30,3,250,400,1.94218,1.94622,4.05429,0.72412,0.82612,0.83153,0.35086,0.15029,0.15099,medium
0.3,28.0,2.0,100.0,10,constant,sim014_30,3,250,400,2.00607,2.01054,4.79162,0.74646,0.86989,0.87636,0.35426,0.13277,0.13349,medium
0.3,32.0,2.0,100.0,10,constant,sim014_30,3,250,400,2.02819,2.03282,5.10055,0.75419,0.88607,0.89297,0.35539,0.12667,0.1274,medium
0.3,40.0,2.0,100.0,10,constant,sim014_30,3,250,400,2.06145,2.06635,5.62995,0.76581,0.91157,0.91917,0.35702,0.11752,0.11824,medium
0.3,48.0,2.0,100.0,10,constant,sim014_30,3,250,400,2.0855,2.0906,6.06858,0.77422,0.93095,0.9391,0.35812,0.11095,0.11167,medium
0.1,4.0,2.0,100.0,20,constant,sim015_10,3,250,400,1.14058,1.13925,1.2369,0.42735,0.43511,0.43428,0.3351,0.29654,0.29655,medium
0.1,12.0,2.0,100.0,20,constant,sim015_10,3,250,400,1.23062,1.22712,1.64543,0.45403,0.47686,0.47469,0.3565,0.24152,0.24171,medium
0.1,20.0,2.0,100.0,20,constant,sim015_10,3,250,400,1.26112,1.25673,1.90699,0.46167,0.49235,0.48959,0.36729,0.21451,0.2149,medium
0.1,28.0,2.0,100.0,20,constant,sim015_10,3,250,400,1.27718,1.27228,2.09215,0.46539,0.50105,0.49794,0.37369,0.19867,0.1992,medium
0.1,32.0,2.0,100.0,20,constant,sim015_10,3,250,400,1.28273,1.27765,2.16618,0.46664,0.50417,0.50094,0.37599,0.19296,0.19355,medium
0.1,40.0,2.0,100.0,20,constant,sim015_10,3,250,400,1.29103,1.28568,2.28838,0.46846,0.50899,0.50557,0.37953,0.18423,0.18491,medium
0.1,48.0,2.0,100.0,20,constant,sim015_10,3,250,400,1.29699,1.29144,2.38532,0.46974,0.51257,0.50901,0.38212,0.17785,0.17859,medium
0.15,4.0,2.0,100.0,20,constant,sim015_15,3,250,400,1.21844,1.21613,1.35905,0.45511,0.46718,0.46631,0.33452,0.28431,0.28462,medium
0.15,12.0,2.0,100.0,20,constant,sim015_15,3,250,400,1.3623,1.35617,1.99205,0.49823,0.53406,0.53228,0.35778,0.21757,0.21873,medium
0.15,20.0,2.0,100.0,20,constant,sim015_15,3,250,400,1.41003,1.40238,2.40732,0.51095,0.55924,0.55734,0.36858,0.18725,0.1889,medium
0.15,28.0,2.0,100.0,20,constant,sim015_15,3,250,400,1.43472,1.42627,2.70644,0.51725,0.57345,0.57159,0.37472,0.17012,0.17205,medium
0.15,32.0,2.0,100.0,20,constant,sim015_15,3,250,400,1.44317,1.43445,2.82727,0.51936,0.57857,0.57675,0.37689,0.16406,0.16609,medium
0.15,40.0,2.0,100.0,20,constant,sim015_15,3,250,400,1.45575,1.44663,3.02833,0.52248,0.58649,0.58475,0.38016,0.1549,0.15708,medium
0.15,48.0,2.0,100.0,20,constant,sim015_15,3,250,400,1.46473,1.45533,3.18929,0.5247,0.59238,0.59073,0.38252,0.14828,0.15056,medium
0.2,4.0,2.0,100.0,20,constant,sim015_20,3,250,400,1.29465,1.2961,1.48359,0.48602,0.49988,0.50107,0.33357,0.27379,0.27384,medium
0.2,12.0,2.0,100.0,20,constant,sim015_20,3,250,400,1.49047,1.49483,2.36601,0.5507,0.59431,0.59778,0.35717,0.19965,0.19952,medium
0.2,20.0,2.0,100.0,20,constant,sim015_20,3,250,400,1.55486,1.56054,2.96609,0.57055,0.63092,0.63541,0.3673,0.16789,0.16752,medium
0.2,28.0,2.0,100.0,20,constant,sim015_20,3,250,400,1.588,1.59443,3.40921,0.58052,0.65192,0.65696,0.37285,0.15039,0.14986,medium
0.2,32.0,2.0,100.0,20,constant,sim015_20,3,250,400,1.59932,1.60601,3.59089,0.58389,0.65956,0.6648,0.37477,0.14428,0.14368,medium
0.2,40.0,2.0,100.0,20,constant,sim015_20,3,250,400,1.61617,1.62324,3.89667,0.58888,0.67146,0.67698,0.37765,0.13509,0.1344,medium
0.2,48.0,2.0,100.0,20,constant,sim015_20,3,250,400,1.62819,1.63554,4.14467,0.59244,0.68039,0.6861,0.37969,0.12849,0.12774,medium
0.25,4.0,2.0,100.0,20,constant,sim015_25,3,250,400,1.3843,1.37985,1.60865,0.51773,0.53767,0.5359,0.33093,0.26588,0.2661,medium
0.25,12.0,2.0,100.0,20,constant,sim015_25,3,250,400,1.6568,1.64389,2.74304,0.60636,0.67003,0.66559,0.3531,0.18772,0.18843,medium
0.25,20.0,2.0,100.0,20,constant,sim015_25,3,250,400,1.74865,1.73207,3.53234,0.63463,0.72308,0.71779,0.36212,0.15511,0.1562,medium
0.25,28.0,2.0,100.0,20,constant,sim015_25,3,250,400,1.7963,1.77766,4.12517,0.64906,0.75386,0.74824,0.36694,0.13733,0.13866,medium
0.25,32.0,2.0,100.0,20,constant,sim015_25,3,250,400,1.81264,1.79327,4.37076,0.65398,0.76511,0.75941,0.36859,0.13115,0.13256,medium
0.25,40.0,2.0,100.0,20,constant,sim015_25,3,250,400,1.83702,1.81653,4.78755,0.66131,0.7827,0.77691,0.37104,0.12187,0.12343,medium
0.25,48.0,2.0,100.0,20,constant,sim015_25,3,250,400,1.85447,1.83316,5.1288,0.66656,0.79595,0.79012,0.37275,0.11524,0.11691,medium
0.3,4.0,2.0,100.0,20,constant,sim015_30,3,250,400,1.47573,1.47146,1.74019,0.55556,0.57709,0.57438,0.3284,0.25868,0.25834,medium
0.3,12.0,2.0,100.0,20,constant,sim015_30,3,250,400,1.8312,1.81767,3.16422,0.67874,0.75219,0.74328,0.3488,0.1779,0.17708,medium
0.3,20.0,2.0,100.0,20,constant,sim015_30,3,250,400,1.95434,1.93642,4.18999,0.72009,0.82518,0.81261,0.3565,0.14491,0.14403,medium
0.3,28.0,2.0,100.0,20,constant,sim015_30,3,250,400,2.01891,1.99844,4.98011,0.74158,0.86832,0.85322,0.36046,0.12707,0.12619,medium
0.3,32.0,2.0,100.0,20,constant,sim015_30,3,250,400,2.04116,2.01977,5.31248,0.74897,0.88426,0.86815,0.36179,0.12088,0.12001,medium
0.3,40.0,2.0,100.0,20,constant,sim015_30,3,250,400,2.07445,2.05166,5.88343,0.76002,0.90935,0.89156,0.36371,0.11163,0.11078,medium
0.3,48.0,2.0,100.0,20,constant,sim015_30,3,250,400,2.09836,2.07452,6.35741,0.76796,0.92839,0.90926,0.36503,0.10503,0.10419,medium
0.1,4.0,3.0,100.0,0,constant,sim016_10,3,250,400,1.1473,1.14335,1.24127,0.42813,0.4379,0.43595,0.33584,0.29601,0.29638,medium
0.1,12.0,3.0,100.0,0,constant,sim016_10,3,250,400,1.24565,1.23627,1.62266,0.45622,0.48457,0.47919,0.35634,0.24474,0.24576,medium
0.1,20.0,3.0,100.0,0,constant,sim016_10,3,250,400,1.27896,1.26767,1.844,0.46458,0.50233,0.49523,0.36598,0.2209,0.22228,medium
0.1,28.0,3.0,100.0,0,constant,sim016_10,3,250,400,1.29624,1.28401,1.99105,0.46869,0.51224,0.50406,0.37151,0.20728,0.20885,medium
0.1,32.0,3.0,100.0,0,constant,sim016_10,3,250,400,1.30215,1.2896,2.04774,0.47006,0.51577,0.50718,0.37348,0.20244,0.20408,medium
0.1,40.0,3.0,100.0,0,constant,sim016_10,3,250,400,1.31089,1.2979,2.13878,0.47206,0.52118,0.51193,0.37646,0.19511,0.19683,medium
0.1,48.0,3.0,100.0,0,constant,sim016_10,3,250,400,1.31708,1.30379,2.20879,0.47345,0.52514,0.5154,0.37862,0.18981,0.19159,medium
0.15,4.0,3.0,100.0,0,constant,sim016_15,3,250,400,1.22028,1.22627,1.36946,0.45738,0.46844,0.47207,0.3356,0.28266,0.28269,medium
0.15,12.0,3.0,100.0,0,constant,sim016_15,3,250,400,1.36587,1.38209,1.99094,0.50416,0.53836,0.54847,0.35849,0.21798,0.21765,medium
0.15,20.0,3.0,100.0,0,constant,sim016_15,3,250,400,1.41454,1.43504,2.37512,0.51862,0.56525,0.57843,0.36856,0.1898,0.18899,medium
0.15,28.0,3.0,100.0,0,constant,sim016_15,3,250,400,1.43963,1.4625,2.64072,0.52585,0.58038,0.59538,0.37415,0.17415,0.173,medium
0.15,32.0,3.0,100.0,0,constant,sim016_15,3,250,400,1.44817,1.47187,2.74542,0.52829,0.5858,0.60147,0.37612,0.16867,0.16739,medium
0.15,40.0,3.0,100.0,0,constant,sim016_15,3,250,400,1.46081,1.48575,2.91636,0.53186,0.59413,0.61084,0.37906,0.16043,0.15894,medium
0.15,48.0,3.0,100.0,0,constant,sim016_15,3,250,400,1.46975,1.49558,3.05026,0.53437,0.60027,0.61776,0.38117,0.15451,0.15287,medium
0.2,4.0,3.0,100.0,0,constant,sim016_20,3,250,400,1.30477,1.30101,1.49483,0.48847,0.50557,0.50296,0.33682,0.27216,0.27185,medium
0.2,12.0,3.0,100.0,0,constant,sim016_20,3,250,400,1.51814,1.50738,2.34608,0.55758,0.61175,0.60363,0.36308,0.20069,0.19982,medium
0.2,20.0,3.0,100.0,0,constant,sim016_20,3,250,400,1.59081,1.57694,2.88389,0.57971,0.65424,0.64318,0.3737,0.17091,0.16997,medium
0.2,28.0,3.0,100.0,0,constant,sim016_20,3,250,400,1.62853,1.61288,3.26124,0.59094,0.67854,0.6656,0.37942,0.15465,0.15373,medium
0.2,32.0,3.0,100.0,0,constant,sim016_20,3,250,400,1.64142,1.62513,3.41132,0.59475,0.68731,0.67366,0.38139,0.149,0.14809,medium
0.2,40.0,3.0,100.0,0,constant,sim016_20,3,250,400,1.66055,1.64328,3.65803,0.60036,0.70085,0.68607,0.38432,0.14053,0.13967,medium
0.2,48.0,3.0,100.0,0,constant,sim016_20,3,250,400,1.67412,1.65614,3.85278,0.60433,0.71088,0.69525,0.3864,0.13448,0.13366,medium
0.25,4.0,3.0,100.0,0,constant,sim016_25,3,250,400,1.39667,1.38939,1.62773,0.52071,0.54371,0.54013,0.33424,0.26324,0.26367,medium
0.25,12.0,3.0,100.0,0,constant,sim016_25,3,250,400,1.69099,1.66842,2.75231,0.61418,0.68948,0.67715,0.35905,0.1862,0.18752,medium
0.25,20.0,3.0,100.0,0,constant,sim016_25,3,250,400,1.79409,1.76436,3.49312,0.64512,0.75019,0.73289,0.36856,0.15486,0.15678,medium
0.25,28.0,3.0,100.0,0,constant,sim016_25,3,250,400,1.84821,1.8144,4.02737,0.66107,0.78557,0.7651,0.37356,0.13792,0.1402,medium
0.25,32.0,3.0,100.0,0,constant,sim016_25,3,250,400,1.86682,1.83155,4.24323,0.66652,0.79848,0.77679,0.37526,0.13205,0.13447,medium
0.25,40.0,3.0,100.0,0,constant,sim016_25,3,250,400,1.89454,1.85705,4.6023,0.67461,0.81855,0.79494,0.37777,0.12329,0.12593,medium
0.25,48.0,3.0,100.0,0,constant,sim016_25,3,250,400,1.9143,1.87519,4.88952,0.68037,0.83355,0.80847,0.37952,0.11706,0.11985,medium
0.3,4.0,3.0,100.0,0,constant,sim016_30,3,250,400,1.49017,1.4764,1.76361,0.55939,0.58612,0.57817,0.33407,0.25544,0.25507,medium
0.3,12.0,3.0,100.0,0,constant,sim016_30,3,250,400,1.8683,1.82694,3.17801,0.68884,0.77957,0.75582,0.36077,0.17551,0.17469,medium
0.3,20.0,3.0,100.0,0,constant,sim016_30,3,250,400,2.00298,1.94926,4.14191,0.73382,0.86251,0.83111,0.37038,0.14369,0.14307,medium
0.3,28.0,3.0,100.0,0,constant,sim016_30,3,250,400,2.07417,2.01354,4.85342,0.75746,0.91151,0.87558,0.37529,0.12662,0.12618,medium
0.3,32.0,3.0,100.0,0,constant,sim016_30,3,250,400,2.09872,2.03566,5.14489,0.76561,0.92951,0.89193,0.37693,0.12073,0.12036,medium
0.3,40.0,3.0,100.0,0,constant,sim016_30,3,250,400,2.13539,2.06867,5.63494,0.77778,0.95766,0.91752,0.37932,0.11196,0.11171,medium
0.3,48.0,3.0,100.0,0,constant,sim016_30,3,250,400,2.16159,2.09224,6.03166,0.78648,0.97883,0.93678,0.38097,0.10574,0.10556,medium
0.1,4.0,3.0,100.0,10,constant,sim017_10,3,250,400,1.14167,1.14373,1.23282,0.42767,0.436,0.43746,0.334,0.29797,0.29809,medium
0.1,12.0,3.0,100.0,10,constant,sim017_10,3,250,400,1.23415,1.23899,1.60308,0.45592,0.48132,0.4847,0.35217,0.24868,0.2488,medium
0.1,20.0,3.0,100.0,10,constant,sim017_10,3,250,400,1.26576,1.27159,1.82304,0.46449,0.4989,0.50287,0.36109,0.22517,0.22515,medium
0.1,28.0,3.0,100.0,10,constant,sim017_10,3,250,400,1.28243,1.28874,1.97186,0.46879,0.50886,0.51308,0.36632,0.21151,0.21138,medium
0.1,32.0,3.0,100.0,10,constant,sim017_10,3,250,400,1.28819,1.29466,2.0299,0.47024,0.51244,0.51673,0.36821,0.20661,0.20644,medium
0.1,40.0,3.0,100.0,10,constant,sim017_10,3,250,400,1.29683,1.30351,2.124,0.4724,0.51796,0.52234,0.3711,0.19911,0.19889,medium
0.1,48.0,3.0,100.0,10,constant,sim017_10,3,250,400,1.30304,1.30985,2.19723,0.47393,0.52204,0.52647,0.37321,0.19363,0.19338,medium
0.15,4.0,3.0,100.0,10,constant,sim017_15,3,250,400,1.21683,1.22101,1.3492,0.45623,0.46759,0.4703,0.33342,0.28653,0.28674,medium
0.15,12.0,3.0,100.0,10,constant,sim017_15,3,250,400,1.36219,1.37266,1.91809,0.50314,0.53951,0.54584,0.35322,0.22658,0.22678,medium
0.15,20.0,3.0,100.0,10,constant,sim017_15,3,250,400,1.4117,1.42464,2.26638,0.51795,0.56806,0.57554,0.36216,0.19976,0.19963,medium
0.15,28.0,3.0,100.0,10,constant,sim017_15,3,250,400,1.43768,1.45197,2.50708,0.52552,0.5844,0.59238,0.36721,0.18461,0.18422,medium
0.15,32.0,3.0,100.0,10,constant,sim017_15,3,250,400,1.44665,1.4614,2.60215,0.5281,0.59031,0.59843,0.36899,0.17925,0.17875,medium
0.15,40.0,3.0,100.0,10,constant,sim017_15,3,250,400,1.46008,1.47554,2.75783,0.53195,0.59945,0.60776,0.37168,0.17112,0.17045,medium
0.15,48.0,3.0,100.0,10,constant,sim017_15,3,250,400,1.46974,1.4857,2.88036,0.5347,0.60624,0.61467,0.37362,0.16522,0.16442,medium
0.2,4.0,3.0,100.0,10,constant,sim017_20,3,250,400,1.30034,1.29791,1.47571,0.4858,0.50527,0.50322,0.3334,0.2761,0.27592,medium
0.2,12.0,3.0,100.0,10,constant,sim017_20,3,250,400,1.51055,1.50347,2.2833,0.55237,0.61387,0.60763,0.35496,0.20836,0.20816,medium
0.2,20.0,3.0,100.0,10,constant,sim017_20,3,250,400,1.58276,1.5736,2.79515,0.57384,0.65797,0.64968,0.36387,0.17933,0.17936,medium
0.2,28.0,3.0,100.0,10,constant,sim017_20,3,250,400,1.62072,1.61035,3.15653,0.58492,0.68335,0.67383,0.36871,0.16323,0.16347,medium
0.2,32.0,3.0,100.0,10,constant,sim017_20,3,250,400,1.63384,1.62303,3.30101,0.58872,0.69255,0.68258,0.37039,0.15757,0.1579,medium
0.2,40.0,3.0,100.0,10,constant,sim017_20,3,250,400,1.6535,1.642,3.53976,0.59441,0.70679,0.69613,0.37289,0.14903,0.14952,medium
0.2,48.0,3.0,100.0,10,constant,sim017_20,3,250,400,1.66764,1.65564,3.7296,0.59851,0.7174,0.70622,0.37467,0.14286,0.14348,medium
0.25,4.0,3.0,100.0,10,constant,sim017_25,3,250,400,1.38636,1.3854,1.6006,0.52079,0.54162,0.54232,0.3315,0.26744,0.268,medium
0.25,12.0,3.0,100.0,10,constant,sim017_25,3,250,400,1.67045,1.66753,2.64811,0.61735,0.6872,0.68959,0.3519,0.19505,0.19647,medium
0.25,20.0,3.0,100.0,10,constant,sim017_25,3,250,400,1.77096,1.76726,3.33235,0.65022,0.74819,0.75175,0.35953,0.16506,0.16676,medium
0.25,28.0,3.0,100.0,10,constant,sim017_25,3,250,400,1.82453,1.82047,3.82586,0.66754,0.78382,0.78824,0.36345,0.14865,0.15047,medium
0.25,32.0,3.0,100.0,10,constant,sim017_25,3,250,400,1.84317,1.83901,4.02571,0.67355,0.79683,0.8016,0.36477,0.14292,0.14477,medium
0.25,40.0,3.0,100.0,10,constant,sim017_25,3,250,400,1.87127,1.86697,4.35925,0.68259,0.8171,0.82246,0.36668,0.1343,0.13618,medium
0.25,48.0,3.0,100.0,10,constant,sim017_25,3,250,400,1.89161,1.88725,4.62749,0.68913,0.83228,0.83813,0.368,0.1281,0.13,medium
0.3,4.0,3.0,100.0,10,constant,sim017_30,3,250,400,1.47769,1.47492,1.72713,0.5546,0.58083,0.58064,0.3283,0.26075,0.26143,medium
0.3,12.0,3.0,100.0,10,constant,sim017_30,3,250,400,1.84383,1.83573,3.03759,0.67993,0.76942,0.76999,0.34731,0.18509,0.18737,medium
0.3,20.0,3.0,100.0,10,constant,sim017_30,3,250,400,1.97572,1.96534,3.92449,0.72409,0.85076,0.85223,0.35411,0.15404,0.15718,medium
0.3,28.0,3.0,100.0,10,constant,sim017_30,3,250,400,2.04656,2.03496,4.58021,0.74774,0.89899,0.9012,0.35752,0.13708,0.14073,medium
0.3,32.0,3.0,100.0,10,constant,sim017_30,3,250,400,2.07132,2.0593,4.84966,0.75602,0.91675,0.91927,0.35865,0.13115,0.13499,medium
0.3,40.0,3.0,100.0,10,constant,sim017_30,3,250,400,2.10872,2.0961,5.30444,0.76855,0.94457,0.94764,0.36026,0.12225,0.12637,medium
0.3,48.0,3.0,100.0,10,constant,sim017_30,3,250,400,2.13588,2.12285,5.67479,0.77767,0.96554,0.96905,0.36136,0.11584,0.12017,medium
0.1,4.0,3.0,100.0,20,constant,sim018_10,3,250,400,1.14235,1.14244,1.23292,0.42814,0.43576,0.43669,0.33479,0.29742,0.29803,medium
0.1,12.0,3.0,100.0,20,constant,sim018_10,3,250,400,1.23518,1.23564,1.59741,0.45705,0.47972,0.4824,0.35383,0.24784,0.24952,medium
0.1,20.0,3.0,100.0,20,constant,sim018_10,3,250,400,1.2667,1.26733,1.80986,0.46586,0.49622,0.49984,0.36295,0.22449,0.22656,medium
0.1,28.0,3.0,100.0,20,constant,sim018_10,3,250,400,1.28325,1.28394,1.95182,0.47027,0.50537,0.5096,0.36824,0.21102,0.2133,medium
0.1,32.0,3.0,100.0,20,constant,sim018_10,3,250,400,1.28895,1.28966,2.00677,0.47176,0.50862,0.51308,0.37013,0.2062,0.20856,medium
0.1,40.0,3.0,100.0,20,constant,sim018_10,3,250,400,1.29747,1.29821,2.09536,0.47396,0.51358,0.51843,0.37301,0.19887,0.20133,medium
0.1,48.0,3.0,100.0,20,constant,sim018_10,3,250,400,1.30358,1.30432,2.16384,0.47551,0.51721,0.52237,0.37511,0.19352,0.19607,medium
0.15,4.0,3.0,100.0,20,constant,sim018_15,3,250,400,1.21622,1.22226,1.35699,0.45629,0.46762,0.47068,0.33454,0.28475,0.28491,medium
0.15,12.0,3.0,100.0,20,constant,sim018_15,3,250,400,1.35915,1.37582,1.95013,0.50288,0.53865,0.54624,0.35591,0.22228,0.22258,medium
0.15,20.0,3.0,100.0,20,constant,sim018_15,3,250,400,1.40725,1.42834,2.3159,0.51743,0.56633,0.57573,0.36544,0.19463,0.19475,medium
0.15,28.0,3.0,100.0,20,constant,sim018_15,3,250,400,1.43226,1.45578,2.56904,0.52477,0.58195,0.59236,0.37077,0.17913,0.1791,medium
0.15,32.0,3.0,100.0,20,constant,sim018_15,3,250,400,1.44084,1.4652,2.66899,0.52726,0.58756,0.59832,0.37265,0.17367,0.17358,medium
0.15,40.0,3.0,100.0,20,constant,sim018_15,3,250,400,1.45363,1.47925,2.83251,0.53094,0.59617,0.60748,0.37547,0.16542,0.16523,medium
0.15,48.0,3.0,100.0,20,constant,sim018_15,3,250,400,1.46276,1.48928,2.96098,0.53356,0.60252,0.61425,0.37749,0.15947,0.1592,medium
0.2,4.0,3.0,100.0,20,constant,sim018_20,3,250,400,1.30214,1.29943,1.4795,0.48532,0.5045,0.50298,0.33362,0.27527,0.27532,medium
0.2,12.0,3.0,100.0,20,constant,sim018_20,3,250,400,1.51546,1.50773,2.29735,0.55158,0.61139,0.60728,0.35591,0.20641,0.2066,medium
0.2,20.0,3.0,100.0,20,constant,sim018_20,3,250,400,1.58871,1.57872,2.81435,0.57288,0.65444,0.64945,0.36522,0.17709,0.17748,medium
0.2,28.0,3.0,100.0,20,constant,sim018_20,3,250,400,1.62704,1.61574,3.1778,0.58382,0.67907,0.67375,0.37029,0.16092,0.16146,medium
0.2,32.0,3.0,100.0,20,constant,sim018_20,3,250,400,1.64022,1.62846,3.32262,0.58755,0.68797,0.68257,0.37206,0.15526,0.15586,medium
0.2,40.0,3.0,100.0,20,constant,sim018_20,3,250,400,1.65991,1.64742,3.56116,0.59312,0.70171,0.69624,0.37469,0.14675,0.14745,medium
0.2,48.0,3.0,100.0,20,constant,sim018_20,3,250,400,1.674,1.66097,3.75006,0.5971,0.71191,0.70642,0.37657,0.14063,0.14141,medium
0.25,4.0,3.0,100.0,20,constant,sim018_25,3,250,400,1.38889,1.38314,1.60601,0.51808,0.54068,0.53983,0.33228,0.26612,0.26714,medium
0.25,12.0,3.0,100.0,20,constant,sim018_25,3,250,400,1.67622,1.65846,2.6722,0.61014,0.68324,0.68248,0.35443,0.19165,0.19476,medium
0.25,20.0,3.0,100.0,20,constant,sim018_25,3,250,400,1.77703,1.75378,3.36842,0.64088,0.7423,0.74242,0.36293,0.16094,0.1651,medium
0.25,28.0,3.0,100.0,20,constant,sim018_25,3,250,400,1.83027,1.80396,3.86911,0.6569,0.77667,0.7776,0.36737,0.14421,0.14897,medium
0.25,32.0,3.0,100.0,20,constant,sim018_25,3,250,400,1.84867,1.8213,4.07132,0.66241,0.7892,0.79049,0.36887,0.13839,0.14335,medium
0.25,40.0,3.0,100.0,20,constant,sim018_25,3,250,400,1.87624,1.84729,4.40792,0.67066,0.8087,0.8106,0.37107,0.12966,0.13494,medium
0.25,48.0,3.0,100.0,20,constant,sim018_25,3,250,400,1.89604,1.86597,4.67764,0.67659,0.82328,0.82569,0.37259,0.12341,0.1289,medium
0.3,4.0,3.0,100.0,20,constant,sim018_30,3,250,400,1.47958,1.4793,1.73808,0.55463,0.57991,0.57946,0.32884,0.25941,0.25931,medium
0.3,12.0,3.0,100.0,20,constant,sim018_30,3,250,400,1.84537,1.84599,3.07517,0.67898,0.76384,0.76316,0.34817,0.18322,0.1827,medium
0.3,20.0,3.0,100.0,20,constant,sim018_30,3,250,400,1.97571,1.97733,3.97618,0.72223,0.84158,0.84137,0.35503,0.15246,0.15166,medium
0.3,28.0,3.0,100.0,20,constant,sim018_30,3,250,400,2.04503,2.04741,4.63867,0.74514,0.88708,0.88746,0.35847,0.13581,0.13483,medium
0.3,32.0,3.0,100.0,20,constant,sim018_30,3,250,400,2.06908,2.07177,4.90979,0.75309,0.90372,0.90437,0.35961,0.13003,0.12898,medium
0.3,40.0,3.0,100.0,20,constant,sim018_30,3,250,400,2.1052,2.10842,5.36566,0.76505,0.92962,0.93079,0.36125,0.12137,0.12021,medium
0.3,48.0,3.0,100.0,20,constant,sim018_30,3,250,400,2.13123,2.13487,5.73511,0.77368,0.94903,0.95064,0.36237,0.11517,0.11393,medium
0.1,4.0,1.0,200.0,0,constant,sim019_10,3,300,600,1.14484,1.14525,1.26609,0.4286,0.435,0.43516,0.33655,0.29062,0.29054,long
0.1,12.0,1.0,200.0,0,constant,sim019_10,3,300,600,1.2417,1.24277,1.86725,0.45527,0.47537,0.4755,0.36593,0.2153,0.21497,long
0.1,20.0,1.0,200.0,0,constant,sim019_10,3,300,600,1.27657,1.2779,2.3828,0.4626,0.49215,0.49204,0.38246,0.17503,0.17453,long
0.1,28.0,1.0,200.0,0,constant,sim019_10,3,300,600,1.29559,1.29706,2.83831,0.4661,0.50333,0.50296,0.39273,0.15038,0.14977,long
0.1,32.0,1.0,200.0,0,constant,sim019_10,3,300,600,1.30228,1.30379,3.04772,0.46726,0.5079,0.5074,0.39653,0.14132,0.14066,long
0.1,40.0,1.0,200.0,0,constant,sim019_10,3,300,600,1.3124,1.31397,3.43546,0.46894,0.51577,0.51503,0.40243,0.12726,0.12653,long
0.1,48.0,1.0,200.0,0,constant,sim019_10,3,300,600,1.31973,1.32135,3.7874,0.47011,0.52245,0.52149,0.40681,0.11684,0.11606,long
0.15,4.0,1.0,200.0,0,constant,sim019_15,3,300,600,1.22457,1.22387,1.40092,0.45763,0.46812,0.46766,0.33627,0.27697,0.27698,long
0.15,12.0,1.0,200.0,0,constant,sim019_15,3,300,600,1.37556,1.37371,2.31635,0.50171,0.53464,0.53335,0.36701,0.18971,0.18973,long
0.15,20.0,1.0,200.0,0,constant,sim019_15,3,300,600,1.42664,1.42433,3.11206,0.51424,0.56232,0.56056,0.38241,0.14809,0.14814,long
0.15,28.0,1.0,200.0,0,constant,sim019_15,3,300,600,1.45332,1.45076,3.82339,0.52029,0.58057,0.57844,0.3914,0.1241,0.12416,long
0.15,32.0,1.0,200.0,0,constant,sim019_15,3,300,600,1.46249,1.45984,4.15302,0.52231,0.58799,0.5857,0.39462,0.11554,0.11561,long
0.15,40.0,1.0,200.0,0,constant,sim019_15,3,300,600,1.47616,1.47338,4.76784,0.52524,0.60074,0.59815,0.39951,0.10253,0.10261,long
0.15,48.0,1.0,200.0,0,constant,sim019_15,3,300,600,1.48593,1.48304,5.33094,0.5273,0.61155,0.60871,0.40306,0.09309,0.09318,long
0.2,4.0,1.0,200.0,0,constant,sim019_20,3,300,600,1.30747,1.3071,1.53647,0.48978,0.50325,0.50285,0.33457,0.26605,0.26594,long
0.2,12.0,1.0,200.0,0,constant,sim019_20,3,300,600,1.51796,1.51692,2.77027,0.55641,0.60006,0.59853,0.36374,0.17306,0.1727,long
0.2,20.0,1.0,200.0,0,constant,sim019_20,3,300,600,1.58735,1.58603,3.84976,0.57619,0.64042,0.63803,0.37713,0.13205,0.13159,long
0.2,28.0,1.0,200.0,0,constant,sim019_20,3,300,600,1.62288,1.62141,4.82043,0.58589,0.66666,0.66356,0.38465,0.10926,0.10875,long
0.2,32.0,1.0,200.0,0,constant,sim019_20,3,300,600,1.63496,1.63343,5.27215,0.58914,0.67724,0.67382,0.38729,0.10128,0.10074,long
0.2,40.0,1.0,200.0,0,constant,sim019_20,3,300,600,1.65285,1.65123,6.11802,0.5939,0.69532,0.6913,0.39125,0.08928,0.0887,long
0.2,48.0,1.0,200.0,0,constant,sim019_20,3,300,600,1.66552,1.66384,6.89667,0.59725,0.71058,0.70603,0.39407,0.08068,0.08007,long
0.25,4.0,1.0,200.0,0,constant,sim019_25,3,300,600,1.39499,1.39487,1.67282,0.52388,0.54037,0.54045,0.33171,0.25718,0.25723,long
0.25,12.0,1.0,200.0,0,constant,sim019_25,3,300,600,1.67459,1.67429,3.23858,0.61704,0.67232,0.67275,0.35777,0.16118,0.16127,long
0.25,20.0,1.0,200.0,0,constant,sim019_25,3,300,600,1.76688,1.76652,4.62684,0.64582,0.72799,0.72877,0.36893,0.1209,0.12098,long
0.25,28.0,1.0,200.0,0,constant,sim019_25,3,300,600,1.814,1.81362,5.88891,0.66016,0.764,0.76513,0.37499,0.09901,0.09906,long
0.25,32.0,1.0,200.0,0,constant,sim019_25,3,300,600,1.83,1.8296,6.48061,0.66498,0.77846,0.77974,0.37708,0.09142,0.09145,long
0.25,40.0,1.0,200.0,0,constant,sim019_25,3,300,600,1.85367,1.85326,7.59594,0.67208,0.8031,0.80468,0.38017,0.08008,0.0801,long
0.25,48.0,1.0,200.0,0,constant,sim019_25,3,300,600,1.87045,1.87003,8.63116,0.67711,0.82388,0.82573,0.38233,0.07202,0.07201,long
0.3,4.0,1.0,200.0,0,constant,sim019_30,3,300,600,1.4949,1.49515,1.81273,0.56373,0.58344,0.58304,0.32622,0.25083,0.25058,long
0.3,12.0,1.0,200.0,0,constant,sim019_30,3,300,600,1.86889,1.86963,3.72612,0.69468,0.76485,0.76241,0.34604,0.15436,0.15361,long
0.3,20.0,1.0,200.0,0,constant,sim019_30,3,300,600,1.99563,1.99655,5.44324,0.73752,0.84368,0.83905,0.3541,0.11485,0.11387,long
0.3,28.0,1.0,200.0,0,constant,sim019_30,3,300,600,2.06083,2.06181,7.02089,0.7593,0.89459,0.88785,0.35837,0.09357,0.09246,long
0.3,32.0,1.0,200.0,0,constant,sim019_30,3,300,600,2.08303,2.08401,7.76607,0.76669,0.91494,0.90719,0.35982,0.08623,0.08506,long
0.3,40.0,1.0,200.0,0,constant,sim019_30,3,300,600,2.11593,2.11691,9.1805,0.77764,0.9495,0.93983,0.36194,0.07528,0.07405,long
0.3,48.0,1.0,200.0,0,constant,sim019_30,3,300,600,2.1393,2.14024,10.50494,0.78542,0.97853,0.96706,0.36339,0.06752,0.06623,long
0.1,4.0,1.0,200.0,10,constant,sim020_10,3,300,600,1.13808,1.13812,1.238,0.42654,0.43407,0.43365,0.33363,0.29652,0.29623,long
0.1,12.0,1.0,200.0,10,constant,sim020_10,3,300,600,1.23216,1.23253,1.7557,0.4535,0.48009,0.4783,0.35752,0.23029,0.22905,long
0.1,20.0,1.0,200.0,10,constant,sim020_10,3,300,600,1.26698,1.26759,2.1988,0.4613,0.50167,0.49886,0.37204,0.19261,0.19077,long
0.1,28.0,1.0,200.0,10,constant,sim020_10,3,300,600,1.28649,1.28724,2.59155,0.46517,0.51647,0.51287,0.3814,0.16874,0.1665,long
0.1,32.0,1.0,200.0,10,constant,sim020_10,3,300,600,1.29348,1.29427,2.77255,0.46649,0.52252,0.51859,0.38492,0.15981,0.15742,long
0.1,40.0,1.0,200.0,10,constant,sim020_10,3,300,600,1.30421,1.30507,3.10843,0.46844,0.53288,0.52836,0.39046,0.14579,0.14315,long
0.1,48.0,1.0,200.0,10,constant,sim020_10,3,300,600,1.31214,1.31303,3.41412,0.46985,0.54157,0.53656,0.39462,0.13526,0.13243,long
0.15,4.0,1.0,200.0,10,constant,sim020_15,3,300,600,1.21229,1.21221,1.35972,0.4548,0.46558,0.46538,0.33321,0.28402,0.2839,long
0.15,12.0,1.0,200.0,10,constant,sim020_15,3,300,600,1.35716,1.35712,2.1481,0.49977,0.53847,0.5377,0.3588,0.20554,0.205,long
0.15,20.0,1.0,200.0,10,constant,sim020_15,3,300,600,1.40773,1.40777,2.82702,0.51328,0.57247,0.57138,0.37254,0.1658,0.165,long
0.15,28.0,1.0,200.0,10,constant,sim020_15,3,300,600,1.43487,1.43497,3.43226,0.52007,0.59567,0.59444,0.38082,0.14217,0.14121,long
0.15,32.0,1.0,200.0,10,constant,sim020_15,3,300,600,1.44437,1.44449,3.71236,0.52239,0.60515,0.60388,0.38383,0.1336,0.13258,long
0.15,40.0,1.0,200.0,10,constant,sim020_15,3,300,600,1.45874,1.45889,4.23427,0.52586,0.62139,0.62011,0.38844,0.12044,0.11933,long
0.15,48.0,1.0,200.0,10,constant,sim020_15,3,300,600,1.46921,1.46937,4.71175,0.52836,0.63503,0.63379,0.39181,0.11077,0.10962,long
0.2,4.0,1.0,200.0,10,constant,sim020_20,3,300,600,1.2913,1.29139,1.48278,0.48498,0.49903,0.4989,0.33104,0.27404,0.27395,long
0.2,12.0,1.0,200.0,10,constant,sim020_20,3,300,600,1.49528,1.49546,2.55256,0.55157,0.6032,0.60242,0.35499,0.18891,0.18864,long
0.2,20.0,1.0,200.0,10,constant,sim020_20,3,300,600,1.5651,1.56527,3.48327,0.57228,0.65217,0.65065,0.36685,0.14896,0.14856,long
0.2,28.0,1.0,200.0,10,constant,sim020_20,3,300,600,1.60195,1.60209,4.32041,0.58282,0.68565,0.68339,0.3737,0.12608,0.12559,long
0.2,32.0,1.0,200.0,10,constant,sim020_20,3,300,600,1.61473,1.61485,4.71027,0.58643,0.69934,0.69674,0.37613,0.11794,0.11742,long
0.2,40.0,1.0,200.0,10,constant,sim020_20,3,300,600,1.63397,1.63405,5.4409,0.59183,0.72284,0.71959,0.37979,0.10559,0.105,long
0.2,48.0,1.0,200.0,10,constant,sim020_20,3,300,600,1.6479,1.64792,6.11421,0.59574,0.74264,0.7388,0.3824,0.09665,0.09601,long
0.25,4.0,1.0,200.0,10,constant,sim020_25,3,300,600,1.37537,1.37492,1.60609,0.5178,0.53444,0.53506,0.32779,0.26585,0.26629,long
0.25,12.0,1.0,200.0,10,constant,sim020_25,3,300,600,1.64983,1.64841,2.96041,0.61154,0.67429,0.67768,0.34815,0.17713,0.17861,long
0.25,20.0,1.0,200.0,10,constant,sim020_25,3,300,600,1.74439,1.74264,4.14891,0.64203,0.73996,0.74603,0.35753,0.13744,0.13942,long
0.25,28.0,1.0,200.0,10,constant,sim020_25,3,300,600,1.79419,1.79236,5.22633,0.65779,0.78442,0.79293,0.36274,0.11521,0.11746,long
0.25,32.0,1.0,200.0,10,constant,sim020_25,3,300,600,1.81144,1.80962,5.73087,0.66322,0.80252,0.81216,0.36454,0.10738,0.10973,long
0.25,40.0,1.0,200.0,10,constant,sim020_25,3,300,600,1.83738,1.83561,6.68121,0.67139,0.83347,0.84525,0.36719,0.09558,0.09807,long
0.25,48.0,1.0,200.0,10,constant,sim020_25,3,300,600,1.85614,1.85446,7.56266,0.67732,0.85951,0.87326,0.36903,0.08709,0.08968,long
0.3,4.0,1.0,200.0,10,constant,sim020_30,3,300,600,1.46753,1.46931,1.7,0.55531,0.57358,0.5752,0.32086,0.26124,0.26138,long
0.3,12.0,1.0,200.0,10,constant,sim020_30,3,300,600,1.8234,1.82873,3.35877,0.68239,0.75861,0.76244,0.3376,0.17126,0.1716,long
0.3,20.0,1.0,200.0,10,constant,sim020_30,3,300,600,1.95958,1.96566,4.8741,0.73054,0.85018,0.85625,0.34268,0.13204,0.13315,long
0.3,28.0,1.0,200.0,10,constant,sim020_30,3,300,600,2.0195,2.02598,6.20401,0.75112,0.90368,0.91173,0.34544,0.11152,0.11274,long
0.3,32.0,1.0,200.0,10,constant,sim020_30,3,300,600,2.04304,2.04945,6.8312,0.75904,0.92606,0.93477,0.34669,0.10397,0.1051,long
0.3,40.0,1.0,200.0,10,constant,sim020_30,3,300,600,2.08367,2.09007,7.99079,0.77285,0.9651,0.97467,0.34886,0.09219,0.09316,long
0.3,48.0,1.0,200.0,10,constant,sim020_30,3,300,600,2.11747,2.12448,9.01281,0.78475,0.99785,1.0079,0.35044,0.08352,0.08449,long
0.1,4.0,1.0,200.0,20,constant,sim021_10,3,300,600,1.13892,1.13874,1.24473,0.42654,0.43322,0.43332,0.33471,0.29458,0.29469,long
0.1,12.0,1.0,200.0,20,constant,sim021_10,3,300,600,1.23384,1.23327,1.78758,0.45308,0.47531,0.47595,0.36085,0.22447,0.2249,long
0.1,20.0,1.0,200.0,20,constant,sim021_10,3,300,600,1.26873,1.26794,2.25363,0.46061,0.49376,0.49494,0.3764,0.18525,0.1859,long
0.1,28.0,1.0,200.0,20,constant,sim021_10,3,300,600,1.28806,1.28714,2.66682,0.46428,0.50614,0.50778,0.38631,0.16067,0.16147,long
0.1,32.0,1.0,200.0,20,constant,sim021_10,3,300,600,1.29492,1.29396,2.85723,0.46551,0.51118,0.51302,0.39002,0.15151,0.15238,long
0.1,40.0,1.0,200.0,20,constant,sim021_10,3,300,600,1.30539,1.30436,3.21059,0.46732,0.51979,0.52199,0.39584,0.13719,0.13816,long
0.1,48.0,1.0,200.0,20,constant,sim021_10,3,300,600,1.31305,1.31196,3.53219,0.46861,0.52702,0.52953,0.4002,0.12649,0.12753,long
0.15,4.0,1.0,200.0,20,constant,sim021_15,3,300,600,1.21324,1.21272,1.36822,0.45438,0.46447,0.46433,0.33438,0.28193,0.28205,long
0.15,12.0,1.0,200.0,20,constant,sim021_15,3,300,600,1.35877,1.35739,2.19089,0.49824,0.5326,0.53239,0.36209,0.19997,0.20031,long
0.15,20.0,1.0,200.0,20,constant,sim021_15,3,300,600,1.40903,1.40732,2.90257,0.51108,0.5629,0.56273,0.3767,0.15919,0.15959,long
0.15,28.0,1.0,200.0,20,constant,sim021_15,3,300,600,1.43571,1.43382,3.53793,0.51741,0.58333,0.58318,0.38543,0.13517,0.13559,long
0.15,32.0,1.0,200.0,20,constant,sim021_15,3,300,600,1.44497,1.44301,3.83219,0.51954,0.59166,0.59151,0.38859,0.12651,0.12693,long
0.15,40.0,1.0,200.0,20,constant,sim021_15,3,300,600,1.4589,1.45684,4.38082,0.52268,0.60594,0.60581,0.39343,0.11326,0.11366,long
0.15,48.0,1.0,200.0,20,constant,sim021_15,3,300,600,1.46894,1.46681,4.88312,0.52492,0.61799,0.61787,0.39696,0.10357,0.10396,long
0.2,4.0,1.0,200.0,20,constant,sim021_20,3,300,600,1.29152,1.29152,1.49354,0.48486,0.49774,0.49755,0.33264,0.27166,0.27156,long
0.2,12.0,1.0,200.0,20,constant,sim021_20,3,300,600,1.49427,1.49438,2.60854,0.55053,0.59596,0.59484,0.359,0.18334,0.18303,long
0.2,20.0,1.0,200.0,20,constant,sim021_20,3,300,600,1.56265,1.56283,3.58429,0.57053,0.63998,0.63782,0.37176,0.14263,0.1422,long
0.2,28.0,1.0,200.0,20,constant,sim021_20,3,300,600,1.59826,1.5985,4.46411,0.58053,0.66955,0.66634,0.37907,0.11952,0.11904,long
0.2,32.0,1.0,200.0,20,constant,sim021_20,3,300,600,1.6105,1.61076,4.8744,0.58392,0.68159,0.67786,0.38166,0.11135,0.11084,long
0.2,40.0,1.0,200.0,20,constant,sim021_20,3,300,600,1.62877,1.62907,5.64411,0.58893,0.70222,0.69751,0.38556,0.09897,0.09843,long
0.2,48.0,1.0,200.0,20,constant,sim021_20,3,300,600,1.64187,1.64219,6.35426,0.59251,0.71963,0.71398,0.38835,0.09004,0.08947,long
0.25,4.0,1.0,200.0,20,constant,sim021_25,3,300,600,1.37682,1.37489,1.61895,0.51723,0.53342,0.53279,0.32945,0.26346,0.2637,long
0.25,12.0,1.0,200.0,20,constant,sim021_25,3,300,600,1.65208,1.64613,3.02932,0.60925,0.66753,0.66667,0.35222,0.17183,0.17275,long
0.25,20.0,1.0,200.0,20,constant,sim021_25,3,300,600,1.74597,1.73816,4.27598,0.63865,0.72824,0.72824,0.36253,0.13149,0.13284,long
0.25,28.0,1.0,200.0,20,constant,sim021_25,3,300,600,1.79493,1.78606,5.41029,0.65362,0.76877,0.76993,0.36823,0.10906,0.1107,long
0.25,32.0,1.0,200.0,20,constant,sim021_25,3,300,600,1.81176,1.80252,5.94265,0.65873,0.78519,0.78698,0.37021,0.1012,0.10294,long
0.25,40.0,1.0,200.0,20,constant,sim021_25,3,300,600,1.83693,1.82712,6.9473,0.66635,0.81325,0.81633,0.37314,0.08938,0.09128,long
0.25,48.0,1.0,200.0,20,constant,sim021_25,3,300,600,1.855,1.84477,7.88123,0.67183,0.83688,0.84123,0.37519,0.08091,0.08292,long
0.3,4.0,1.0,200.0,20,constant,sim021_30,3,300,600,1.47682,1.47902,1.74212,0.55821,0.57562,0.5767,0.32331,0.25664,0.25663,long
0.3,12.0,1.0,200.0,20,constant,sim021_30,3,300,600,1.83178,1.83875,3.48844,0.6842,0.75494,0.75852,0.34198,0.16443,0.1647,long
0.3,20.0,1.0,200.0,20,constant,sim021_30,3,300,600,1.9637,1.97177,5.10107,0.73016,0.8394,0.84572,0.34832,0.12434,0.12535,long
0.3,28.0,1.0,200.0,20,constant,sim021_30,3,300,600,2.02131,2.02972,6.51772,0.74953,0.88852,0.89708,0.35172,0.10356,0.1046,long
0.3,32.0,1.0,200.0,20,constant,sim021_30,3,300,600,2.04419,2.05251,7.18462,0.75711,0.90944,0.91873,0.35316,0.09597,0.0969,long
0.3,40.0,1.0,200.0,20,constant,sim021_30,3,300,600,2.084,2.09232,8.41636,0.77045,0.94647,0.9567,0.35554,0.08415,0.08494,long
0.3,48.0,1.0,200.0,20,constant,sim021_30,3,300,600,2.11735,2.12636,9.50156,0.78208,0.97797,0.98873,0.35721,0.0755,0.07632,long
0.1,4.0,2.0,200.0,0,constant,sim022_10,3,300,600,1.14306,1.14267,1.26376,0.42755,0.43483,0.43491,0.33843,0.29039,0.29049,long
0.1,12.0,2.0,200.0,0,constant,sim022_10,3,300,600,1.237,1.23584,1.81916,0.45335,0.47542,0.47597,0.36803,0.21907,0.2195,long
0.1,20.0,2.0,200.0,0,constant,sim022_10,3,300,600,1.27035,1.26886,2.25901,0.46053,0.49167,0.49264,0.38366,0.18216,0.18279,long
0.1,28.0,2.0,200.0,0,constant,sim022_10,3,300,600,1.28832,1.28665,2.62296,0.46398,0.50182,0.50315,0.39315,0.15991,0.16067,long
0.1,32.0,2.0,200.0,0,constant,sim022_10,3,300,600,1.2946,1.29286,2.78308,0.46512,0.50577,0.50725,0.39662,0.15179,0.1526,long
0.1,40.0,2.0,200.0,0,constant,sim022_10,3,300,600,1.30403,1.30221,3.06836,0.46678,0.51228,0.51405,0.40197,0.13926,0.14014,long
0.1,48.0,2.0,200.0,0,constant,sim022_10,3,300,600,1.31083,1.30894,3.31539,0.46793,0.51752,0.51954,0.40592,0.13003,0.13097,long
0.15,4.0,2.0,200.0,0,constant,sim022_15,3,300,600,1.22266,1.21932,1.39883,0.45488,0.46818,0.46583,0.33912,0.27663,0.27645,long
0.15,12.0,2.0,200.0,0,constant,sim022_15,3,300,600,1.37027,1.36213,2.25338,0.49586,0.53518,0.52927,0.37144,0.19345,0.19296,long
0.15,20.0,2.0,200.0,0,constant,sim022_15,3,300,600,1.41984,1.40995,2.9424,0.50753,0.56185,0.55458,0.3867,0.15479,0.15425,long
0.15,28.0,2.0,200.0,0,constant,sim022_15,3,300,600,1.44555,1.43475,3.52063,0.51318,0.57819,0.57022,0.39545,0.13273,0.13218,long
0.15,32.0,2.0,200.0,0,constant,sim022_15,3,300,600,1.45435,1.44324,3.77737,0.51506,0.58446,0.57627,0.39855,0.12491,0.12434,long
0.15,40.0,2.0,200.0,0,constant,sim022_15,3,300,600,1.4674,1.45583,4.2384,0.5178,0.59472,0.58619,0.40325,0.11305,0.11247,long
0.15,48.0,2.0,200.0,0,constant,sim022_15,3,300,600,1.47667,1.46477,4.64142,0.51972,0.60289,0.59413,0.40664,0.10448,0.1039,long
0.2,4.0,2.0,200.0,0,constant,sim022_20,3,300,600,1.30339,1.29936,1.53347,0.48588,0.50245,0.50047,0.33886,0.26522,0.26533,long
0.2,12.0,2.0,200.0,0,constant,sim022_20,3,300,600,1.50742,1.49664,2.68845,0.5473,0.59798,0.59428,0.37144,0.1756,0.17629,long
0.2,20.0,2.0,200.0,0,constant,sim022_20,3,300,600,1.57469,1.5612,3.63142,0.56546,0.63632,0.63321,0.3855,0.13682,0.13801,long
0.2,28.0,2.0,200.0,0,constant,sim022_20,3,300,600,1.60915,1.59421,4.43113,0.57438,0.65979,0.6578,0.39324,0.11541,0.11692,long
0.2,32.0,2.0,200.0,0,constant,sim022_20,3,300,600,1.62086,1.60542,4.78875,0.57737,0.6688,0.66742,0.39593,0.10792,0.10955,long
0.2,40.0,2.0,200.0,0,constant,sim022_20,3,300,600,1.63818,1.62199,5.43499,0.58174,0.68354,0.68339,0.39995,0.09669,0.09851,long
0.2,48.0,2.0,200.0,0,constant,sim022_20,3,300,600,1.65043,1.63372,6.00426,0.58481,0.69531,0.69634,0.40281,0.08865,0.09061,long
0.25,4.0,2.0,200.0,0,constant,sim022_25,3,300,600,1.38503,1.39098,1.66993,0.51934,0.53642,0.54082,0.33571,0.25611,0.25654,long
0.25,12.0,2.0,200.0,0,constant,sim022_25,3,300,600,1.64872,1.66477,3.14258,0.60642,0.66332,0.67609,0.36462,0.16352,0.16446,long
0.25,20.0,2.0,200.0,0,constant,sim022_25,3,300,600,1.73579,1.75602,4.36676,0.6335,0.71651,0.73338,0.37625,0.1255,0.12642,long
0.25,28.0,2.0,200.0,0,constant,sim022_25,3,300,600,1.78038,1.80293,5.42068,0.64709,0.74986,0.76925,0.38244,0.10495,0.10581,long
0.25,32.0,2.0,200.0,0,constant,sim022_25,3,300,600,1.79554,1.81891,5.89675,0.65168,0.76284,0.78318,0.38455,0.09783,0.09867,long
0.25,40.0,2.0,200.0,0,constant,sim022_25,3,300,600,1.818,1.84261,6.76463,0.65845,0.78429,0.80615,0.38766,0.08723,0.08802,long
0.25,48.0,2.0,200.0,0,constant,sim022_25,3,300,600,1.83392,1.85945,7.53742,0.66326,0.80161,0.82464,0.38983,0.07969,0.08044,long
0.3,4.0,2.0,200.0,0,constant,sim022_30,3,300,600,1.48149,1.48035,1.80797,0.55621,0.57857,0.5783,0.33371,0.24898,0.24917,long
0.3,12.0,2.0,200.0,0,constant,sim022_30,3,300,600,1.83214,1.82964,3.606,0.67485,0.75073,0.75117,0.36116,0.15528,0.15582,long
0.3,20.0,2.0,200.0,0,constant,sim022_30,3,300,600,1.95087,1.94801,5.12106,0.71339,0.82377,0.82549,0.3715,0.11772,0.11843,long
0.3,28.0,2.0,200.0,0,constant,sim022_30,3,300,600,2.01219,2.00918,6.44017,0.73304,0.86904,0.87208,0.37685,0.09761,0.0984,long
0.3,32.0,2.0,200.0,0,constant,sim022_30,3,300,600,2.03313,2.03007,7.04056,0.73971,0.88649,0.89018,0.37866,0.09067,0.09149,long
0.3,40.0,2.0,200.0,0,constant,sim022_30,3,300,600,2.06422,2.06109,8.14242,0.74961,0.9151,0.92003,0.38128,0.08036,0.08123,long
0.3,48.0,2.0,200.0,0,constant,sim022_30,3,300,600,2.08633,2.08315,9.13161,0.75665,0.93803,0.94413,0.38308,0.07304,0.07394,long
0.1,4.0,2.0,200.0,10,constant,sim023_10,3,300,600,1.1418,1.13943,1.24463,0.4265,0.43605,0.43453,0.33543,0.29523,0.29515,long
0.1,12.0,2.0,200.0,10,constant,sim023_10,3,300,600,1.23646,1.23086,1.737,0.45224,0.48281,0.47877,0.35989,0.23183,0.23143,long
0.1,20.0,2.0,200.0,10,constant,sim023_10,3,300,600,1.27055,1.26374,2.11906,0.45967,0.5031,0.49794,0.3734,0.19781,0.19729,long
0.1,28.0,2.0,200.0,10,constant,sim023_10,3,300,600,1.28923,1.28177,2.43115,0.46336,0.51593,0.51018,0.38177,0.17691,0.17632,long
0.1,32.0,2.0,200.0,10,constant,sim023_10,3,300,600,1.29584,1.28814,2.56739,0.46461,0.52091,0.51495,0.38485,0.1692,0.16859,long
0.1,40.0,2.0,200.0,10,constant,sim023_10,3,300,600,1.3059,1.29785,2.80858,0.46647,0.52904,0.52281,0.38965,0.15722,0.15658,long
0.1,48.0,2.0,200.0,10,constant,sim023_10,3,300,600,1.31327,1.30495,3.01595,0.4678,0.53551,0.5291,0.3932,0.14833,0.14765,long
0.15,4.0,2.0,200.0,10,constant,sim023_15,3,300,600,1.21533,1.21654,1.37275,0.45472,0.46751,0.46809,0.33558,0.28185,0.28177,long
0.15,12.0,2.0,200.0,10,constant,sim023_15,3,300,600,1.35719,1.35999,2.14408,0.49737,0.53989,0.54135,0.36265,0.20523,0.20513,long
0.15,20.0,2.0,200.0,10,constant,sim023_15,3,300,600,1.40586,1.40914,2.76053,0.51009,0.57148,0.57337,0.37602,0.16821,0.16815,long
0.15,28.0,2.0,200.0,10,constant,sim023_15,3,300,600,1.43171,1.4352,3.27631,0.51648,0.59162,0.59379,0.38381,0.14665,0.14664,long
0.15,32.0,2.0,200.0,10,constant,sim023_15,3,300,600,1.4407,1.44426,3.50505,0.51866,0.59947,0.60175,0.3866,0.13892,0.13892,long
0.15,40.0,2.0,200.0,10,constant,sim023_15,3,300,600,1.45426,1.45789,3.91561,0.52192,0.61242,0.61486,0.39083,0.12711,0.12715,long
0.15,48.0,2.0,200.0,10,constant,sim023_15,3,300,600,1.46409,1.46777,4.27449,0.52427,0.62281,0.62538,0.3939,0.1185,0.11857,long
0.2,4.0,2.0,200.0,10,constant,sim023_20,3,300,600,1.29586,1.2956,1.49952,0.48491,0.50268,0.50151,0.33456,0.27176,0.27124,long
0.2,12.0,2.0,200.0,10,constant,sim023_20,3,300,600,1.49609,1.49582,2.54503,0.54798,0.60884,0.60411,0.36139,0.1895,0.18775,long
0.2,20.0,2.0,200.0,10,constant,sim023_20,3,300,600,1.5638,1.56353,3.3916,0.56743,0.6565,0.64885,0.37347,0.15248,0.15016,long
0.2,28.0,2.0,200.0,10,constant,sim023_20,3,300,600,1.59936,1.59901,4.10766,0.57732,0.68726,0.67714,0.38022,0.13164,0.12899,long
0.2,32.0,2.0,200.0,10,constant,sim023_20,3,300,600,1.61166,1.61126,4.42749,0.58071,0.69934,0.68813,0.38257,0.12428,0.12152,long
0.2,40.0,2.0,200.0,10,constant,sim023_20,3,300,600,1.63016,1.62963,5.00503,0.58579,0.71935,0.70617,0.38608,0.11317,0.11024,long
0.2,48.0,2.0,200.0,10,constant,sim023_20,3,300,600,1.64353,1.64288,5.51349,0.58946,0.7355,0.72059,0.38857,0.10516,0.10211,long
0.25,4.0,2.0,200.0,10,constant,sim023_25,3,300,600,1.37783,1.38382,1.6272,0.51845,0.53758,0.54051,0.33145,0.26335,0.26316,long
0.25,12.0,2.0,200.0,10,constant,sim023_25,3,300,600,1.64186,1.65819,2.95589,0.60856,0.67807,0.68628,0.35507,0.1776,0.17717,long
0.25,20.0,2.0,200.0,10,constant,sim023_25,3,300,600,1.73197,1.75241,4.04743,0.63784,0.74231,0.7525,0.36495,0.14076,0.14008,long
0.25,28.0,2.0,200.0,10,constant,sim023_25,3,300,600,1.77942,1.802,4.98287,0.65302,0.78413,0.79506,0.37026,0.12042,0.11956,long
0.25,32.0,2.0,200.0,10,constant,sim023_25,3,300,600,1.79587,1.81917,5.40453,0.65827,0.80065,0.81172,0.37207,0.1133,0.11237,long
0.25,40.0,2.0,200.0,10,constant,sim023_25,3,300,600,1.82065,1.84499,6.17219,0.66618,0.82815,0.83923,0.37472,0.1026,0.10157,long
0.25,48.0,2.0,200.0,10,constant,sim023_25,3,300,600,1.8386,1.86367,6.85494,0.67193,0.85052,0.86139,0.37655,0.09494,0.09382,long
0.3,4.0,2.0,200.0,10,constant,sim023_30,3,300,600,1.4674,1.47628,1.75978,0.55456,0.5758,0.58088,0.32817,0.25596,0.25616,long
0.3,12.0,2.0,200.0,10,constant,sim023_30,3,300,600,1.81114,1.83686,3.40501,0.67736,0.75878,0.77389,0.34852,0.16794,0.16842,long
0.3,20.0,2.0,200.0,10,constant,sim023_30,3,300,600,1.93136,1.96439,4.78843,0.71928,0.84395,0.8642,0.35627,0.13127,0.13158,long
0.3,28.0,2.0,200.0,10,constant,sim023_30,3,300,600,1.99529,2.03237,5.99724,0.74145,0.8994,0.92296,0.36021,0.11125,0.11141,long
0.3,32.0,2.0,200.0,10,constant,sim023_30,3,300,600,2.01757,2.05606,6.5493,0.74917,0.92126,0.94612,0.36151,0.10429,0.10438,long
0.3,40.0,2.0,200.0,10,constant,sim023_30,3,300,600,2.05124,2.09187,7.56604,0.76086,0.9576,0.98461,0.36334,0.09386,0.09384,long
0.3,48.0,2.0,200.0,10,constant,sim023_30,3,300,600,2.07574,2.11791,8.48321,0.76939,0.98708,1.01586,0.36454,0.08641,0.08629,long
0.1,4.0,2.0,200.0,20,constant,sim024_10,3,300,600,1.14074,1.14012,1.25123,0.42646,0.43469,0.43436,0.33666,0.29322,0.29329,long
0.1,12.0,2.0,200.0,20,constant,sim024_10,3,300,600,1.23357,1.23188,1.76955,0.45189,0.47782,0.47684,0.36353,0.22601,0.22629,long
0.1,20.0,2.0,200.0,20,constant,sim024_10,3,300,600,1.26679,1.26461,2.1776,0.45909,0.49592,0.49454,0.37818,0.19036,0.19083,long
0.1,28.0,2.0,200.0,20,constant,sim024_10,3,300,600,1.28487,1.28239,2.51431,0.46261,0.50733,0.50565,0.38721,0.16856,0.16919,long
0.1,32.0,2.0,200.0,20,constant,sim024_10,3,300,600,1.29122,1.28863,2.66222,0.46378,0.51176,0.50995,0.39053,0.16055,0.16124,long
0.1,40.0,2.0,200.0,20,constant,sim024_10,3,300,600,1.30085,1.29808,2.92546,0.46552,0.51905,0.51702,0.39569,0.14812,0.14892,long
0.1,48.0,2.0,200.0,20,constant,sim024_10,3,300,600,1.30785,1.30494,3.15315,0.46675,0.52488,0.52266,0.39952,0.13891,0.1398,long
0.15,4.0,2.0,200.0,20,constant,sim024_15,3,300,600,1.21396,1.21773,1.37922,0.45394,0.46514,0.4676,0.33633,0.28007,0.28011,long
0.15,12.0,2.0,200.0,20,constant,sim024_15,3,300,600,1.35351,1.36272,2.17316,0.49534,0.53201,0.5381,0.36454,0.20116,0.2011,long
0.15,20.0,2.0,200.0,20,constant,sim024_15,3,300,600,1.40074,1.41199,2.80714,0.50739,0.56026,0.56771,0.37834,0.16373,0.16341,long
0.15,28.0,2.0,200.0,20,constant,sim024_15,3,300,600,1.42553,1.43785,3.33612,0.51335,0.57808,0.58622,0.38636,0.14215,0.14163,long
0.15,32.0,2.0,200.0,20,constant,sim024_15,3,300,600,1.43408,1.44677,3.57018,0.51535,0.58501,0.59339,0.38922,0.13444,0.13385,long
0.15,40.0,2.0,200.0,20,constant,sim024_15,3,300,600,1.44687,1.46011,3.98931,0.51831,0.5964,0.60512,0.39356,0.12273,0.12199,long
0.15,48.0,2.0,200.0,20,constant,sim024_15,3,300,600,1.45605,1.46968,4.35454,0.52042,0.60552,0.61449,0.39671,0.11422,0.11338,long
0.2,4.0,2.0,200.0,20,constant,sim024_20,3,300,600,1.29588,1.29531,1.51052,0.48394,0.50053,0.5003,0.33616,0.269,0.26905,long
0.2,12.0,2.0,200.0,20,constant,sim024_20,3,300,600,1.49549,1.49385,2.60164,0.54526,0.59915,0.59983,0.36525,0.18274,0.18332,long
0.2,20.0,2.0,200.0,20,constant,sim024_20,3,300,600,1.5621,1.56001,3.49096,0.56378,0.6409,0.64274,0.3782,0.14452,0.14547,long
0.2,28.0,2.0,200.0,20,constant,sim024_20,3,300,600,1.59658,1.59426,4.24496,0.57304,0.66704,0.66987,0.3854,0.12319,0.12436,long
0.2,32.0,2.0,200.0,20,constant,sim024_20,3,300,600,1.60838,1.606,4.58208,0.57618,0.67716,0.68041,0.38791,0.1157,0.11695,long
0.2,40.0,2.0,200.0,20,constant,sim024_20,3,300,600,1.62596,1.62348,5.19118,0.58083,0.69376,0.69775,0.39167,0.10442,0.10579,long
0.2,48.0,2.0,200.0,20,constant,sim024_20,3,300,600,1.6385,1.63598,5.72766,0.58416,0.70704,0.71164,0.39434,0.09631,0.09778,long
0.25,4.0,2.0,200.0,20,constant,sim024_25,3,300,600,1.37606,1.38395,1.63877,0.51759,0.53457,0.53941,0.33305,0.26058,0.26088,long
0.25,12.0,2.0,200.0,20,constant,sim024_25,3,300,600,1.63508,1.6566,3.01664,0.60575,0.66623,0.68001,0.35881,0.17148,0.17238,long
0.25,20.0,2.0,200.0,20,constant,sim024_25,3,300,600,1.72189,1.74896,4.15737,0.63387,0.72423,0.74224,0.36952,0.13379,0.13479,long
0.25,28.0,2.0,200.0,20,constant,sim024_25,3,300,600,1.76698,1.79705,5.13894,0.64825,0.76139,0.78192,0.37528,0.11312,0.11416,long
0.25,32.0,2.0,200.0,20,constant,sim024_25,3,300,600,1.78247,1.81359,5.58237,0.65317,0.77597,0.79742,0.37726,0.10591,0.10696,long
0.25,40.0,2.0,200.0,20,constant,sim024_25,3,300,600,1.80561,1.83831,6.39102,0.66053,0.80016,0.82304,0.38016,0.09511,0.09619,long
0.25,48.0,2.0,200.0,20,constant,sim024_25,3,300,600,1.82222,1.85606,7.11152,0.66583,0.81976,0.8437,0.38218,0.08739,0.08848,long
0.3,4.0,2.0,200.0,20,constant,sim024_30,3,300,600,1.4717,1.47366,1.77238,0.55259,0.57561,0.57613,0.32991,0.25394,0.25381,long
0.3,12.0,2.0,200.0,20,constant,sim024_30,3,300,600,1.81866,1.82483,3.46354,0.67019,0.75394,0.75381,0.35277,0.16401,0.16338,long
0.3,20.0,2.0,200.0,20,constant,sim024_30,3,300,600,1.93796,1.94603,4.88448,0.70908,0.83495,0.83307,0.3616,0.12704,0.12605,long
0.3,28.0,2.0,200.0,20,constant,sim024_30,3,300,600,2.0004,2.00948,6.12195,0.72922,0.88729,0.88345,0.36617,0.10701,0.10578,long
0.3,32.0,2.0,200.0,20,constant,sim024_30,3,300,600,2.02192,2.03134,6.68552,0.73615,0.90789,0.90308,0.36771,0.10006,0.09875,long
0.3,40.0,2.0,200.0,20,constant,sim024_30,3,300,600,2.05414,2.06406,7.72055,0.74654,0.94213,0.93545,0.36993,0.0897,0.08824,long
0.3,48.0,2.0,200.0,20,constant,sim024_30,3,300,600,2.07732,2.08756,8.65073,0.75404,0.96995,0.96151,0.37144,0.08231,0.08076,long
0.1,4.0,3.0,200.0,0,constant,sim025_10,3,300,600,1.14541,1.14366,1.26122,0.42767,0.43713,0.43638,0.33868,0.29112,0.29139,long
0.1,12.0,3.0,200.0,0,constant,sim025_10,3,300,600,1.2447,1.24036,1.78099,0.45481,0.48388,0.48215,0.36667,0.22405,0.22505,long
0.1,20.0,3.0,200.0,0,constant,sim025_10,3,300,600,1.2802,1.27485,2.16767,0.46276,0.50309,0.50093,0.381,0.18995,0.19136,long
0.1,28.0,3.0,200.0,0,constant,sim025_10,3,300,600,1.29925,1.29338,2.47279,0.46667,0.51476,0.5123,0.38959,0.16955,0.17121,long
0.1,32.0,3.0,200.0,0,constant,sim025_10,3,300,600,1.30588,1.29983,2.60304,0.46797,0.51918,0.51659,0.39272,0.16214,0.16388,long
0.1,40.0,3.0,200.0,0,constant,sim025_10,3,300,600,1.31583,1.30952,2.82942,0.46987,0.5263,0.52348,0.39752,0.15072,0.1526,long
0.1,48.0,3.0,200.0,0,constant,sim025_10,3,300,600,1.32297,1.31649,3.0198,0.4712,0.53185,0.52883,0.40105,0.14234,0.1443,long
0.15,4.0,3.0,200.0,0,constant,sim025_15,3,300,600,1.22359,1.21969,1.39601,0.45662,0.47049,0.4684,0.34065,0.27682,0.27691,long
0.15,12.0,3.0,200.0,0,constant,sim025_15,3,300,600,1.37655,1.36655,2.20602,0.50211,0.54531,0.53951,0.3732,0.19698,0.19726,long
0.15,20.0,3.0,200.0,0,constant,sim025_15,3,300,600,1.42905,1.41666,2.82633,0.51596,0.57616,0.56852,0.38803,0.16026,0.16077,long
0.15,28.0,3.0,200.0,0,constant,sim025_15,3,300,600,1.45646,1.4428,3.32625,0.52285,0.59483,0.586,0.39643,0.13938,0.14004,long
0.15,32.0,3.0,200.0,0,constant,sim025_15,3,300,600,1.46586,1.45176,3.54248,0.52517,0.60188,0.59258,0.3994,0.13198,0.1327,long
0.15,40.0,3.0,200.0,0,constant,sim025_15,3,300,600,1.47981,1.46506,3.92223,0.52857,0.6132,0.60315,0.40388,0.12077,0.12159,long
0.15,48.0,3.0,200.0,0,constant,sim025_15,3,300,600,1.48972,1.47452,4.24551,0.53097,0.62202,0.61137,0.40711,0.11268,0.11357,long
0.2,4.0,3.0,200.0,0,constant,sim025_20,3,300,600,1.30457,1.3024,1.53084,0.48545,0.50467,0.50375,0.33945,0.26563,0.26595,long
0.2,12.0,3.0,200.0,0,constant,sim025_20,3,300,600,1.51796,1.51238,2.64597,0.54957,0.61076,0.6093,0.37124,0.17866,0.17997,long
0.2,20.0,3.0,200.0,0,constant,sim025_20,3,300,600,1.59077,1.58385,3.52454,0.56957,0.65505,0.65432,0.38467,0.1411,0.14306,long
0.2,28.0,3.0,200.0,0,constant,sim025_20,3,300,600,1.62857,1.62097,4.24832,0.57964,0.68181,0.68203,0.39201,0.12033,0.1227,long
0.2,32.0,3.0,200.0,0,constant,sim025_20,3,300,600,1.64149,1.63366,4.56587,0.58304,0.6919,0.6926,0.39455,0.11307,0.11559,long
0.2,40.0,3.0,200.0,0,constant,sim025_20,3,300,600,1.66066,1.65252,5.13033,0.58806,0.70809,0.70968,0.39835,0.10217,0.10492,long
0.2,48.0,3.0,200.0,0,constant,sim025_20,3,300,600,1.67427,1.66592,5.61783,0.5916,0.72069,0.7231,0.40105,0.09436,0.09729,long
0.25,4.0,3.0,200.0,0,constant,sim025_25,3,300,600,1.3866,1.39104,1.66869,0.51917,0.53993,0.54312,0.33782,0.25617,0.25635,long
0.25,12.0,3.0,200.0,0,constant,sim025_25,3,300,600,1.66092,1.67331,3.10083,0.60996,0.67959,0.68994,0.36805,0.16592,0.16631,long
0.25,20.0,3.0,200.0,0,constant,sim025_25,3,300,600,1.75474,1.77041,4.25311,0.63964,0.73976,0.75398,0.37983,0.12895,0.1293,long
0.25,28.0,3.0,200.0,0,constant,sim025_25,3,300,600,1.80357,1.821,5.21791,0.65488,0.77694,0.79357,0.38603,0.10896,0.10925,long
0.25,32.0,3.0,200.0,0,constant,sim025_25,3,300,600,1.8203,1.83834,5.64561,0.66008,0.79116,0.80869,0.38814,0.10204,0.10231,long
0.25,40.0,3.0,200.0,0,constant,sim025_25,3,300,600,1.84519,1.86413,6.41255,0.66781,0.81426,0.83319,0.39124,0.09172,0.09195,long
0.25,48.0,3.0,200.0,0,constant,sim025_25,3,300,600,1.86291,1.88249,7.08183,0.67332,0.83251,0.85249,0.3934,0.08438,0.08458,long
0.3,4.0,3.0,200.0,0,constant,sim025_30,3,300,600,1.47946,1.47957,1.80727,0.55743,0.58163,0.58144,0.33708,0.24853,0.2484,long
0.3,12.0,3.0,200.0,0,constant,sim025_30,3,300,600,1.83773,1.83716,3.55955,0.68348,0.76917,0.76816,0.36773,0.15703,0.15671,long
0.3,20.0,3.0,200.0,0,constant,sim025_30,3,300,600,1.96355,1.96242,4.99134,0.72686,0.85249,0.85082,0.37896,0.12058,0.1202,long
0.3,28.0,3.0,200.0,0,constant,sim025_30,3,300,600,2.02977,2.02826,6.20618,0.7496,0.90425,0.9021,0.38473,0.10104,0.10064,long
0.3,32.0,3.0,200.0,0,constant,sim025_30,3,300,600,2.05259,2.05093,6.74961,0.75744,0.92406,0.92171,0.38667,0.0943,0.0939,long
0.3,40.0,3.0,200.0,0,constant,sim025_30,3,300,600,2.08668,2.08478,7.73188,0.76915,0.95619,0.95354,0.38949,0.08426,0.08385,long
0.3,48.0,3.0,200.0,0,constant,sim025_30,3,300,600,2.11106,2.10897,8.59749,0.77754,0.98153,0.97866,0.39143,0.07713,0.07673,long
0.1,4.0,3.0,200.0,10,constant,sim026_10,3,300,600,1.13985,1.14671,1.24713,0.42789,0.43507,0.44017,0.33506,0.2945,0.29519,long
0.1,12.0,3.0,200.0,10,constant,sim026_10,3,300,600,1.23262,1.24892,1.71784,0.45635,0.48053,0.49499,0.3573,0.23294,0.23561,long
0.1,20.0,3.0,200.0,10,constant,sim026_10,3,300,600,1.26614,1.28576,2.06009,0.46505,0.49959,0.51886,0.3692,0.20105,0.20457,long
0.1,28.0,3.0,200.0,10,constant,sim026_10,3,300,600,1.28446,1.3058,2.32676,0.46945,0.51119,0.53358,0.37645,0.18173,0.18573,long
0.1,32.0,3.0,200.0,10,constant,sim026_10,3,300,600,1.29092,1.31285,2.43984,0.47096,0.51558,0.53916,0.37911,0.17465,0.17882,long
0.1,40.0,3.0,200.0,10,constant,sim026_10,3,300,600,1.30075,1.32356,2.63542,0.47321,0.52261,0.54815,0.38322,0.16369,0.16811,long
0.1,48.0,3.0,200.0,10,constant,sim026_10,3,300,600,1.30793,1.33137,2.7991,0.47482,0.52808,0.55514,0.38625,0.15557,0.16017,long
0.15,4.0,3.0,200.0,10,constant,sim026_15,3,300,600,1.21679,1.22103,1.37424,0.45554,0.46864,0.47206,0.33614,0.2814,0.28202,long
0.15,12.0,3.0,200.0,10,constant,sim026_15,3,300,600,1.36416,1.37453,2.11887,0.50099,0.5448,0.55527,0.36211,0.20683,0.20909,long
0.15,20.0,3.0,200.0,10,constant,sim026_15,3,300,600,1.41589,1.42846,2.6876,0.51522,0.57741,0.59222,0.3745,0.17131,0.17435,long
0.15,28.0,3.0,200.0,10,constant,sim026_15,3,300,600,1.44354,1.45729,3.14731,0.5225,0.59731,0.61531,0.38162,0.15072,0.1542,long
0.15,32.0,3.0,200.0,10,constant,sim026_15,3,300,600,1.45318,1.46735,3.34677,0.52501,0.60482,0.62416,0.38416,0.14334,0.14697,long
0.15,40.0,3.0,200.0,10,constant,sim026_15,3,300,600,1.46773,1.48254,3.69824,0.52876,0.61687,0.63851,0.38799,0.13209,0.13594,long
0.15,48.0,3.0,200.0,10,constant,sim026_15,3,300,600,1.47829,1.49358,3.99889,0.53148,0.62621,0.6498,0.39074,0.12389,0.12789,long
0.2,4.0,3.0,200.0,10,constant,sim026_20,3,300,600,1.2993,1.2957,1.50287,0.48521,0.50621,0.50367,0.33697,0.27088,0.27068,long
0.2,12.0,3.0,200.0,10,constant,sim026_20,3,300,600,1.50999,1.50084,2.52563,0.55119,0.62163,0.61472,0.36533,0.19012,0.18969,long
0.2,20.0,3.0,200.0,10,constant,sim026_20,3,300,600,1.5831,1.57181,3.32179,0.57245,0.67296,0.66396,0.37752,0.15423,0.15384,long
0.2,28.0,3.0,200.0,10,constant,sim026_20,3,300,600,1.62178,1.60935,3.97422,0.58345,0.70492,0.6946,0.3842,0.13408,0.13375,long
0.2,32.0,3.0,200.0,10,constant,sim026_20,3,300,600,1.63519,1.62238,4.25972,0.58725,0.71713,0.7063,0.38651,0.12697,0.12667,long
0.2,40.0,3.0,200.0,10,constant,sim026_20,3,300,600,1.65538,1.642,4.76641,0.59296,0.73688,0.72523,0.38994,0.11624,0.11599,long
0.2,48.0,3.0,200.0,10,constant,sim026_20,3,300,600,1.66999,1.6562,5.20342,0.59711,0.75237,0.74007,0.39236,0.1085,0.10829,long
0.25,4.0,3.0,200.0,10,constant,sim026_25,3,300,600,1.38596,1.38514,1.62993,0.51819,0.54311,0.54325,0.33337,0.2631,0.26348,long
0.25,12.0,3.0,200.0,10,constant,sim026_25,3,300,600,1.67031,1.6685,2.9193,0.61104,0.6979,0.7003,0.35779,0.17968,0.18125,long
0.25,20.0,3.0,200.0,10,constant,sim026_25,3,300,600,1.77147,1.76945,3.9349,0.64264,0.76867,0.77348,0.36744,0.1439,0.14618,long
0.25,28.0,3.0,200.0,10,constant,sim026_25,3,300,600,1.82568,1.82364,4.7772,0.65942,0.81328,0.82014,0.37248,0.12408,0.12679,long
0.25,32.0,3.0,200.0,10,constant,sim026_25,3,300,600,1.84462,1.84261,5.14899,0.66529,0.83043,0.83819,0.37417,0.11713,0.11999,long
0.25,40.0,3.0,200.0,10,constant,sim026_25,3,300,600,1.87329,1.87137,5.81398,0.67419,0.85832,0.86768,0.37662,0.10666,0.10975,long
0.25,48.0,3.0,200.0,10,constant,sim026_25,3,300,600,1.89416,1.89236,6.39312,0.68071,0.88034,0.89106,0.37829,0.09913,0.10239,long
0.3,4.0,3.0,200.0,10,constant,sim026_30,3,300,600,1.47369,1.47367,1.7629,0.55491,0.58304,0.58212,0.33191,0.25571,0.25535,long
0.3,12.0,3.0,200.0,10,constant,sim026_30,3,300,600,1.83457,1.83604,3.35995,0.6814,0.78604,0.78311,0.35568,0.17086,0.16967,long
0.3,20.0,3.0,200.0,10,constant,sim026_30,3,300,600,1.96513,1.96765,4.64548,0.72626,0.88232,0.87822,0.36423,0.13576,0.13423,long
0.3,28.0,3.0,200.0,10,constant,sim026_30,3,300,600,2.03566,2.03886,5.72931,0.75043,0.94412,0.93914,0.36847,0.11659,0.11486,long
0.3,32.0,3.0,200.0,10,constant,sim026_30,3,300,600,2.06043,2.06389,6.21278,0.75892,0.96814,0.96276,0.36984,0.1099,0.10812,long
0.3,40.0,3.0,200.0,10,constant,sim026_30,3,300,600,2.09805,2.10192,7.08523,0.77184,1.00749,1.0014,0.37176,0.09988,0.098,long
0.3,48.0,3.0,200.0,10,constant,sim026_30,3,300,600,2.12557,2.12976,7.85315,0.78132,1.03885,1.03209,0.37301,0.0927,0.09076,long
0.1,4.0,3.0,200.0,20,constant,sim027_10,3,300,600,1.14428,1.14007,1.25158,0.42765,0.43769,0.43562,0.33818,0.29307,0.29342,long
0.1,12.0,3.0,200.0,20,constant,sim027_10,3,300,600,1.24344,1.23241,1.74071,0.45548,0.48688,0.48183,0.36533,0.22904,0.23043,long
0.1,20.0,3.0,200.0,20,constant,sim027_10,3,300,600,1.27922,1.26527,2.10025,0.46379,0.50738,0.50138,0.37931,0.19596,0.19819,long
0.1,28.0,3.0,200.0,20,constant,sim027_10,3,300,600,1.29863,1.28303,2.38198,0.46793,0.51977,0.51343,0.38772,0.17599,0.17879,long
0.1,32.0,3.0,200.0,20,constant,sim027_10,3,300,600,1.30543,1.28924,2.5018,0.46933,0.52443,0.51802,0.39078,0.16869,0.17172,long
0.1,40.0,3.0,200.0,20,constant,sim027_10,3,300,600,1.31571,1.29864,2.70943,0.4714,0.53188,0.52543,0.39551,0.1574,0.16079,long
0.1,48.0,3.0,200.0,20,constant,sim027_10,3,300,600,1.32316,1.30546,2.88353,0.47287,0.53764,0.53123,0.39898,0.14907,0.15274,long
0.15,4.0,3.0,200.0,20,constant,sim027_15,3,300,600,1.21985,1.21966,1.37993,0.45473,0.46947,0.46905,0.33741,0.28051,0.2803,long
0.15,12.0,3.0,200.0,20,constant,sim027_15,3,300,600,1.37077,1.36973,2.14076,0.49864,0.54528,0.54428,0.36557,0.20504,0.20456,long
0.15,20.0,3.0,200.0,20,constant,sim027_15,3,300,600,1.42329,1.42175,2.7191,0.51208,0.57707,0.57607,0.37886,0.16948,0.16897,long
0.15,28.0,3.0,200.0,20,constant,sim027_15,3,300,600,1.45109,1.44923,3.18374,0.51886,0.5963,0.59548,0.38649,0.14899,0.14849,long
0.15,32.0,3.0,200.0,20,constant,sim027_15,3,300,600,1.46072,1.45873,3.38444,0.52116,0.60354,0.60284,0.38919,0.14168,0.1412,long
0.15,40.0,3.0,200.0,20,constant,sim027_15,3,300,600,1.47516,1.47297,3.73668,0.52459,0.61513,0.61467,0.39329,0.13055,0.1301,long
0.15,48.0,3.0,200.0,20,constant,sim027_15,3,300,600,1.48555,1.4832,4.03644,0.52704,0.6241,0.6239,0.39625,0.12246,0.12205,long
0.2,4.0,3.0,200.0,20,constant,sim027_20,3,300,600,1.29653,1.29293,1.51276,0.48733,0.50502,0.50312,0.34016,0.26796,0.26806,long
0.2,12.0,3.0,200.0,20,constant,sim027_20,3,300,600,1.50097,1.492,2.57166,0.55585,0.61511,0.61129,0.37237,0.18387,0.18459,long
0.2,20.0,3.0,200.0,20,constant,sim027_20,3,300,600,1.5708,1.55987,3.40003,0.57788,0.66241,0.65854,0.38586,0.14715,0.14838,long
0.2,28.0,3.0,200.0,20,constant,sim027_20,3,300,600,1.60733,1.59541,4.0794,0.58918,0.69134,0.68783,0.39319,0.12674,0.12829,long
0.2,32.0,3.0,200.0,20,constant,sim027_20,3,300,600,1.61989,1.60765,4.37661,0.59304,0.7023,0.69901,0.39572,0.11958,0.12126,long
0.2,40.0,3.0,200.0,20,constant,sim027_20,3,300,600,1.63867,1.62597,4.90366,0.59882,0.71992,0.71709,0.39948,0.10881,0.11068,long
0.2,48.0,3.0,200.0,20,constant,sim027_20,3,300,600,1.65214,1.63913,5.35759,0.60297,0.73366,0.73128,0.40212,0.10109,0.10309,long
0.25,4.0,3.0,200.0,20,constant,sim027_25,3,300,600,1.38867,1.38008,1.64169,0.51738,0.54401,0.53832,0.33651,0.26092,0.2604,long
0.25,12.0,3.0,200.0,20,constant,sim027_25,3,300,600,1.67509,1.65167,2.97992,0.60751,0.6971,0.68207,0.36551,0.17534,0.17399,long
0.25,20.0,3.0,200.0,20,constant,sim027_25,3,300,600,1.77576,1.74618,4.04362,0.63737,0.76545,0.74673,0.37704,0.13912,0.13771,long
0.25,28.0,3.0,200.0,20,constant,sim027_25,3,300,600,1.82908,1.79614,4.92951,0.65293,0.80803,0.78748,0.38314,0.11919,0.11782,long
0.25,32.0,3.0,200.0,20,constant,sim027_25,3,300,600,1.84756,1.81344,5.3213,0.65831,0.82432,0.8032,0.38521,0.11223,0.11088,long
0.25,40.0,3.0,200.0,20,constant,sim027_25,3,300,600,1.87533,1.83945,6.02285,0.66639,0.85073,0.82882,0.38824,0.10179,0.10049,long
0.25,48.0,3.0,200.0,20,constant,sim027_25,3,300,600,1.89537,1.85823,6.63441,0.67223,0.8715,0.84912,0.39034,0.0943,0.09305,long
0.3,4.0,3.0,200.0,20,constant,sim027_30,3,300,600,1.47256,1.47853,1.77847,0.55293,0.57874,0.58221,0.33247,0.25288,0.2531,long
0.3,12.0,3.0,200.0,20,constant,sim027_30,3,300,600,1.82756,1.84637,3.44214,0.67442,0.76766,0.77905,0.35693,0.16437,0.16517,long
0.3,20.0,3.0,200.0,20,constant,sim027_30,3,300,600,1.95364,1.97872,4.79653,0.71647,0.85389,0.86963,0.36581,0.12826,0.12917,long
0.3,28.0,3.0,200.0,20,constant,sim027_30,3,300,600,2.02074,2.04953,5.94525,0.73879,0.90824,0.92671,0.37028,0.1087,0.10964,long
0.3,32.0,3.0,200.0,20,constant,sim027_30,3,300,600,2.04406,2.0742,6.45926,0.74655,0.92918,0.94865,0.37175,0.10192,0.10286,long
0.3,40.0,3.0,200.0,20,constant,sim027_30,3,300,600,2.07917,2.11141,7.38884,0.75828,0.9633,0.98434,0.37384,0.09178,0.09272,long
0.3,48.0,3.0,200.0,20,constant,sim027_30,3,300,600,2.10456,2.13836,8.20882,0.76681,0.99033,1.01253,0.37523,0.08455,0.08549,long
0.1,4.0,1.0,50.0,5,constant,sim028_10,3,250,250,1.13699,1.13701,1.2117,0.42741,0.43392,0.43403,0.33048,0.30252,0.30256,short
0.1,12.0,1.0,50.0,5,constant,sim028_10,3,250,250,1.22392,1.22391,1.53592,0.45562,0.47506,0.47524,0.34399,0.25883,0.25896,short
0.1,20.0,1.0,50.0,5,constant,sim028_10,3,250,250,1.25273,1.25271,1.72493,0.46389,0.49,0.49013,0.35126,0.23733,0.23749,short
0.1,28.0,1.0,50.0,5,constant,sim028_10,3,250,250,1.26788,1.26787,1.85205,0.46799,0.49825,0.49832,0.3557,0.22462,0.22477,short
0.1,32.0,1.0,50.0,5,constant,sim028_10,3,250,250,1.27314,1.27314,1.90159,0.46938,0.5012,0.50123,0.35733,0.22001,0.22015,short
0.1,40.0,1.0,50.0,5,constant,sim028_10,3,250,250,1.28108,1.28109,1.98201,0.47143,0.50571,0.50569,0.35988,0.21289,0.21301,short
0.1,48.0,1.0,50.0,5,constant,sim028_10,3,250,250,1.28684,1.28686,2.04482,0.4729,0.50904,0.50897,0.36178,0.20762,0.20772,short
0.15,4.0,1.0,50.0,5,constant,sim028_15,3,250,250,1.21091,1.21121,1.32151,0.4556,0.46547,0.46537,0.32897,0.29208,0.29188,short
0.15,12.0,1.0,50.0,5,constant,sim028_15,3,250,250,1.34846,1.34926,1.82837,0.50192,0.53225,0.53163,0.34352,0.23793,0.23721,short
0.15,20.0,1.0,50.0,5,constant,sim028_15,3,250,250,1.39373,1.39471,2.13252,0.51598,0.55719,0.55617,0.35084,0.21288,0.2119,short
0.15,28.0,1.0,50.0,5,constant,sim028_15,3,250,250,1.41735,1.41843,2.34102,0.52306,0.57114,0.56981,0.35517,0.19847,0.19735,short
0.15,32.0,1.0,50.0,5,constant,sim028_15,3,250,250,1.42552,1.42663,2.42319,0.52547,0.57614,0.57468,0.35674,0.19331,0.19213,short
0.15,40.0,1.0,50.0,5,constant,sim028_15,3,250,250,1.43782,1.43897,2.55772,0.52906,0.58385,0.58217,0.35917,0.1854,0.18414,short
0.15,48.0,1.0,50.0,5,constant,sim028_15,3,250,250,1.44674,1.44792,2.66381,0.53163,0.58956,0.58771,0.36097,0.17958,0.17826,short
0.2,4.0,1.0,50.0,5,constant,sim028_20,3,250,250,1.28896,1.28976,1.43423,0.48595,0.49857,0.49908,0.32653,0.28299,0.28295,short
0.2,12.0,1.0,50.0,5,constant,sim028_20,3,250,250,1.48481,1.48711,2.14135,0.55426,0.5941,0.59587,0.34021,0.22126,0.2212,short
0.2,20.0,1.0,50.0,5,constant,sim028_20,3,250,250,1.5496,1.55256,2.57868,0.57572,0.63044,0.63292,0.34671,0.19391,0.19381,short
0.2,28.0,1.0,50.0,5,constant,sim028_20,3,250,250,1.58332,1.58667,2.88426,0.58665,0.65088,0.6538,0.35047,0.17849,0.17836,short
0.2,32.0,1.0,50.0,5,constant,sim028_20,3,250,250,1.59496,1.59846,3.00598,0.59039,0.65822,0.66131,0.35181,0.17302,0.17287,short
0.2,40.0,1.0,50.0,5,constant,sim028_20,3,250,250,1.61244,1.61617,3.20686,0.59597,0.66955,0.67289,0.35387,0.16468,0.16451,short
0.2,48.0,1.0,50.0,5,constant,sim028_20,3,250,250,1.62508,1.629,3.36664,0.59999,0.67795,0.68149,0.35539,0.15858,0.15839,short
0.25,4.0,1.0,50.0,5,constant,sim028_25,3,250,250,1.3736,1.37236,1.551,0.51869,0.53482,0.53394,0.32368,0.27511,0.27517,short
0.25,12.0,1.0,50.0,5,constant,sim028_25,3,250,250,1.6416,1.6377,2.48186,0.61395,0.66693,0.66429,0.33577,0.20792,0.20834,short
0.25,20.0,1.0,50.0,5,constant,sim028_25,3,250,250,1.73236,1.72728,3.07901,0.64515,0.71915,0.71568,0.34117,0.17886,0.17954,short
0.25,28.0,1.0,50.0,5,constant,sim028_25,3,250,250,1.77991,1.77419,3.50648,0.66129,0.74898,0.74505,0.34421,0.16265,0.16347,short
0.25,32.0,1.0,50.0,5,constant,sim028_25,3,250,250,1.79635,1.79042,3.67912,0.66684,0.75978,0.75569,0.34528,0.15692,0.1578,short
0.25,40.0,1.0,50.0,5,constant,sim028_25,3,250,250,1.82107,1.81483,3.967,0.67517,0.77651,0.77219,0.34691,0.14822,0.14917,short
0.25,48.0,1.0,50.0,5,constant,sim028_25,3,250,250,1.83896,1.83251,4.19858,0.68118,0.78899,0.78451,0.3481,0.14189,0.14289,short
0.3,4.0,1.0,50.0,5,constant,sim028_30,3,250,250,1.46247,1.46302,1.66919,0.55449,0.57255,0.57245,0.31935,0.26897,0.26878,short
0.3,12.0,1.0,50.0,5,constant,sim028_30,3,250,250,1.81121,1.81287,2.82944,0.68292,0.74499,0.7444,0.32772,0.19936,0.19874,short
0.3,20.0,1.0,50.0,5,constant,sim028_30,3,250,250,1.93191,1.93397,3.5925,0.72674,0.81512,0.81422,0.33125,0.1698,0.16898,short
0.3,28.0,1.0,50.0,5,constant,sim028_30,3,250,250,1.99555,1.99772,4.14807,0.7497,0.85562,0.85454,0.3332,0.15338,0.15249,short
0.3,32.0,1.0,50.0,5,constant,sim028_30,3,250,250,2.01762,2.0198,4.37468,0.75765,0.87036,0.86921,0.33389,0.14759,0.14668,short
0.3,40.0,1.0,50.0,5,constant,sim028_30,3,250,250,2.05086,2.05299,4.75549,0.76959,0.89329,0.89203,0.33493,0.1388,0.13788,short
0.3,48.0,1.0,50.0,5,constant,sim028_30,3,250,250,2.07494,2.077,5.06449,0.77822,0.91047,0.90911,0.33568,0.1324,0.13148,short
0.1,4.0,2.0,50.0,5,constant,sim029_10,3,250,250,1.13922,1.13959,1.21029,0.42801,0.4347,0.43562,0.33106,0.30294,0.30338,short
0.1,12.0,2.0,50.0,5,constant,sim029_10,3,250,250,1.22428,1.22495,1.48233,0.4559,0.47474,0.47742,0.34303,0.266,0.26733,short
0.1,20.0,2.0,50.0,5,constant,sim029_10,3,250,250,1.25151,1.2522,1.61675,0.4641,0.48858,0.49213,0.34864,0.24952,0.25124,short
0.1,28.0,2.0,50.0,5,constant,sim029_10,3,250,250,1.26549,1.26615,1.69884,0.46816,0.49592,0.49999,0.35188,0.24019,0.24213,short
0.1,32.0,2.0,50.0,5,constant,sim029_10,3,250,250,1.27027,1.27091,1.72921,0.46952,0.49846,0.50272,0.35305,0.23688,0.2389,short
0.1,40.0,2.0,50.0,5,constant,sim029_10,3,250,250,1.27739,1.27799,1.77671,0.47153,0.50228,0.50683,0.35483,0.23183,0.23397,short
0.1,48.0,2.0,50.0,5,constant,sim029_10,3,250,250,1.28248,1.28304,1.81234,0.47295,0.50503,0.50979,0.35615,0.22814,0.23038,short
0.15,4.0,2.0,50.0,5,constant,sim029_15,3,250,250,1.211,1.21828,1.31983,0.45613,0.46592,0.46905,0.32887,0.29312,0.29254,short
0.15,12.0,2.0,50.0,5,constant,sim029_15,3,250,250,1.3411,1.35965,1.7506,0.5013,0.52987,0.53823,0.34115,0.24717,0.24561,short
0.15,20.0,2.0,50.0,5,constant,sim029_15,3,250,250,1.38272,1.40551,1.9717,0.51499,0.55265,0.56327,0.34671,0.2275,0.22539,short
0.15,28.0,2.0,50.0,5,constant,sim029_15,3,250,250,1.40412,1.42906,2.10983,0.52185,0.56491,0.5768,0.34988,0.21652,0.21412,short
0.15,32.0,2.0,50.0,5,constant,sim029_15,3,250,250,1.41145,1.43711,2.16158,0.52417,0.56919,0.58153,0.35101,0.21263,0.21014,short
0.15,40.0,2.0,50.0,5,constant,sim029_15,3,250,250,1.4224,1.44908,2.24328,0.52759,0.57565,0.58868,0.35275,0.20672,0.2041,short
0.15,48.0,2.0,50.0,5,constant,sim029_15,3,250,250,1.43026,1.45763,2.30518,0.53002,0.58033,0.59385,0.35403,0.2024,0.19972,short
0.2,4.0,2.0,50.0,5,constant,sim029_20,3,250,250,1.29275,1.29556,1.43218,0.48742,0.50102,0.50212,0.32793,0.284,0.2837,short
0.2,12.0,2.0,50.0,5,constant,sim029_20,3,250,250,1.48411,1.49142,2.03309,0.55486,0.59636,0.5989,0.3416,0.23107,0.23016,short
0.2,20.0,2.0,50.0,5,constant,sim029_20,3,250,250,1.54654,1.55545,2.35066,0.57609,0.63169,0.6347,0.34731,0.20905,0.20789,short
0.2,28.0,2.0,50.0,5,constant,sim029_20,3,250,250,1.57878,1.58842,2.55234,0.58689,0.65099,0.65424,0.35048,0.19689,0.19565,short
0.2,32.0,2.0,50.0,5,constant,sim029_20,3,250,250,1.58984,1.5997,2.62852,0.59057,0.65778,0.66111,0.35159,0.19261,0.19136,short
0.2,40.0,2.0,50.0,5,constant,sim029_20,3,250,250,1.60635,1.61649,2.74946,0.59603,0.66807,0.67152,0.35329,0.18613,0.18488,short
0.2,48.0,2.0,50.0,5,constant,sim029_20,3,250,250,1.6182,1.62848,2.8416,0.59992,0.67554,0.67908,0.35452,0.18142,0.1802,short
0.25,4.0,2.0,50.0,5,constant,sim029_25,3,250,250,1.3812,1.37793,1.54885,0.52061,0.53869,0.53764,0.32587,0.27615,0.27645,short
0.25,12.0,2.0,50.0,5,constant,sim029_25,3,250,250,1.64859,1.63914,2.34826,0.61464,0.67166,0.66847,0.33961,0.21757,0.21824,short
0.25,20.0,2.0,50.0,5,constant,sim029_25,3,250,250,1.73892,1.7267,2.79045,0.6456,0.72304,0.71882,0.34504,0.19339,0.1943,short
0.25,28.0,2.0,50.0,5,constant,sim029_25,3,250,250,1.78617,1.77235,3.07916,0.66165,0.75165,0.74682,0.34797,0.18008,0.18115,short
0.25,32.0,2.0,50.0,5,constant,sim029_25,3,250,250,1.80248,1.78807,3.18991,0.66716,0.76182,0.75677,0.349,0.17539,0.17653,short
0.25,40.0,2.0,50.0,5,constant,sim029_25,3,250,250,1.82692,1.81161,3.36772,0.67542,0.77735,0.77195,0.35054,0.1683,0.16955,short
0.25,48.0,2.0,50.0,5,constant,sim029_25,3,250,250,1.84452,1.82853,3.50489,0.68135,0.78871,0.78306,0.35166,0.16314,0.16449,short
0.3,4.0,2.0,50.0,5,constant,sim029_30,3,250,250,1.47439,1.47063,1.67126,0.55645,0.57742,0.57633,0.32221,0.26944,0.2698,short
0.3,12.0,2.0,50.0,5,constant,sim029_30,3,250,250,1.82693,1.81609,2.68889,0.68193,0.74998,0.74722,0.33374,0.2071,0.208,short
0.3,20.0,2.0,50.0,5,constant,sim029_30,3,250,250,1.94907,1.93529,3.27097,0.7247,0.81833,0.81499,0.33795,0.18165,0.1828,short
0.3,28.0,2.0,50.0,5,constant,sim029_30,3,250,250,2.01335,1.99801,3.65811,0.74713,0.85676,0.85315,0.34014,0.16772,0.16901,short
0.3,32.0,2.0,50.0,5,constant,sim029_30,3,250,250,2.03556,2.01968,3.80804,0.75488,0.87048,0.86678,0.34089,0.16284,0.16418,short
0.3,40.0,2.0,50.0,5,constant,sim029_30,3,250,250,2.06885,2.05219,4.05028,0.7665,0.89148,0.88765,0.342,0.15546,0.15687,short
0.3,48.0,2.0,50.0,5,constant,sim029_30,3,250,250,2.09279,2.07559,4.23837,0.77485,0.90689,0.90298,0.34279,0.15013,0.15159,short
0.1,4.0,3.0,50.0,5,constant,sim030_10,3,250,250,1.14386,1.14375,1.21446,0.43022,0.43728,0.43739,0.3325,0.30232,0.30237,short
0.1,12.0,3.0,50.0,5,constant,sim030_10,3,250,250,1.23516,1.23564,1.47266,0.46181,0.48209,0.48232,0.34553,0.26781,0.26759,short
0.1,20.0,3.0,50.0,5,constant,sim030_10,3,250,250,1.2648,1.26571,1.59074,0.4717,0.49826,0.49852,0.35112,0.25328,0.25285,short
0.1,28.0,3.0,50.0,5,constant,sim030_10,3,250,250,1.27991,1.28108,1.65951,0.47667,0.50689,0.50716,0.35421,0.24533,0.24474,short
0.1,32.0,3.0,50.0,5,constant,sim030_10,3,250,250,1.28502,1.28629,1.68423,0.47834,0.50987,0.51015,0.35529,0.24256,0.24192,short
0.1,40.0,3.0,50.0,5,constant,sim030_10,3,250,250,1.29256,1.29398,1.72206,0.48079,0.51433,0.51461,0.3569,0.23841,0.23769,short
0.1,48.0,3.0,50.0,5,constant,sim030_10,3,250,250,1.29786,1.29939,1.74967,0.48251,0.51751,0.5178,0.35805,0.23545,0.23467,short
0.15,4.0,3.0,50.0,5,constant,sim030_15,3,250,250,1.22155,1.2286,1.32917,0.45883,0.46826,0.47217,0.32979,0.29155,0.29168,short
0.15,12.0,3.0,50.0,5,constant,sim030_15,3,250,250,1.36775,1.38721,1.74725,0.50849,0.53672,0.54703,0.34209,0.24693,0.24686,short
0.15,20.0,3.0,50.0,5,constant,sim030_15,3,250,250,1.4161,1.44077,1.94734,0.52427,0.56193,0.5749,0.34717,0.22877,0.22825,short
0.15,28.0,3.0,50.0,5,constant,sim030_15,3,250,250,1.44091,1.46843,2.06675,0.53225,0.57555,0.58996,0.34993,0.21894,0.21809,short
0.15,32.0,3.0,50.0,5,constant,sim030_15,3,250,250,1.44934,1.47784,2.11024,0.53494,0.58029,0.5952,0.35088,0.21553,0.21455,short
0.15,40.0,3.0,50.0,5,constant,sim030_15,3,250,250,1.4618,1.49177,2.17738,0.5389,0.58742,0.60307,0.35231,0.21044,0.20927,short
0.15,48.0,3.0,50.0,5,constant,sim030_15,3,250,250,1.47058,1.50161,2.22688,0.54169,0.59253,0.60872,0.35333,0.20681,0.2055,short
0.2,4.0,3.0,50.0,5,constant,sim030_20,3,250,250,1.3026,1.30694,1.45224,0.49187,0.5044,0.50636,0.33107,0.28052,0.28014,short
0.2,12.0,3.0,50.0,5,constant,sim030_20,3,250,250,1.50928,1.52159,2.06804,0.56667,0.60511,0.61124,0.34822,0.2261,0.2251,short
0.2,20.0,3.0,50.0,5,constant,sim030_20,3,250,250,1.57857,1.59437,2.38053,0.59132,0.64317,0.65143,0.35492,0.20433,0.20296,short
0.2,28.0,3.0,50.0,5,constant,sim030_20,3,250,250,1.61432,1.63207,2.57293,0.60395,0.66395,0.6735,0.35848,0.19262,0.19101,short
0.2,32.0,3.0,50.0,5,constant,sim030_20,3,250,250,1.62649,1.64492,2.64417,0.60824,0.67124,0.68125,0.35971,0.18858,0.18687,short
0.2,40.0,3.0,50.0,5,constant,sim030_20,3,250,250,1.64451,1.66397,2.75535,0.61457,0.68222,0.69295,0.36153,0.18254,0.1807,short
0.2,48.0,3.0,50.0,5,constant,sim030_20,3,250,250,1.65724,1.67744,2.83831,0.61904,0.69014,0.70139,0.36281,0.17825,0.17631,short
0.25,4.0,3.0,50.0,5,constant,sim030_25,3,250,250,1.39224,1.39417,1.57218,0.52458,0.54206,0.54259,0.32844,0.27297,0.27243,short
0.25,12.0,3.0,50.0,5,constant,sim030_25,3,250,250,1.67993,1.68503,2.38995,0.62563,0.68211,0.68335,0.34463,0.2137,0.21219,short
0.25,20.0,3.0,50.0,5,constant,sim030_25,3,250,250,1.78056,1.78709,2.82473,0.66011,0.73784,0.73929,0.35058,0.19008,0.18815,short
0.25,28.0,3.0,50.0,5,constant,sim030_25,3,250,250,1.83345,1.84084,3.09979,0.67808,0.76905,0.77061,0.35365,0.17736,0.17519,short
0.25,32.0,3.0,50.0,5,constant,sim030_25,3,250,250,1.85164,1.85934,3.20311,0.68424,0.78012,0.78173,0.35469,0.17296,0.1707,short
0.25,40.0,3.0,50.0,5,constant,sim030_25,3,250,250,1.87874,1.88693,3.36608,0.69339,0.79698,0.79864,0.35622,0.16639,0.164,short
0.25,48.0,3.0,50.0,5,constant,sim030_25,3,250,250,1.89802,1.9066,3.48905,0.6999,0.80924,0.81095,0.35728,0.16171,0.15923,short
0.3,4.0,3.0,50.0,5,constant,sim030_30,3,250,250,1.49306,1.48022,1.69834,0.56414,0.58436,0.57856,0.32873,0.26483,0.26524,short
0.3,12.0,3.0,50.0,5,constant,sim030_30,3,250,250,1.88262,1.84198,2.72537,0.70396,0.7721,0.75303,0.34858,0.20092,0.20199,short
0.3,20.0,3.0,50.0,5,constant,sim030_30,3,250,250,2.0241,1.97008,3.28359,0.75392,0.84961,0.82332,0.35568,0.17564,0.17728,short
0.3,28.0,3.0,50.0,5,constant,sim030_30,3,250,250,2.09948,2.03776,3.64118,0.78037,0.89371,0.86294,0.35935,0.16203,0.16404,short
0.3,32.0,3.0,50.0,5,constant,sim030_30,3,250,250,2.12555,2.06108,3.77644,0.78949,0.90949,0.87706,0.36059,0.15732,0.15946,short
0.3,40.0,3.0,50.0,5,constant,sim030_30,3,250,250,2.16451,2.09589,3.99084,0.8031,0.93361,0.8986,0.36241,0.15028,0.15263,short
0.3,48.0,3.0,50.0,5,constant,sim030_30,3,250,250,2.19232,2.1207,4.1535,0.8128,0.95125,0.91432,0.36368,0.14526,0.14777,short
0.1,4.0,1.0,100.0,5,constant,sim031_10,3,250,400,1.13827,1.13848,1.22352,0.4275,0.43444,0.43517,0.33137,0.29992,0.30031,medium
0.1,12.0,1.0,100.0,5,constant,sim031_10,3,250,400,1.23032,1.23073,1.64093,0.45608,0.47917,0.48187,0.34913,0.24466,0.24623,medium
0.1,20.0,1.0,100.0,5,constant,sim031_10,3,250,400,1.26295,1.26341,1.94497,0.4646,0.49771,0.50155,0.35966,0.21448,0.21672,medium
0.1,28.0,1.0,100.0,5,constant,sim031_10,3,250,400,1.28077,1.28128,2.18252,0.46889,0.50903,0.51357,0.36635,0.19576,0.1984,medium
0.1,32.0,1.0,100.0,5,constant,sim031_10,3,250,400,1.28707,1.28761,2.28343,0.47036,0.5133,0.51812,0.36885,0.18883,0.19161,medium
0.1,40.0,1.0,100.0,5,constant,sim031_10,3,250,400,1.29668,1.29729,2.45827,0.47255,0.52017,0.52541,0.37276,0.178,0.18098,medium
0.1,48.0,1.0,100.0,5,constant,sim031_10,3,250,400,1.30373,1.30442,2.60494,0.47414,0.52551,0.53107,0.37569,0.1699,0.17303,medium
0.15,4.0,1.0,100.0,5,constant,sim031_15,3,250,400,1.21306,1.21343,1.33834,0.45579,0.46673,0.46653,0.32992,0.28907,0.28881,medium
0.15,12.0,1.0,100.0,5,constant,sim031_15,3,250,400,1.35784,1.35897,1.98207,0.50276,0.54045,0.53898,0.34858,0.22315,0.22216,medium
0.15,20.0,1.0,100.0,5,constant,sim031_15,3,250,400,1.40766,1.4091,2.45955,0.51716,0.57198,0.5693,0.35867,0.19029,0.18889,medium
0.15,28.0,1.0,100.0,5,constant,sim031_15,3,250,400,1.43424,1.43583,2.83796,0.52447,0.5915,0.58782,0.36476,0.17084,0.1692,medium
0.15,32.0,1.0,100.0,5,constant,sim031_15,3,250,400,1.44353,1.44516,3.00018,0.52697,0.59895,0.59483,0.36697,0.1638,0.16207,medium
0.15,40.0,1.0,100.0,5,constant,sim031_15,3,250,400,1.4576,1.45927,3.28338,0.53071,0.61098,0.6061,0.37038,0.15297,0.15112,medium
0.15,48.0,1.0,100.0,5,constant,sim031_15,3,250,400,1.46786,1.46955,3.52309,0.53342,0.62041,0.61488,0.37288,0.14501,0.14306,medium
0.2,4.0,1.0,100.0,5,constant,sim031_20,3,250,400,1.29261,1.29182,1.45552,0.48681,0.50091,0.50058,0.32774,0.27958,0.27961,medium
0.2,12.0,1.0,100.0,5,constant,sim031_20,3,250,400,1.499,1.49673,2.34249,0.55714,0.60706,0.606,0.34542,0.20616,0.2062,medium
0.2,20.0,1.0,100.0,5,constant,sim031_20,3,250,400,1.56984,1.56691,3.01706,0.57963,0.65301,0.6516,0.3543,0.17166,0.17172,medium
0.2,28.0,1.0,100.0,5,constant,sim031_20,3,250,400,1.60737,1.60403,3.56218,0.5912,0.68147,0.67992,0.35946,0.15183,0.1519,medium
0.2,32.0,1.0,100.0,5,constant,sim031_20,3,250,400,1.62043,1.61694,3.79878,0.59518,0.69233,0.69074,0.3613,0.14474,0.14483,medium
0.2,40.0,1.0,100.0,5,constant,sim031_20,3,250,400,1.64016,1.63642,4.21605,0.60117,0.70987,0.70827,0.36408,0.13395,0.13406,medium
0.2,48.0,1.0,100.0,5,constant,sim031_20,3,250,400,1.65451,1.65059,4.57347,0.60551,0.72361,0.72205,0.36608,0.12609,0.12621,medium
0.25,4.0,1.0,100.0,5,constant,sim031_25,3,250,400,1.37755,1.37694,1.57432,0.52016,0.53676,0.53697,0.32405,0.27192,0.27221,medium
0.25,12.0,1.0,100.0,5,constant,sim031_25,3,250,400,1.65711,1.6551,2.70941,0.61901,0.68009,0.68106,0.33813,0.19454,0.19552,medium
0.25,20.0,1.0,100.0,5,constant,sim031_25,3,250,400,1.75447,1.75174,3.58667,0.65207,0.74351,0.7451,0.3448,0.1596,0.16091,medium
0.25,28.0,1.0,100.0,5,constant,sim031_25,3,250,400,1.80615,1.80299,4.30558,0.66939,0.78319,0.78526,0.34854,0.13986,0.14136,medium
0.25,32.0,1.0,100.0,5,constant,sim031_25,3,250,400,1.82415,1.82082,4.62057,0.6754,0.79841,0.8007,0.34984,0.13287,0.13443,medium
0.25,40.0,1.0,100.0,5,constant,sim031_25,3,250,400,1.85132,1.84776,5.18062,0.68447,0.82314,0.82579,0.35177,0.12227,0.12394,medium
0.25,48.0,1.0,100.0,5,constant,sim031_25,3,250,400,1.87109,1.86735,5.6651,0.69108,0.84264,0.84559,0.35313,0.1146,0.11633,medium
0.3,4.0,1.0,100.0,5,constant,sim031_30,3,250,400,1.46662,1.46708,1.69561,0.55578,0.57499,0.57481,0.31972,0.26574,0.26555,medium
0.3,12.0,1.0,100.0,5,constant,sim031_30,3,250,400,1.82901,1.83048,3.09608,0.68836,0.76179,0.76122,0.32941,0.18666,0.18618,medium
0.3,20.0,1.0,100.0,5,constant,sim031_30,3,250,400,1.95742,1.9594,4.19781,0.73453,0.84631,0.84565,0.33366,0.15191,0.15131,medium
0.3,28.0,1.0,100.0,5,constant,sim031_30,3,250,400,2.02581,2.0281,5.11346,0.75902,0.89955,0.89894,0.33593,0.13249,0.13183,medium
0.3,32.0,1.0,100.0,5,constant,sim031_30,3,250,400,2.04964,2.05203,5.51836,0.76756,0.92005,0.9195,0.33669,0.12565,0.12497,medium
0.3,40.0,1.0,100.0,5,constant,sim031_30,3,250,400,2.08562,2.08819,6.24383,0.78049,0.95344,0.95302,0.33778,0.11531,0.11461,medium
0.3,48.0,1.0,100.0,5,constant,sim031_30,3,250,400,2.11178,2.11448,6.87719,0.78991,0.97986,0.97958,0.33851,0.10785,0.10712,medium
0.1,4.0,2.0,100.0,5,constant,sim032_10,3,250,400,1.13988,1.14392,1.22828,0.42738,0.43492,0.43716,0.33172,0.2996,0.29941,medium
0.1,12.0,2.0,100.0,5,constant,sim032_10,3,250,400,1.2287,1.23837,1.60653,0.45445,0.47819,0.48325,0.34781,0.25008,0.24949,medium
0.1,20.0,2.0,100.0,5,constant,sim032_10,3,250,400,1.2591,1.2708,1.84616,0.46246,0.49516,0.50098,0.35643,0.22527,0.22436,medium
0.1,28.0,2.0,100.0,5,constant,sim032_10,3,250,400,1.27537,1.28812,2.01595,0.46648,0.50499,0.51105,0.36167,0.21047,0.20936,medium
0.1,32.0,2.0,100.0,5,constant,sim032_10,3,250,400,1.28107,1.29418,2.08406,0.46785,0.50859,0.5147,0.3636,0.20507,0.20389,medium
0.1,40.0,2.0,100.0,5,constant,sim032_10,3,250,400,1.28973,1.30335,2.19699,0.4699,0.5142,0.52035,0.36659,0.19673,0.19543,medium
0.1,48.0,2.0,100.0,5,constant,sim032_10,3,250,400,1.29605,1.31003,2.28722,0.47139,0.51843,0.52457,0.36882,0.19054,0.18915,medium
0.15,4.0,2.0,100.0,5,constant,sim032_15,3,250,400,1.21362,1.21763,1.34546,0.45617,0.46642,0.47011,0.33193,0.28711,0.28811,medium
0.15,12.0,2.0,100.0,5,constant,sim032_15,3,250,400,1.35135,1.36125,1.93353,0.50164,0.53453,0.54533,0.35092,0.22463,0.22811,medium
0.15,20.0,2.0,100.0,5,constant,sim032_15,3,250,400,1.3975,1.40957,2.31579,0.51563,0.56122,0.57557,0.36,0.19569,0.20028,medium
0.15,28.0,2.0,100.0,5,constant,sim032_15,3,250,400,1.42181,1.43504,2.59154,0.52276,0.57663,0.59317,0.36524,0.17906,0.18426,medium
0.15,32.0,2.0,100.0,5,constant,sim032_15,3,250,400,1.43025,1.4439,2.70333,0.5252,0.58226,0.59962,0.36711,0.17312,0.17853,medium
0.15,40.0,2.0,100.0,5,constant,sim032_15,3,250,400,1.44298,1.45728,2.89025,0.52888,0.59104,0.60971,0.36997,0.16404,0.16975,medium
0.15,48.0,2.0,100.0,5,constant,sim032_15,3,250,400,1.45222,1.46702,3.04102,0.53154,0.59766,0.61731,0.37205,0.15739,0.16331,medium
0.2,4.0,2.0,100.0,5,constant,sim032_20,3,250,400,1.29516,1.29326,1.46625,0.48713,0.50345,0.50239,0.33172,0.27769,0.27758,medium
0.2,12.0,2.0,100.0,5,constant,sim032_20,3,250,400,1.49368,1.48951,2.28633,0.55453,0.60773,0.60494,0.3524,0.2093,0.20841,medium
0.2,20.0,2.0,100.0,5,constant,sim032_20,3,250,400,1.56031,1.55553,2.83756,0.57597,0.65009,0.64667,0.36139,0.17923,0.17785,medium
0.2,28.0,2.0,100.0,5,constant,sim032_20,3,250,400,1.59532,1.59027,3.24446,0.58702,0.67483,0.67112,0.36637,0.16235,0.16067,medium
0.2,32.0,2.0,100.0,5,constant,sim032_20,3,250,400,1.60746,1.60233,3.41168,0.59083,0.68391,0.68011,0.36811,0.15637,0.15458,medium
0.2,40.0,2.0,100.0,5,constant,sim032_20,3,250,400,1.62579,1.62053,3.69418,0.59656,0.69812,0.69422,0.37073,0.1473,0.14534,medium
0.2,48.0,2.0,100.0,5,constant,sim032_20,3,250,400,1.63912,1.63376,3.92471,0.60071,0.70886,0.7049,0.37261,0.14069,0.13862,medium
0.25,4.0,2.0,100.0,5,constant,sim032_25,3,250,400,1.38167,1.38287,1.58949,0.52018,0.54022,0.53995,0.3278,0.27026,0.26986,medium
0.25,12.0,2.0,100.0,5,constant,sim032_25,3,250,400,1.65125,1.65456,2.64961,0.61348,0.68186,0.6805,0.34519,0.19813,0.19707,medium
0.25,20.0,2.0,100.0,5,constant,sim032_25,3,250,400,1.74362,1.74774,3.37957,0.64438,0.74165,0.73951,0.35231,0.16733,0.16596,medium
0.25,28.0,2.0,100.0,5,constant,sim032_25,3,250,400,1.79247,1.79698,3.92831,0.66059,0.77734,0.77465,0.35613,0.15025,0.14869,medium
0.25,32.0,2.0,100.0,5,constant,sim032_25,3,250,400,1.80946,1.8141,4.15639,0.66623,0.79059,0.78768,0.35745,0.14423,0.14261,medium
0.25,40.0,2.0,100.0,5,constant,sim032_25,3,250,400,1.83515,1.83993,4.54522,0.67475,0.81154,0.80827,0.35939,0.13513,0.13341,medium
0.25,48.0,2.0,100.0,5,constant,sim032_25,3,250,400,1.85386,1.85872,4.86586,0.68098,0.82752,0.82398,0.36077,0.12853,0.12674,medium
0.3,4.0,2.0,100.0,5,constant,sim032_30,3,250,400,1.4766,1.47271,1.71318,0.55595,0.58035,0.57811,0.32441,0.26391,0.26371,medium
0.3,12.0,2.0,100.0,5,constant,sim032_30,3,250,400,1.83725,1.82553,3.02498,0.68156,0.76737,0.76035,0.33943,0.18952,0.18899,medium
0.3,20.0,2.0,100.0,5,constant,sim032_30,3,250,400,1.9649,1.94961,3.94931,0.72494,0.84843,0.83896,0.34503,0.15824,0.15772,medium
0.3,28.0,2.0,100.0,5,constant,sim032_30,3,250,400,2.03313,2.01581,4.65554,0.74804,0.89717,0.88622,0.34788,0.14098,0.14052,medium
0.3,32.0,2.0,100.0,5,constant,sim032_30,3,250,400,2.05698,2.03893,4.95191,0.75612,0.91533,0.90384,0.34882,0.13492,0.13449,medium
0.3,40.0,2.0,100.0,5,constant,sim032_30,3,250,400,2.09309,2.07394,5.4609,0.76838,0.94407,0.93176,0.35016,0.12576,0.1254,medium
0.3,48.0,2.0,100.0,5,constant,sim032_30,3,250,400,2.11943,2.09948,5.88407,0.77736,0.96603,0.95312,0.35107,0.11913,0.11882,medium
0.1,4.0,3.0,100.0,5,constant,sim033_10,3,250,400,1.14108,1.14685,1.22785,0.42808,0.43577,0.43934,0.33202,0.29974,0.29982,medium
0.1,12.0,3.0,100.0,5,constant,sim033_10,3,250,400,1.23189,1.24609,1.57702,0.45677,0.48006,0.4896,0.34695,0.2539,0.254,medium
0.1,20.0,3.0,100.0,5,constant,sim033_10,3,250,400,1.26292,1.28036,1.7801,0.46564,0.49695,0.5091,0.35445,0.23201,0.23178,medium
0.1,28.0,3.0,100.0,5,constant,sim033_10,3,250,400,1.27936,1.29856,1.91638,0.47017,0.50642,0.52006,0.3589,0.21924,0.21871,medium
0.1,32.0,3.0,100.0,5,constant,sim033_10,3,250,400,1.28508,1.30489,1.9694,0.47172,0.50981,0.52399,0.36052,0.21464,0.21398,medium
0.1,40.0,3.0,100.0,5,constant,sim033_10,3,250,400,1.29369,1.31442,2.05532,0.47404,0.51503,0.53002,0.36301,0.20757,0.20669,medium
0.1,48.0,3.0,100.0,5,constant,sim033_10,3,250,400,1.29993,1.32132,2.12226,0.47572,0.51889,0.53448,0.36484,0.20237,0.20132,medium
0.15,4.0,3.0,100.0,5,constant,sim033_15,3,250,400,1.22019,1.22189,1.34645,0.45602,0.4707,0.47093,0.33209,0.2883,0.288,medium
0.15,12.0,3.0,100.0,5,constant,sim033_15,3,250,400,1.37052,1.37586,1.90947,0.50284,0.54883,0.54908,0.34986,0.2307,0.22975,medium
0.15,20.0,3.0,100.0,5,constant,sim033_15,3,250,400,1.42248,1.42965,2.25649,0.51783,0.58056,0.58063,0.35793,0.20447,0.20313,medium
0.15,28.0,3.0,100.0,5,constant,sim033_15,3,250,400,1.45009,1.45841,2.49811,0.52559,0.59888,0.59875,0.36249,0.1895,0.1879,medium
0.15,32.0,3.0,100.0,5,constant,sim033_15,3,250,400,1.4597,1.46846,2.59411,0.52826,0.60553,0.60531,0.3641,0.18416,0.18245,medium
0.15,40.0,3.0,100.0,5,constant,sim033_15,3,250,400,1.47422,1.48368,2.75216,0.53228,0.61586,0.61547,0.36654,0.17602,0.17413,medium
0.15,48.0,3.0,100.0,5,constant,sim033_15,3,250,400,1.48476,1.49477,2.87749,0.53519,0.62358,0.62303,0.3683,0.17007,0.16804,medium
0.2,4.0,3.0,100.0,5,constant,sim033_20,3,250,400,1.29256,1.30478,1.46769,0.48743,0.5025,0.50921,0.33076,0.27793,0.27768,medium
0.2,12.0,3.0,100.0,5,constant,sim033_20,3,250,400,1.49053,1.52347,2.24922,0.5572,0.60735,0.62617,0.34848,0.21305,0.21204,medium
0.2,20.0,3.0,100.0,5,constant,sim033_20,3,250,400,1.55854,1.59995,2.74312,0.58027,0.65017,0.67467,0.35586,0.18524,0.18342,medium
0.2,28.0,3.0,100.0,5,constant,sim033_20,3,250,400,1.59467,1.64066,3.09279,0.59236,0.67495,0.70283,0.35989,0.16974,0.16736,medium
0.2,32.0,3.0,100.0,5,constant,sim033_20,3,250,400,1.60726,1.65484,3.23309,0.59656,0.68397,0.71308,0.36129,0.16426,0.16167,medium
0.2,40.0,3.0,100.0,5,constant,sim033_20,3,250,400,1.62632,1.67625,3.46585,0.60288,0.69797,0.72902,0.36339,0.15596,0.15303,medium
0.2,48.0,3.0,100.0,5,constant,sim033_20,3,250,400,1.64019,1.69179,3.65204,0.60748,0.70843,0.74094,0.36489,0.14991,0.14673,medium
0.25,4.0,3.0,100.0,5,constant,sim033_25,3,250,400,1.38541,1.38607,1.59033,0.52149,0.5443,0.54287,0.32978,0.27025,0.2698,medium
0.25,12.0,3.0,100.0,5,constant,sim033_25,3,250,400,1.66721,1.67115,2.60996,0.62054,0.69782,0.69237,0.34838,0.2008,0.1998,medium
0.25,20.0,3.0,100.0,5,constant,sim033_25,3,250,400,1.76723,1.77338,3.2793,0.6553,0.76424,0.75621,0.35545,0.17148,0.1702,medium
0.25,28.0,3.0,100.0,5,constant,sim033_25,3,250,400,1.82095,1.82861,3.7655,0.67405,0.80376,0.79398,0.35909,0.15527,0.15377,medium
0.25,32.0,3.0,100.0,5,constant,sim033_25,3,250,400,1.83978,1.84803,3.96343,0.68065,0.81835,0.80789,0.36031,0.14957,0.14798,medium
0.25,40.0,3.0,100.0,5,constant,sim033_25,3,250,400,1.86833,1.87754,4.29534,0.69072,0.84126,0.82969,0.36207,0.14097,0.13921,medium
0.25,48.0,3.0,100.0,5,constant,sim033_25,3,250,400,1.88919,1.89916,4.56388,0.69811,0.85859,0.84616,0.36328,0.13475,0.13285,medium
0.3,4.0,3.0,100.0,5,constant,sim033_30,3,250,400,1.48503,1.47117,1.71552,0.55791,0.58765,0.58021,0.328,0.2636,0.26374,medium
0.3,12.0,3.0,100.0,5,constant,sim033_30,3,250,400,1.86809,1.8258,2.97907,0.69027,0.79424,0.77024,0.3467,0.19182,0.19246,medium
0.3,20.0,3.0,100.0,5,constant,sim033_30,3,250,400,2.00992,1.95425,3.82715,0.73844,0.88704,0.85358,0.35322,0.16188,0.16314,medium
0.3,28.0,3.0,100.0,5,constant,sim033_30,3,250,400,2.08749,2.02405,4.45305,0.76477,0.94316,0.90345,0.3564,0.14536,0.14704,medium
0.3,32.0,3.0,100.0,5,constant,sim033_30,3,250,400,2.11491,2.04867,4.71035,0.77409,0.96404,0.9219,0.35743,0.13955,0.14139,medium
0.3,40.0,3.0,100.0,5,constant,sim033_30,3,250,400,2.15672,2.08621,5.14522,0.78836,0.99701,0.95092,0.35887,0.13077,0.13286,medium
0.3,48.0,3.0,100.0,5,constant,sim033_30,3,250,400,2.18742,2.11379,5.50031,0.79889,1.02207,0.97291,0.35981,0.12441,0.12667,medium
0.1,4.0,1.0,200.0,5,constant,sim034_10,3,300,600,1.13836,1.1388,1.23087,0.42737,0.43534,0.4349,0.3322,0.29867,0.29822,long
0.1,12.0,1.0,200.0,5,constant,sim034_10,3,300,600,1.23287,1.23431,1.71809,0.45585,0.4858,0.48344,0.35326,0.23692,0.23504,long
0.1,20.0,1.0,200.0,5,constant,sim034_10,3,300,600,1.26817,1.27012,2.13096,0.46448,0.51082,0.50682,0.36643,0.20112,0.19832,long
0.1,28.0,1.0,200.0,5,constant,sim034_10,3,300,600,1.2882,1.29041,2.49519,0.46891,0.52829,0.52297,0.37503,0.17817,0.17475,long
0.1,32.0,1.0,200.0,5,constant,sim034_10,3,300,600,1.29543,1.29773,2.66259,0.47045,0.53546,0.52959,0.37829,0.16953,0.16587,long
0.1,40.0,1.0,200.0,5,constant,sim034_10,3,300,600,1.30663,1.30904,2.97253,0.47278,0.54777,0.54092,0.38343,0.15588,0.15186,long
0.1,48.0,1.0,200.0,5,constant,sim034_10,3,300,600,1.31499,1.31745,3.25388,0.47449,0.55809,0.55042,0.38731,0.14558,0.14128,long
0.15,4.0,1.0,200.0,5,constant,sim034_15,3,300,600,1.21218,1.21219,1.3485,0.45522,0.46665,0.46662,0.33145,0.28672,0.28666,long
0.15,12.0,1.0,200.0,5,constant,sim034_15,3,300,600,1.3585,1.35843,2.09166,0.50155,0.54445,0.54428,0.35401,0.21254,0.21227,long
0.15,20.0,1.0,200.0,5,constant,sim034_15,3,300,600,1.41078,1.41053,2.72735,0.51594,0.58237,0.58233,0.3665,0.17402,0.17366,long
0.15,28.0,1.0,200.0,5,constant,sim034_15,3,300,600,1.43945,1.43901,3.29288,0.52337,0.60861,0.60886,0.37411,0.15078,0.15039,long
0.15,32.0,1.0,200.0,5,constant,sim034_15,3,300,600,1.44963,1.4491,3.55434,0.52595,0.61936,0.61978,0.37688,0.14229,0.1419,long
0.15,40.0,1.0,200.0,5,constant,sim034_15,3,300,600,1.46523,1.46453,4.04115,0.52986,0.63779,0.63859,0.38114,0.12918,0.12879,long
0.15,48.0,1.0,200.0,5,constant,sim034_15,3,300,600,1.47676,1.4759,4.48614,0.53272,0.65328,0.65445,0.38424,0.1195,0.11913,long
0.2,4.0,1.0,200.0,5,constant,sim034_20,3,300,600,1.2917,1.29158,1.46833,0.48603,0.50083,0.50086,0.32908,0.27718,0.27722,long
0.2,12.0,1.0,200.0,5,constant,sim034_20,3,300,600,1.49937,1.49893,2.47671,0.55546,0.61256,0.6129,0.34977,0.19653,0.1967,long
0.2,20.0,1.0,200.0,5,constant,sim034_20,3,300,600,1.57252,1.57189,3.34659,0.57792,0.66751,0.66816,0.36025,0.15767,0.15793,long
0.2,28.0,1.0,200.0,5,constant,sim034_20,3,300,600,1.61205,1.61129,4.12641,0.58968,0.70563,0.70657,0.36632,0.13509,0.13541,long
0.2,32.0,1.0,200.0,5,constant,sim034_20,3,300,600,1.62599,1.62517,4.48891,0.59378,0.7213,0.72236,0.36846,0.12701,0.12735,long
0.2,40.0,1.0,200.0,5,constant,sim034_20,3,300,600,1.64725,1.64633,5.16723,0.60001,0.74823,0.74951,0.37167,0.11467,0.11505,long
0.2,48.0,1.0,200.0,5,constant,sim034_20,3,300,600,1.6629,1.66189,5.79124,0.6046,0.77095,0.77241,0.37394,0.10568,0.10609,long
0.25,4.0,1.0,200.0,5,constant,sim034_25,3,300,600,1.37456,1.37561,1.57181,0.51888,0.53797,0.53874,0.32467,0.26952,0.26935,long
0.25,12.0,1.0,200.0,5,constant,sim034_25,3,300,600,1.65139,1.65292,2.84683,0.61552,0.6881,0.68922,0.34232,0.18652,0.18633,long
0.25,20.0,1.0,200.0,5,constant,sim034_25,3,300,600,1.75942,1.75993,3.98829,0.65244,0.76666,0.76805,0.34915,0.14755,0.14796,long
0.25,28.0,1.0,200.0,5,constant,sim034_25,3,300,600,1.8069,1.80714,4.98357,0.66821,0.814,0.81552,0.35272,0.12666,0.12734,long
0.25,32.0,1.0,200.0,5,constant,sim034_25,3,300,600,1.82492,1.825,5.44966,0.67411,0.8334,0.83488,0.35413,0.11907,0.11975,long
0.25,40.0,1.0,200.0,5,constant,sim034_25,3,300,600,1.85555,1.85539,6.31329,0.68426,0.86668,0.86807,0.35645,0.10725,0.10785,long
0.25,48.0,1.0,200.0,5,constant,sim034_25,3,300,600,1.88081,1.88077,7.08075,0.69292,0.89412,0.89549,0.35814,0.09852,0.09905,long
0.3,4.0,1.0,200.0,5,constant,sim034_30,3,300,600,1.47655,1.47703,1.70273,0.55901,0.58245,0.58351,0.3185,0.26252,0.26294,long
0.3,12.0,1.0,200.0,5,constant,sim034_30,3,300,600,1.82487,1.82746,3.24324,0.68542,0.77232,0.77527,0.33219,0.17883,0.17937,long
0.3,20.0,1.0,200.0,5,constant,sim034_30,3,300,600,1.96676,1.97021,4.62436,0.73729,0.87433,0.87884,0.33558,0.14169,0.14313,long
0.3,28.0,1.0,200.0,5,constant,sim034_30,3,300,600,2.03226,2.03677,5.83696,0.76076,0.93593,0.94176,0.33745,0.12158,0.12335,long
0.3,32.0,1.0,200.0,5,constant,sim034_30,3,300,600,2.05718,2.06194,6.40741,0.76946,0.96094,0.96722,0.33841,0.11411,0.11586,long
0.3,40.0,1.0,200.0,5,constant,sim034_30,3,300,600,2.09874,2.10396,7.45912,0.78399,1.0033,1.01019,0.3402,0.10241,0.10403,long
0.3,48.0,1.0,200.0,5,constant,sim034_30,3,300,600,2.1321,2.13826,8.3827,0.79601,1.03771,1.04502,0.34159,0.09379,0.09533,long
0.1,4.0,2.0,200.0,5,constant,sim035_10,3,300,600,1.14204,1.13879,1.23817,0.42726,0.43765,0.43494,0.33457,0.29725,0.29668,long
0.1,12.0,2.0,200.0,5,constant,sim035_10,3,300,600,1.23678,1.22952,1.70684,0.45425,0.48915,0.48089,0.35708,0.23799,0.23563,long
0.1,20.0,2.0,200.0,5,constant,sim035_10,3,300,600,1.27121,1.26265,2.07059,0.46232,0.51296,0.50136,0.36962,0.20561,0.20229,long
0.1,28.0,2.0,200.0,5,constant,sim035_10,3,300,600,1.29034,1.2811,2.36916,0.46643,0.52854,0.51454,0.37744,0.18545,0.18155,long
0.1,32.0,2.0,200.0,5,constant,sim035_10,3,300,600,1.29718,1.2877,2.5,0.46785,0.53468,0.51969,0.38033,0.17797,0.17385,long
0.1,40.0,2.0,200.0,5,constant,sim035_10,3,300,600,1.3077,1.29783,2.73252,0.46999,0.54486,0.5282,0.38484,0.16627,0.16182,long
0.1,48.0,2.0,200.0,5,constant,sim035_10,3,300,600,1.31549,1.30532,2.93342,0.47154,0.55306,0.53502,0.38819,0.15752,0.15283,long
0.15,4.0,2.0,200.0,5,constant,sim035_15,3,300,600,1.21673,1.21468,1.36136,0.45527,0.46991,0.46838,0.33433,0.28463,0.28448,long
0.15,12.0,2.0,200.0,5,constant,sim035_15,3,300,600,1.36134,1.35701,2.08343,0.49942,0.5495,0.5449,0.35872,0.21304,0.2124,long
0.15,20.0,2.0,200.0,5,constant,sim035_15,3,300,600,1.41154,1.4067,2.65135,0.51306,0.58622,0.5795,0.37083,0.17783,0.17695,long
0.15,28.0,2.0,200.0,5,constant,sim035_15,3,300,600,1.43851,1.43351,3.1229,0.52011,0.61022,0.60172,0.37791,0.15709,0.15606,long
0.15,32.0,2.0,200.0,5,constant,sim035_15,3,300,600,1.44798,1.44294,3.33121,0.52255,0.61968,0.61039,0.38045,0.1496,0.14851,long
0.15,40.0,2.0,200.0,5,constant,sim035_15,3,300,600,1.46236,1.4573,3.70401,0.52625,0.63538,0.62464,0.3843,0.13811,0.13692,long
0.15,48.0,2.0,200.0,5,constant,sim035_15,3,300,600,1.47288,1.46783,4.02891,0.52897,0.64805,0.63604,0.38708,0.12968,0.12841,long
0.2,4.0,2.0,200.0,5,constant,sim035_20,3,300,600,1.29124,1.29369,1.48513,0.48649,0.50297,0.50412,0.33356,0.27417,0.27393,long
0.2,12.0,2.0,200.0,5,constant,sim035_20,3,300,600,1.48591,1.49191,2.47208,0.55276,0.61256,0.61548,0.35859,0.1956,0.19478,long
0.2,20.0,2.0,200.0,5,constant,sim035_20,3,300,600,1.55239,1.55967,3.26236,0.5739,0.66307,0.6667,0.36989,0.15978,0.15854,long
0.2,28.0,2.0,200.0,5,constant,sim035_20,3,300,600,1.58775,1.59565,3.92747,0.58491,0.69592,0.69994,0.37619,0.13945,0.13792,long
0.2,32.0,2.0,200.0,5,constant,sim035_20,3,300,600,1.60011,1.6082,4.22381,0.58873,0.70885,0.713,0.37839,0.13224,0.1306,long
0.2,40.0,2.0,200.0,5,constant,sim035_20,3,300,600,1.61884,1.62719,4.75801,0.59454,0.73026,0.7346,0.38167,0.1213,0.11949,long
0.2,48.0,2.0,200.0,5,constant,sim035_20,3,300,600,1.63252,1.64104,5.22757,0.59881,0.74754,0.75201,0.38398,0.11339,0.11144,long
0.25,4.0,2.0,200.0,5,constant,sim035_25,3,300,600,1.3843,1.37917,1.61056,0.51819,0.54229,0.53953,0.33009,0.26681,0.26678,long
0.25,12.0,2.0,200.0,5,constant,sim035_25,3,300,600,1.66195,1.64783,2.86753,0.6087,0.69608,0.68727,0.35195,0.18551,0.18508,long
0.25,20.0,2.0,200.0,5,constant,sim035_25,3,300,600,1.75923,1.74131,3.88936,0.63871,0.76913,0.75667,0.36116,0.14969,0.14907,long
0.25,28.0,2.0,200.0,5,constant,sim035_25,3,300,600,1.81136,1.79129,4.7617,0.65459,0.81724,0.8021,0.3661,0.12965,0.12889,long
0.25,32.0,2.0,200.0,5,constant,sim035_25,3,300,600,1.82963,1.8088,5.15429,0.66015,0.83629,0.82004,0.36777,0.1226,0.12177,long
0.25,40.0,2.0,200.0,5,constant,sim035_25,3,300,600,1.85739,1.8354,5.86832,0.66862,0.86804,0.84983,0.3702,0.11195,0.11101,long
0.25,48.0,2.0,200.0,5,constant,sim035_25,3,300,600,1.87774,1.85488,6.50292,0.67487,0.89383,0.87396,0.37186,0.10427,0.10324,long
0.3,4.0,2.0,200.0,5,constant,sim035_30,3,300,600,1.47859,1.48166,1.73853,0.55768,0.58566,0.58741,0.32476,0.25895,0.25898,long
0.3,12.0,2.0,200.0,5,constant,sim035_30,3,300,600,1.82467,1.83112,3.25802,0.68072,0.77753,0.78116,0.342,0.17731,0.1774,long
0.3,20.0,2.0,200.0,5,constant,sim035_30,3,300,600,1.95942,1.96776,4.5429,0.72835,0.87797,0.88242,0.34749,0.14237,0.1432,long
0.3,28.0,2.0,200.0,5,constant,sim035_30,3,300,600,2.02019,2.03009,5.62718,0.74933,0.93707,0.94208,0.35036,0.1235,0.12456,long
0.3,32.0,2.0,200.0,5,constant,sim035_30,3,300,600,2.04381,2.05417,6.12714,0.75736,0.96086,0.96607,0.35159,0.11643,0.11746,long
0.3,40.0,2.0,200.0,5,constant,sim035_30,3,300,600,2.08391,2.09518,7.03079,0.77111,1.00089,1.0064,0.35364,0.10537,0.10629,long
0.3,48.0,2.0,200.0,5,constant,sim035_30,3,300,600,2.11662,2.12927,7.80463,0.78273,1.03321,1.03893,0.35511,0.09728,0.09818,long
0.1,4.0,3.0,200.0,5,constant,sim036_10,3,300,600,1.14048,1.14432,1.24109,0.42838,0.43659,0.43952,0.33473,0.29617,0.29654,long
0.1,12.0,3.0,200.0,5,constant,sim036_10,3,300,600,1.23442,1.24303,1.69261,0.45799,0.48561,0.49442,0.3562,0.2374,0.23936,long
0.1,20.0,3.0,200.0,5,constant,sim036_10,3,300,600,1.26864,1.27871,2.02063,0.46734,0.50691,0.51884,0.36776,0.2064,0.20927,long
0.1,28.0,3.0,200.0,5,constant,sim036_10,3,300,600,1.2875,1.29827,2.27679,0.4722,0.52012,0.53402,0.37486,0.18743,0.19084,long
0.1,32.0,3.0,200.0,5,constant,sim036_10,3,300,600,1.29419,1.30521,2.38564,0.47388,0.52515,0.5398,0.37747,0.18045,0.18405,long
0.1,40.0,3.0,200.0,5,constant,sim036_10,3,300,600,1.30442,1.31581,2.5743,0.47643,0.53327,0.5491,0.38152,0.16958,0.17346,long
0.1,48.0,3.0,200.0,5,constant,sim036_10,3,300,600,1.31194,1.32362,2.73265,0.4783,0.53961,0.55635,0.38451,0.1615,0.16557,long
0.15,4.0,3.0,200.0,5,constant,sim036_15,3,300,600,1.22521,1.21251,1.364,0.45651,0.4761,0.46748,0.33687,0.28467,0.2839,long
0.15,12.0,3.0,200.0,5,constant,sim036_15,3,300,600,1.38608,1.35401,2.06364,0.50418,0.56814,0.5431,0.36339,0.21645,0.21341,long
0.15,20.0,3.0,200.0,5,constant,sim036_15,3,300,600,1.44352,1.40397,2.58554,0.51964,0.60986,0.57626,0.37579,0.18346,0.17959,long
0.15,28.0,3.0,200.0,5,constant,sim036_15,3,300,600,1.47456,1.43098,3.00111,0.52775,0.63593,0.59683,0.38291,0.16416,0.15986,long
0.15,32.0,3.0,200.0,5,constant,sim036_15,3,300,600,1.48549,1.44047,3.17987,0.53058,0.64589,0.60467,0.38543,0.1572,0.15276,long
0.15,40.0,3.0,200.0,5,constant,sim036_15,3,300,600,1.5021,1.45492,3.49282,0.53486,0.66198,0.61733,0.38925,0.14654,0.14188,long
0.15,48.0,3.0,200.0,5,constant,sim036_15,3,300,600,1.51429,1.46551,3.75864,0.53801,0.67457,0.62724,0.392,0.13872,0.13392,long
0.2,4.0,3.0,200.0,5,constant,sim036_20,3,300,600,1.30037,1.29409,1.48878,0.48647,0.50793,0.50534,0.33541,0.27362,0.27416,long
0.2,12.0,3.0,200.0,5,constant,sim036_20,3,300,600,1.51442,1.49794,2.45314,0.55532,0.62848,0.622,0.36148,0.19643,0.19817,long
0.2,20.0,3.0,200.0,5,constant,sim036_20,3,300,600,1.58995,1.56939,3.19228,0.57823,0.68338,0.67538,0.37272,0.16145,0.16401,long
0.2,28.0,3.0,200.0,5,constant,sim036_20,3,300,600,1.63043,1.6077,3.79284,0.59034,0.71796,0.70914,0.37887,0.14159,0.14468,long
0.2,32.0,3.0,200.0,5,constant,sim036_20,3,300,600,1.6446,1.62113,4.05444,0.59458,0.73125,0.72214,0.381,0.13455,0.13784,long
0.2,40.0,3.0,200.0,5,constant,sim036_20,3,300,600,1.66609,1.64151,4.51711,0.60103,0.75283,0.74326,0.38415,0.12386,0.12747,long
0.2,48.0,3.0,200.0,5,constant,sim036_20,3,300,600,1.68178,1.65643,4.9148,0.60578,0.76984,0.75992,0.38635,0.11611,0.11995,long
0.25,4.0,3.0,200.0,5,constant,sim036_25,3,300,600,1.37787,1.39285,1.61732,0.51957,0.54151,0.54854,0.33019,0.26601,0.26556,long
0.25,12.0,3.0,200.0,5,constant,sim036_25,3,300,600,1.65022,1.69176,2.86197,0.61546,0.69743,0.71728,0.35063,0.18602,0.18506,long
0.25,20.0,3.0,200.0,5,constant,sim036_25,3,300,600,1.74802,1.80068,3.84002,0.64885,0.77142,0.79717,0.35877,0.15141,0.14992,long
0.25,28.0,3.0,200.0,5,constant,sim036_25,3,300,600,1.8012,1.85993,4.65115,0.66689,0.81924,0.84834,0.36299,0.13214,0.1303,long
0.25,32.0,3.0,200.0,5,constant,sim036_25,3,300,600,1.82,1.88084,5.00928,0.67326,0.83789,0.86817,0.36438,0.12536,0.1234,long
0.25,40.0,3.0,200.0,5,constant,sim036_25,3,300,600,1.84874,1.91274,5.65008,0.68303,0.86852,0.90058,0.36637,0.11513,0.11297,long
0.25,48.0,3.0,200.0,5,constant,sim036_25,3,300,600,1.86994,1.9362,6.20856,0.69027,0.89298,0.9263,0.36769,0.10775,0.10546,long
0.3,4.0,3.0,200.0,5,constant,sim036_30,3,300,600,1.47522,1.48034,1.74725,0.5546,0.58453,0.58556,0.32801,0.25937,0.25882,long
0.3,12.0,3.0,200.0,5,constant,sim036_30,3,300,600,1.84436,1.85985,3.28475,0.68251,0.79527,0.7981,0.3469,0.17793,0.17681,long
0.3,20.0,3.0,200.0,5,constant,sim036_30,3,300,600,1.98142,2.00166,4.51941,0.72927,0.8983,0.9018,0.3536,0.1435,0.14204,long
0.3,28.0,3.0,200.0,5,constant,sim036_30,3,300,600,2.05679,2.07972,5.56178,0.75514,0.96545,0.96924,0.35683,0.12451,0.12281,long
0.3,32.0,3.0,200.0,5,constant,sim036_30,3,300,600,2.08355,2.10743,6.02744,0.76439,0.99172,0.99559,0.35784,0.11787,0.11607,long
0.3,40.0,3.0,200.0,5,constant,sim036_30,3,300,600,2.12456,2.14988,6.8691,0.77869,1.03497,1.03893,0.35922,0.10787,0.10591,long
0.3,48.0,3.0,200.0,5,constant,sim036_30,3,300,600,2.15487,2.18123,7.61148,0.78939,1.06956,1.07357,0.36006,0.10069,0.0986,long
0.1,4.0,1.0,50.0,0,exponential,sim001_10,1,150,1500,1.14324,1.1429,1.23934,0.42837,0.43463,0.43443,0.3336,0.29651,0.29655,short
0.1,12.0,1.0,50.0,0,exponential,sim001_10,1,150,1500,1.23487,1.23395,1.65725,0.45535,0.47287,0.47223,0.35411,0.24007,0.24025,short
0.1,20.0,1.0,50.0,0,exponential,sim001_10,1,150,1500,1.266,1.26483,1.93759,0.46287,0.4864,0.48552,0.36533,0.21122,0.21148,short
0.1,28.0,1.0,50.0,0,exponential,sim001_10,1,150,1500,1.28255,1.28125,2.14765,0.46646,0.49404,0.49297,0.37235,0.19361,0.19392,short
0.1,32.0,1.0,50.0,0,exponential,sim001_10,1,150,1500,1.28831,1.28696,2.23522,0.46764,0.49682,0.49568,0.37497,0.18709,0.18743,short
0.1,40.0,1.0,50.0,0,exponential,sim001_10,1,150,1500,1.29699,1.29557,2.3852,0.46934,0.50117,0.49992,0.3791,0.17689,0.17726,short
0.1,48.0,1.0,50.0,0,exponential,sim001_10,1,150,1500,1.30326,1.30178,2.50974,0.47053,0.50448,0.50314,0.38222,0.16924,0.16964,short
0.15,4.0,1.0,50.0,0,exponential,sim001_15,1,150,1500,1.21993,1.21987,1.36172,0.45756,0.46657,0.46625,0.33313,0.28425,0.28411,short
0.15,12.0,1.0,50.0,0,exponential,sim001_15,1,150,1500,1.3629,1.36272,2.00818,0.50269,0.52884,0.5277,0.35565,0.21608,0.21566,short
0.15,20.0,1.0,50.0,0,exponential,sim001_15,1,150,1500,1.41003,1.40981,2.4523,0.51578,0.55149,0.54989,0.3669,0.18399,0.18346,short
0.15,28.0,1.0,50.0,0,exponential,sim001_15,1,150,1500,1.43447,1.43424,2.79082,0.52214,0.56441,0.56253,0.37364,0.16519,0.16461,short
0.15,32.0,1.0,50.0,0,exponential,sim001_15,1,150,1500,1.44286,1.44261,2.93345,0.52424,0.56915,0.56716,0.3761,0.15838,0.15779,short
0.15,40.0,1.0,50.0,0,exponential,sim001_15,1,150,1500,1.45535,1.4551,3.17988,0.5273,0.57662,0.57447,0.37993,0.14787,0.14727,short
0.15,48.0,1.0,50.0,0,exponential,sim001_15,1,150,1500,1.46428,1.46402,3.3866,0.52943,0.58232,0.58008,0.38277,0.1401,0.13949,short
0.2,4.0,1.0,50.0,0,exponential,sim001_20,1,150,1500,1.3058,1.30489,1.47828,0.49128,0.50338,0.5031,0.32933,0.27625,0.27638,short
0.2,12.0,1.0,50.0,0,exponential,sim001_20,1,150,1500,1.51337,1.51062,2.30554,0.56146,0.59759,0.59687,0.34838,0.2053,0.20569,short
0.2,20.0,1.0,50.0,0,exponential,sim001_20,1,150,1500,1.58124,1.57768,2.84969,0.58281,0.63205,0.6313,0.3573,0.17407,0.17464,short
0.2,28.0,1.0,50.0,0,exponential,sim001_20,1,150,1500,1.61594,1.61193,3.24933,0.59336,0.65124,0.6506,0.36246,0.15645,0.15713,short
0.2,32.0,1.0,50.0,0,exponential,sim001_20,1,150,1500,1.62773,1.62355,3.41351,0.59688,0.65812,0.65756,0.36431,0.1502,0.15092,short
0.2,40.0,1.0,50.0,0,exponential,sim001_20,1,150,1500,1.64518,1.64075,3.69102,0.60204,0.66875,0.66836,0.36714,0.14069,0.1415,short
0.2,48.0,1.0,50.0,0,exponential,sim001_20,1,150,1500,1.65752,1.65291,3.91759,0.60564,0.67666,0.67644,0.3692,0.13379,0.13466,short
0.25,4.0,1.0,50.0,0,exponential,sim001_25,5,150,1500,1.39665,1.39668,1.60607,0.52672,0.54111,0.54088,0.32538,0.26824,0.26813,short
0.25,12.0,1.0,50.0,0,exponential,sim001_25,5,150,1500,1.68132,1.68133,2.68767,0.62634,0.67088,0.66998,0.34121,0.19268,0.19238,short
0.25,20.0,1.0,50.0,0,exponential,sim001_25,5,150,1500,1.77609,1.77608,3.41989,0.65805,0.71961,0.71825,0.34836,0.16039,0.16004,short
0.25,28.0,1.0,50.0,0,exponential,sim001_25,5,150,1500,1.82467,1.82464,3.9683,0.67396,0.74691,0.74522,0.35244,0.1424,0.14204,short
0.25,32.0,1.0,50.0,0,exponential,sim001_25,5,150,1500,1.84118,1.84113,4.19633,0.67931,0.75673,0.7549,0.35389,0.13606,0.13569,short
0.25,40.0,1.0,50.0,0,exponential,sim001_25,5,150,1500,1.86559,1.86553,4.58555,0.68717,0.7719,0.76984,0.35611,0.12645,0.12608,short
0.25,48.0,1.0,50.0,0,exponential,sim001_25,5,150,1500,1.88284,1.88277,4.90701,0.69268,0.7832,0.78096,0.35772,0.1195,0.11913,short
0.3,4.0,1.0,50.0,0,exponential,sim001_30,1,150,1500,1.49363,1.49247,1.73689,0.56521,0.58208,0.58165,0.32118,0.26133,0.2614,short
0.3,12.0,1.0,50.0,0,exponential,sim001_30,1,150,1500,1.86908,1.86527,3.09141,0.70062,0.75532,0.75419,0.33356,0.18267,0.18295,short
0.3,20.0,1.0,50.0,0,exponential,sim001_30,1,150,1500,1.99714,1.99211,4.03222,0.7456,0.82261,0.82124,0.33887,0.1497,0.15013,short
0.3,28.0,1.0,50.0,0,exponential,sim001_30,1,150,1500,2.0632,2.0575,4.74847,0.76853,0.86074,0.85928,0.34184,0.13151,0.13202,short
0.3,32.0,1.0,50.0,0,exponential,sim001_30,1,150,1500,2.0857,2.07976,5.04916,0.77629,0.87452,0.87305,0.34289,0.12513,0.12567,short
0.3,40.0,1.0,50.0,0,exponential,sim001_30,1,150,1500,2.11899,2.11271,5.56625,0.78773,0.8959,0.89441,0.34448,0.1155,0.11608,short
0.3,48.0,1.0,50.0,0,exponential,sim001_30,1,150,1500,2.14253,2.13602,5.99702,0.79579,0.9119,0.91041,0.34562,0.10856,0.10916,short
0.1,4.0,1.0,50.0,10,exponential,sim002_10,1,150,1500,1.1381,1.1379,1.22696,0.4268,0.43351,0.43361,0.33305,0.29876,0.29889,short
0.1,12.0,1.0,50.0,10,exponential,sim002_10,1,150,1500,1.22355,1.22294,1.60709,0.4524,0.47161,0.47217,0.35176,0.24679,0.24732,short
0.1,20.0,1.0,50.0,10,exponential,sim002_10,1,150,1500,1.25246,1.25162,1.85801,0.45955,0.48537,0.48635,0.3621,0.21982,0.22062,short
0.1,28.0,1.0,50.0,10,exponential,sim002_10,1,150,1500,1.26798,1.26701,2.04513,0.46301,0.49317,0.49446,0.36865,0.20313,0.2041,short
0.1,32.0,1.0,50.0,10,exponential,sim002_10,1,150,1500,1.27343,1.27241,2.12306,0.46417,0.496,0.49744,0.37112,0.1969,0.19794,short
0.1,40.0,1.0,50.0,10,exponential,sim002_10,1,150,1500,1.28172,1.28062,2.25655,0.46586,0.50044,0.50211,0.37504,0.18707,0.18822,short
0.1,48.0,1.0,50.0,10,exponential,sim002_10,1,150,1500,1.28778,1.28663,2.36754,0.46705,0.50379,0.50567,0.37803,0.17963,0.18086,short
0.15,4.0,1.0,50.0,10,exponential,sim002_15,1,150,1500,1.21164,1.21125,1.3423,0.45413,0.46441,0.46449,0.33253,0.28722,0.28741,short
0.15,12.0,1.0,50.0,10,exponential,sim002_15,1,150,1500,1.34441,1.34313,1.92737,0.49549,0.52558,0.52622,0.3534,0.22393,0.2247,short
0.15,20.0,1.0,50.0,10,exponential,sim002_15,1,150,1500,1.38795,1.38621,2.32163,0.50735,0.54824,0.54942,0.36398,0.1936,0.19472,short
0.15,28.0,1.0,50.0,10,exponential,sim002_15,1,150,1500,1.41073,1.40873,2.61992,0.51316,0.56124,0.56286,0.37039,0.17558,0.17692,short
0.15,32.0,1.0,50.0,10,exponential,sim002_15,1,150,1500,1.41861,1.41653,2.74524,0.5151,0.56601,0.56782,0.37276,0.169,0.17042,short
0.15,40.0,1.0,50.0,10,exponential,sim002_15,1,150,1500,1.43046,1.42825,2.96145,0.51795,0.57351,0.57565,0.37645,0.15876,0.16031,short
0.15,48.0,1.0,50.0,10,exponential,sim002_15,1,150,1500,1.43902,1.43672,3.14269,0.51997,0.57922,0.58164,0.37922,0.15113,0.15276,short
0.2,4.0,1.0,50.0,10,exponential,sim002_20,1,150,1500,1.28886,1.28951,1.44127,0.48546,0.49777,0.49767,0.32792,0.28133,0.28107,short
0.2,12.0,1.0,50.0,10,exponential,sim002_20,1,150,1500,1.48306,1.48512,2.18155,0.55211,0.59069,0.58971,0.3443,0.21629,0.21534,short
0.2,20.0,1.0,50.0,10,exponential,sim002_20,1,150,1500,1.54698,1.54967,2.66545,0.57261,0.62614,0.62437,0.35235,0.18672,0.1854,short
0.2,28.0,1.0,50.0,10,exponential,sim002_20,1,150,1500,1.58008,1.58313,3.02157,0.58288,0.64637,0.644,0.35712,0.1697,0.16814,short
0.2,32.0,1.0,50.0,10,exponential,sim002_20,1,150,1500,1.59145,1.59461,3.16831,0.58635,0.65373,0.6511,0.35886,0.16359,0.16195,short
0.2,40.0,1.0,50.0,10,exponential,sim002_20,1,150,1500,1.60844,1.61178,3.41719,0.59149,0.6652,0.66214,0.36154,0.15421,0.15245,short
0.2,48.0,1.0,50.0,10,exponential,sim002_20,1,150,1500,1.62064,1.62409,3.62141,0.59514,0.67383,0.67041,0.36352,0.14733,0.14547,short
0.25,4.0,1.0,50.0,10,exponential,sim002_25,3,150,1500,1.37286,1.37356,1.55733,0.51857,0.53281,0.53328,0.32468,0.27361,0.27364,short
0.25,12.0,1.0,50.0,10,exponential,sim002_25,3,150,1500,1.63635,1.63858,2.51503,0.61216,0.65844,0.65962,0.33878,0.20377,0.20378,short
0.25,20.0,1.0,50.0,10,exponential,sim002_25,3,150,1500,1.72441,1.72739,3.15529,0.64213,0.70739,0.70867,0.34538,0.17301,0.17295,short
0.25,28.0,1.0,50.0,10,exponential,sim002_25,3,150,1500,1.77007,1.77352,3.63387,0.65735,0.73552,0.73674,0.34923,0.15556,0.15543,short
0.25,32.0,1.0,50.0,10,exponential,sim002_25,3,150,1500,1.78574,1.78936,3.83295,0.66252,0.74578,0.74694,0.35062,0.14934,0.14918,short
0.25,40.0,1.0,50.0,10,exponential,sim002_25,3,150,1500,1.80914,1.81304,4.17322,0.67019,0.76182,0.76285,0.35274,0.13984,0.13963,short
0.25,48.0,1.0,50.0,10,exponential,sim002_25,3,150,1500,1.82591,1.83002,4.45497,0.67565,0.77393,0.77481,0.3543,0.1329,0.13264,short
0.3,4.0,1.0,50.0,10,exponential,sim002_30,1,150,1500,1.46235,1.4625,1.67922,0.55315,0.57016,0.56984,0.32097,0.26679,0.26662,short
0.3,12.0,1.0,50.0,10,exponential,sim002_30,1,150,1500,1.80476,1.80493,2.87725,0.67627,0.73262,0.73166,0.33239,0.1937,0.19331,short
0.3,20.0,1.0,50.0,10,exponential,sim002_30,1,150,1500,1.92076,1.9208,3.69345,0.71676,0.79671,0.79554,0.33754,0.16227,0.16185,short
0.3,28.0,1.0,50.0,10,exponential,sim002_30,1,150,1500,1.98094,1.98086,4.31076,0.73746,0.83353,0.83232,0.34051,0.14463,0.14424,short
0.3,32.0,1.0,50.0,10,exponential,sim002_30,1,150,1500,2.00157,2.00143,4.56936,0.74451,0.84693,0.84575,0.34158,0.13837,0.138,short
0.3,40.0,1.0,50.0,10,exponential,sim002_30,1,150,1500,2.03232,2.03209,5.01381,0.75497,0.86785,0.86676,0.34321,0.12884,0.12851,short
0.3,48.0,1.0,50.0,10,exponential,sim002_30,1,150,1500,2.05431,2.05399,5.38417,0.76242,0.88359,0.88261,0.34441,0.1219,0.1216,short
0.1,4.0,1.0,50.0,20,exponential,sim003_10,1,150,1500,1.13987,1.14013,1.23183,0.42724,0.43374,0.43405,0.33314,0.29787,0.29798,short
0.1,12.0,1.0,50.0,20,exponential,sim003_10,1,150,1500,1.22746,1.22809,1.6278,0.45316,0.47176,0.47273,0.3524,0.24399,0.24442,short
0.1,20.0,1.0,50.0,20,exponential,sim003_10,1,150,1500,1.25714,1.25794,1.89166,0.46036,0.48553,0.48682,0.36303,0.21621,0.21677,short
0.1,28.0,1.0,50.0,20,exponential,sim003_10,1,150,1500,1.27301,1.27394,2.08922,0.46382,0.49342,0.49486,0.36972,0.19912,0.19972,short
0.1,32.0,1.0,50.0,20,exponential,sim003_10,1,150,1500,1.27856,1.27955,2.17163,0.46497,0.49632,0.4978,0.37223,0.19277,0.19337,short
0.1,40.0,1.0,50.0,20,exponential,sim003_10,1,150,1500,1.28696,1.28807,2.31292,0.46663,0.5009,0.50241,0.3762,0.18281,0.18338,short
0.1,48.0,1.0,50.0,20,exponential,sim003_10,1,150,1500,1.29306,1.29428,2.43043,0.46779,0.5044,0.50591,0.37921,0.17529,0.17583,short
0.15,4.0,1.0,50.0,20,exponential,sim003_15,1,150,1500,1.21563,1.21531,1.35222,0.45573,0.46557,0.4655,0.3329,0.28566,0.28573,short
0.15,12.0,1.0,50.0,20,exponential,sim003_15,1,150,1500,1.35305,1.35208,1.96869,0.49871,0.52729,0.52759,0.35469,0.21979,0.22017,short
0.15,20.0,1.0,50.0,20,exponential,sim003_15,1,150,1500,1.39823,1.39688,2.38855,0.51108,0.54982,0.55071,0.36564,0.18847,0.18915,short
0.15,28.0,1.0,50.0,20,exponential,sim003_15,1,150,1500,1.42179,1.42017,2.70756,0.5171,0.56259,0.5641,0.37225,0.16997,0.17089,short
0.15,32.0,1.0,50.0,20,exponential,sim003_15,1,150,1500,1.42991,1.42819,2.84183,0.51911,0.56725,0.56905,0.37468,0.16323,0.16426,short
0.15,40.0,1.0,50.0,20,exponential,sim003_15,1,150,1500,1.44209,1.44018,3.07374,0.52204,0.57454,0.57688,0.37846,0.15278,0.154,short
0.15,48.0,1.0,50.0,20,exponential,sim003_15,1,150,1500,1.45085,1.44879,3.26832,0.5241,0.58006,0.5829,0.38129,0.14502,0.14639,short
0.2,4.0,1.0,50.0,20,exponential,sim003_20,1,150,1500,1.29025,1.28973,1.44767,0.48532,0.49724,0.49672,0.32879,0.2799,0.27979,short
0.2,12.0,1.0,50.0,20,exponential,sim003_20,1,150,1500,1.48631,1.48505,2.21191,0.55147,0.5878,0.58566,0.34668,0.21248,0.21199,short
0.2,20.0,1.0,50.0,20,exponential,sim003_20,1,150,1500,1.55067,1.5492,2.71621,0.57164,0.62163,0.61831,0.35535,0.18202,0.18131,short
0.2,28.0,1.0,50.0,20,exponential,sim003_20,1,150,1500,1.58383,1.58226,3.08901,0.58167,0.64073,0.63652,0.36046,0.16458,0.16372,short
0.2,32.0,1.0,50.0,20,exponential,sim003_20,1,150,1500,1.59517,1.59357,3.24295,0.58504,0.64765,0.64307,0.36231,0.15834,0.15742,short
0.2,40.0,1.0,50.0,20,exponential,sim003_20,1,150,1500,1.61204,1.6104,3.50439,0.58999,0.65838,0.65317,0.36516,0.1488,0.14778,short
0.2,48.0,1.0,50.0,20,exponential,sim003_20,1,150,1500,1.62407,1.62241,3.71916,0.59349,0.66643,0.6607,0.36726,0.14182,0.14072,short
0.25,4.0,1.0,50.0,20,exponential,sim003_25,3,150,1500,1.37314,1.37343,1.56527,0.51823,0.53194,0.53191,0.32581,0.27203,0.2719,short
0.25,12.0,1.0,50.0,20,exponential,sim003_25,3,150,1500,1.63598,1.63672,2.55189,0.6107,0.65391,0.65365,0.34163,0.20003,0.19965,short
0.25,20.0,1.0,50.0,20,exponential,sim003_25,3,150,1500,1.72322,1.72416,3.21504,0.64,0.70039,0.6998,0.34892,0.16865,0.16814,short
0.25,28.0,1.0,50.0,20,exponential,sim003_25,3,150,1500,1.76815,1.76921,3.71087,0.65476,0.72681,0.72589,0.35312,0.15098,0.15039,short
0.25,32.0,1.0,50.0,20,exponential,sim003_25,3,150,1500,1.7835,1.7846,3.91696,0.65975,0.73639,0.73533,0.35463,0.14471,0.14408,short
0.25,40.0,1.0,50.0,20,exponential,sim003_25,3,150,1500,1.80631,1.80748,4.26875,0.66711,0.75132,0.74996,0.35694,0.13518,0.1345,short
0.25,48.0,1.0,50.0,20,exponential,sim003_25,3,150,1500,1.82255,1.82377,4.55942,0.67232,0.76253,0.7609,0.35862,0.12823,0.12751,short
0.3,4.0,1.0,50.0,20,exponential,sim003_30,1,150,1500,1.46371,1.46365,1.68795,0.5534,0.56959,0.56931,0.32185,0.26525,0.26516,short
0.3,12.0,1.0,50.0,20,exponential,sim003_30,1,150,1500,1.8086,1.80858,2.92376,0.67701,0.72975,0.72887,0.33445,0.18998,0.18971,short
0.3,20.0,1.0,50.0,20,exponential,sim003_30,1,150,1500,1.92552,1.92555,3.77557,0.71769,0.79235,0.79118,0.34001,0.15784,0.1575,short
0.3,28.0,1.0,50.0,20,exponential,sim003_30,1,150,1500,1.98603,1.9861,4.42349,0.73845,0.82816,0.82684,0.34318,0.13991,0.13954,short
0.3,32.0,1.0,50.0,20,exponential,sim003_30,1,150,1500,2.00673,2.0068,4.69565,0.7455,0.84118,0.83981,0.34431,0.13357,0.13319,short
0.3,40.0,1.0,50.0,20,exponential,sim003_30,1,150,1500,2.0375,2.03758,5.16421,0.75594,0.86147,0.86005,0.34602,0.12396,0.12357,short
0.3,48.0,1.0,50.0,20,exponential,sim003_30,1,150,1500,2.05942,2.0595,5.55529,0.76335,0.87673,0.87527,0.34727,0.11698,0.11659,short
0.1,4.0,2.0,50.0,0,exponential,sim004_10,1,150,1500,1.14129,1.14303,1.22971,0.42798,0.43435,0.43528,0.33372,0.29842,0.29836,short
0.1,12.0,2.0,50.0,0,exponential,sim004_10,1,150,1500,1.22846,1.23248,1.5795,0.45464,0.47225,0.47442,0.35201,0.25018,0.24993,short
0.1,20.0,2.0,50.0,0,exponential,sim004_10,1,150,1500,1.25726,1.26211,1.78765,0.46217,0.48525,0.48786,0.36139,0.22661,0.22617,short
0.1,28.0,2.0,50.0,0,exponential,sim004_10,1,150,1500,1.27232,1.2776,1.93216,0.46579,0.49223,0.49508,0.36711,0.21249,0.21191,short
0.1,32.0,2.0,50.0,0,exponential,sim004_10,1,150,1500,1.27751,1.28294,1.98976,0.46699,0.49468,0.49761,0.36922,0.20731,0.20667,short
0.1,40.0,2.0,50.0,0,exponential,sim004_10,1,150,1500,1.28527,1.29093,2.08504,0.46871,0.49839,0.50147,0.37252,0.19927,0.19854,short
0.1,48.0,2.0,50.0,0,exponential,sim004_10,1,150,1500,1.29082,1.29664,2.16104,0.46991,0.5011,0.50428,0.37499,0.19327,0.19248,short
0.15,4.0,2.0,50.0,0,exponential,sim004_15,1,150,1500,1.21776,1.21924,1.34681,0.45658,0.4662,0.4668,0.33359,0.2868,0.28666,short
0.15,12.0,2.0,50.0,0,exponential,sim004_15,1,150,1500,1.35534,1.35929,1.88646,0.50039,0.52788,0.52886,0.3545,0.22777,0.22723,short
0.15,20.0,2.0,50.0,0,exponential,sim004_15,1,150,1500,1.40002,1.40502,2.21422,0.51317,0.54981,0.55057,0.36436,0.20083,0.19998,short
0.15,28.0,2.0,50.0,0,exponential,sim004_15,1,150,1500,1.42297,1.42858,2.44469,0.5194,0.56185,0.5623,0.37015,0.18524,0.18416,short
0.15,32.0,2.0,50.0,0,exponential,sim004_15,1,150,1500,1.4308,1.43662,2.53723,0.52146,0.56613,0.56643,0.37225,0.17962,0.17845,short
0.15,40.0,2.0,50.0,0,exponential,sim004_15,1,150,1500,1.44241,1.44856,2.69108,0.52446,0.57269,0.5727,0.37549,0.17099,0.16967,short
0.15,48.0,2.0,50.0,0,exponential,sim004_15,1,150,1500,1.45065,1.45705,2.81451,0.52654,0.57753,0.57729,0.37788,0.16465,0.16321,short
0.2,4.0,2.0,50.0,0,exponential,sim004_20,1,150,1500,1.30053,1.2999,1.46841,0.48749,0.50054,0.50023,0.33266,0.27675,0.27678,short
0.2,12.0,2.0,50.0,0,exponential,sim004_20,1,150,1500,1.49874,1.49719,2.2181,0.55214,0.59023,0.58897,0.3547,0.2102,0.21014,short
0.2,20.0,2.0,50.0,0,exponential,sim004_20,1,150,1500,1.56341,1.56161,2.68478,0.57171,0.62286,0.62089,0.36443,0.18118,0.181,short
0.2,28.0,2.0,50.0,0,exponential,sim004_20,1,150,1500,1.5965,1.59461,3.018,0.58137,0.64089,0.63837,0.36999,0.16474,0.16445,short
0.2,32.0,2.0,50.0,0,exponential,sim004_20,1,150,1500,1.60775,1.60583,3.15298,0.5846,0.64732,0.64456,0.37198,0.15888,0.15854,short
0.2,40.0,2.0,50.0,0,exponential,sim004_20,1,150,1500,1.62438,1.62245,3.37897,0.58931,0.6572,0.65403,0.37502,0.14995,0.14953,short
0.2,48.0,2.0,50.0,0,exponential,sim004_20,1,150,1500,1.63615,1.63422,3.56171,0.59261,0.66451,0.661,0.37725,0.14342,0.14294,short
0.25,4.0,2.0,50.0,0,exponential,sim004_25,3,150,1500,1.39398,1.3932,1.58298,0.52471,0.53937,0.53942,0.32789,0.27084,0.27109,short
0.25,12.0,2.0,50.0,0,exponential,sim004_25,3,150,1500,1.67492,1.67242,2.49631,0.62179,0.66717,0.66726,0.34569,0.20361,0.20427,short
0.25,20.0,2.0,50.0,0,exponential,sim004_25,3,150,1500,1.76963,1.76638,3.04426,0.65323,0.71527,0.71535,0.35307,0.1754,0.17625,short
0.25,28.0,2.0,50.0,0,exponential,sim004_25,3,150,1500,1.8185,1.81484,3.42269,0.66917,0.74185,0.74188,0.35714,0.1598,0.16073,short
0.25,32.0,2.0,50.0,0,exponential,sim004_25,3,150,1500,1.83515,1.83135,3.57254,0.67456,0.75127,0.75128,0.35857,0.15432,0.15528,short
0.25,40.0,2.0,50.0,0,exponential,sim004_25,3,150,1500,1.8598,1.8558,3.81861,0.6825,0.76563,0.7656,0.36072,0.14605,0.14705,short
0.25,48.0,2.0,50.0,0,exponential,sim004_25,3,150,1500,1.87723,1.87309,4.01297,0.68808,0.77613,0.77605,0.36227,0.14009,0.14112,short
0.3,4.0,2.0,50.0,0,exponential,sim004_30,1,150,1500,1.48241,1.48179,1.72306,0.55797,0.57518,0.57491,0.32741,0.26111,0.26116,short
0.3,12.0,2.0,50.0,0,exponential,sim004_30,1,150,1500,1.83484,1.83307,2.9492,0.67991,0.73384,0.73352,0.34693,0.18633,0.18668,short
0.3,20.0,2.0,50.0,0,exponential,sim004_30,1,150,1500,1.95443,1.95217,3.7501,0.71979,0.79449,0.79455,0.35466,0.15527,0.15586,short
0.3,28.0,2.0,50.0,0,exponential,sim004_30,1,150,1500,2.01623,2.01371,4.3398,0.74005,0.82853,0.82909,0.3589,0.13803,0.13881,short
0.3,32.0,2.0,50.0,0,exponential,sim004_30,1,150,1500,2.0373,2.03469,4.58313,0.7469,0.84075,0.84156,0.36039,0.13194,0.13281,short
0.3,40.0,2.0,50.0,0,exponential,sim004_30,1,150,1500,2.06852,2.06577,4.99657,0.75699,0.85958,0.86091,0.36263,0.12271,0.12372,short
0.3,48.0,2.0,50.0,0,exponential,sim004_30,1,150,1500,2.09062,2.08778,5.33675,0.76409,0.87356,0.87538,0.36425,0.11601,0.11714,short
0.1,4.0,2.0,50.0,10,exponential,sim005_10,1,150,1500,1.14262,1.14029,1.21515,0.4283,0.43562,0.43455,0.33188,0.30201,0.30212,short
0.1,12.0,2.0,50.0,10,exponential,sim005_10,1,150,1500,1.23295,1.22706,1.51316,0.45625,0.47668,0.47385,0.34643,0.26122,0.26153,short
0.1,20.0,2.0,50.0,10,exponential,sim005_10,1,150,1500,1.26266,1.25539,1.67554,0.46438,0.49099,0.48739,0.35373,0.24166,0.24216,short
0.1,28.0,2.0,50.0,10,exponential,sim005_10,1,150,1500,1.27809,1.27009,1.78166,0.46835,0.49864,0.49459,0.35811,0.23013,0.23077,short
0.1,32.0,2.0,50.0,10,exponential,sim005_10,1,150,1500,1.2834,1.27514,1.82244,0.46968,0.5013,0.49709,0.35971,0.22595,0.22664,short
0.1,40.0,2.0,50.0,10,exponential,sim005_10,1,150,1500,1.29132,1.28268,1.88798,0.47162,0.50533,0.50086,0.36218,0.21951,0.22028,short
0.1,48.0,2.0,50.0,10,exponential,sim005_10,1,150,1500,1.29698,1.28808,1.93857,0.47298,0.50823,0.50358,0.36402,0.21475,0.21559,short
0.15,4.0,2.0,50.0,10,exponential,sim005_15,1,150,1500,1.21639,1.21609,1.33758,0.4564,0.4668,0.4672,0.33302,0.28855,0.28891,short
0.15,12.0,2.0,50.0,10,exponential,sim005_15,1,150,1500,1.35182,1.35119,1.84585,0.50015,0.53009,0.53155,0.35262,0.23256,0.2336,short
0.15,20.0,2.0,50.0,10,exponential,sim005_15,1,150,1500,1.39582,1.39508,2.14922,0.51305,0.55281,0.55495,0.36186,0.20679,0.20814,short
0.15,28.0,2.0,50.0,10,exponential,sim005_15,1,150,1500,1.41859,1.41781,2.36099,0.51941,0.56527,0.56788,0.3673,0.19176,0.19328,short
0.15,32.0,2.0,50.0,10,exponential,sim005_15,1,150,1500,1.42641,1.42561,2.44578,0.52155,0.56969,0.57249,0.36929,0.18631,0.1879,short
0.15,40.0,2.0,50.0,10,exponential,sim005_15,1,150,1500,1.43809,1.43727,2.58659,0.52468,0.57646,0.57958,0.37235,0.1779,0.17959,short
0.15,48.0,2.0,50.0,10,exponential,sim005_15,1,150,1500,1.44646,1.44563,2.69954,0.52688,0.58144,0.58481,0.37463,0.17167,0.17343,short
0.2,4.0,2.0,50.0,10,exponential,sim005_20,1,150,1500,1.29702,1.29447,1.45292,0.48585,0.50099,0.49973,0.33156,0.2796,0.27974,short
0.2,12.0,2.0,50.0,10,exponential,sim005_20,1,150,1500,1.49075,1.48449,2.15095,0.54884,0.59314,0.59014,0.3516,0.21741,0.2178,short
0.2,20.0,2.0,50.0,10,exponential,sim005_20,1,150,1500,1.55399,1.54635,2.57649,0.568,0.62717,0.62372,0.3605,0.18994,0.1905,short
0.2,28.0,2.0,50.0,10,exponential,sim005_20,1,150,1500,1.58661,1.57826,2.87776,0.57757,0.64601,0.64249,0.36563,0.1742,0.17487,short
0.2,32.0,2.0,50.0,10,exponential,sim005_20,1,150,1500,1.59778,1.58919,2.9994,0.5808,0.65272,0.64923,0.36748,0.16855,0.16926,short
0.2,40.0,2.0,50.0,10,exponential,sim005_20,1,150,1500,1.61443,1.60549,3.2028,0.58557,0.66301,0.65963,0.37031,0.15987,0.16065,short
0.2,48.0,2.0,50.0,10,exponential,sim005_20,1,150,1500,1.62634,1.61716,3.36724,0.58894,0.6706,0.66737,0.3724,0.15347,0.1543,short
0.25,4.0,2.0,50.0,10,exponential,sim005_25,3,150,1500,1.38596,1.38415,1.5589,0.5226,0.53756,0.53706,0.32673,0.27437,0.27443,short
0.25,12.0,2.0,50.0,10,exponential,sim005_25,3,150,1500,1.66036,1.65447,2.40446,0.61885,0.66604,0.66488,0.3427,0.21161,0.21193,short
0.25,20.0,2.0,50.0,10,exponential,sim005_25,3,150,1500,1.75336,1.74554,2.90136,0.65035,0.71512,0.71376,0.34934,0.18492,0.18548,short
0.25,28.0,2.0,50.0,10,exponential,sim005_25,3,150,1500,1.80175,1.79281,3.24132,0.6665,0.74248,0.74105,0.35303,0.17001,0.17075,short
0.25,32.0,2.0,50.0,10,exponential,sim005_25,3,150,1500,1.81835,1.80902,3.37539,0.67201,0.75223,0.75078,0.35433,0.16474,0.16555,short
0.25,40.0,2.0,50.0,10,exponential,sim005_25,3,150,1500,1.84309,1.83317,3.59512,0.6802,0.76715,0.76569,0.35628,0.15674,0.15767,short
0.25,48.0,2.0,50.0,10,exponential,sim005_25,3,150,1500,1.86076,1.85041,3.76849,0.68602,0.77813,0.77666,0.35769,0.15092,0.15195,short
0.3,4.0,2.0,50.0,10,exponential,sim005_30,1,150,1500,1.48093,1.47656,1.71639,0.55518,0.57518,0.5732,0.32715,0.26193,0.26206,short
0.3,12.0,2.0,50.0,10,exponential,sim005_30,1,150,1500,1.83267,1.81972,2.92405,0.6731,0.73531,0.72976,0.34648,0.18807,0.18842,short
0.3,20.0,2.0,50.0,10,exponential,sim005_30,1,150,1500,1.95188,1.9352,3.70818,0.7113,0.7969,0.78966,0.35421,0.1574,0.15787,short
0.3,28.0,2.0,50.0,10,exponential,sim005_30,1,150,1500,2.01346,1.99476,4.28338,0.73067,0.83158,0.8233,0.35846,0.1404,0.1409,short
0.3,32.0,2.0,50.0,10,exponential,sim005_30,1,150,1500,2.03446,2.01506,4.52026,0.73723,0.84405,0.83537,0.35996,0.13439,0.13491,short
0.3,40.0,2.0,50.0,10,exponential,sim005_30,1,150,1500,2.06559,2.04516,4.92219,0.74688,0.86329,0.85398,0.36223,0.12529,0.12581,short
0.3,48.0,2.0,50.0,10,exponential,sim005_30,1,150,1500,2.08766,2.0665,5.25246,0.75369,0.87758,0.86779,0.36388,0.11869,0.11919,short
0.1,4.0,2.0,50.0,20,exponential,sim006_10,1,150,1500,1.1423,1.14261,1.21694,0.42842,0.43491,0.43569,0.33142,0.3016,0.30194,short
0.1,12.0,2.0,50.0,20,exponential,sim006_10,1,150,1500,1.23211,1.23246,1.51884,0.45645,0.47455,0.47675,0.34556,0.25994,0.2611,short
0.1,20.0,2.0,50.0,20,exponential,sim006_10,1,150,1500,1.26158,1.26182,1.68275,0.46458,0.48818,0.49105,0.35276,0.2401,0.24166,short
0.1,28.0,2.0,50.0,20,exponential,sim006_10,1,150,1500,1.27682,1.27698,1.78932,0.46855,0.49541,0.49868,0.35708,0.22849,0.23028,short
0.1,32.0,2.0,50.0,20,exponential,sim006_10,1,150,1500,1.28204,1.28217,1.83011,0.46987,0.49792,0.50134,0.35865,0.2243,0.22617,short
0.1,40.0,2.0,50.0,20,exponential,sim006_10,1,150,1500,1.28979,1.28988,1.89543,0.47179,0.5017,0.50534,0.36107,0.21787,0.21986,short
0.1,48.0,2.0,50.0,20,exponential,sim006_10,1,150,1500,1.29531,1.29536,1.9456,0.47314,0.50441,0.50824,0.36287,0.21315,0.21522,short
0.15,4.0,2.0,50.0,20,exponential,sim006_15,1,150,1500,1.21806,1.21695,1.34118,0.45616,0.46719,0.46676,0.33313,0.28803,0.28822,short
0.15,12.0,2.0,50.0,20,exponential,sim006_15,1,150,1500,1.35586,1.35312,1.86106,0.49948,0.53071,0.52971,0.35313,0.23105,0.23156,short
0.15,20.0,2.0,50.0,20,exponential,sim006_15,1,150,1500,1.40073,1.39732,2.17282,0.51218,0.55338,0.55243,0.36257,0.20484,0.2056,short
0.15,28.0,2.0,50.0,20,exponential,sim006_15,1,150,1500,1.42392,1.42012,2.39063,0.5184,0.56576,0.56503,0.36814,0.18958,0.19051,short
0.15,32.0,2.0,50.0,20,exponential,sim006_15,1,150,1500,1.43186,1.42792,2.47782,0.52048,0.57013,0.56953,0.37016,0.18406,0.18507,short
0.15,40.0,2.0,50.0,20,exponential,sim006_15,1,150,1500,1.4437,1.43955,2.62252,0.52352,0.57682,0.57647,0.37328,0.17556,0.17668,short
0.15,48.0,2.0,50.0,20,exponential,sim006_15,1,150,1500,1.45217,1.44785,2.73846,0.52566,0.58171,0.58162,0.3756,0.16927,0.17049,short
0.2,4.0,2.0,50.0,20,exponential,sim006_20,1,150,1500,1.29717,1.29541,1.45757,0.48639,0.5006,0.49989,0.33229,0.27852,0.27874,short
0.2,12.0,2.0,50.0,20,exponential,sim006_20,1,150,1500,1.49053,1.48582,2.16845,0.54958,0.59067,0.58985,0.35346,0.21466,0.21573,short
0.2,20.0,2.0,50.0,20,exponential,sim006_20,1,150,1500,1.55354,1.5475,2.60279,0.56867,0.62329,0.62306,0.36281,0.18652,0.18825,short
0.2,28.0,2.0,50.0,20,exponential,sim006_20,1,150,1500,1.58597,1.57913,2.91021,0.57815,0.64116,0.64158,0.36818,0.17042,0.17264,short
0.2,32.0,2.0,50.0,20,exponential,sim006_20,1,150,1500,1.59706,1.58992,3.03428,0.58133,0.64749,0.64821,0.37011,0.16464,0.16707,short
0.2,40.0,2.0,50.0,20,exponential,sim006_20,1,150,1500,1.61355,1.60596,3.24157,0.586,0.65714,0.65844,0.37307,0.15578,0.15853,short
0.2,48.0,2.0,50.0,20,exponential,sim006_20,1,150,1500,1.62532,1.61737,3.40898,0.5893,0.66423,0.66603,0.37525,0.14926,0.15227,short
0.25,4.0,2.0,50.0,20,exponential,sim006_25,3,150,1500,1.38697,1.38633,1.56417,0.52192,0.53693,0.53656,0.32675,0.2736,0.27345,short
0.25,12.0,2.0,50.0,20,exponential,sim006_25,3,150,1500,1.66179,1.6596,2.42604,0.61665,0.6634,0.66242,0.34285,0.20971,0.20947,short
0.25,20.0,2.0,50.0,20,exponential,sim006_25,3,150,1500,1.75439,1.75148,2.93438,0.64733,0.71135,0.71002,0.34958,0.18267,0.18247,short
0.25,28.0,2.0,50.0,20,exponential,sim006_25,3,150,1500,1.80229,1.79899,3.28235,0.66295,0.73802,0.73639,0.35331,0.16763,0.16747,short
0.25,32.0,2.0,50.0,20,exponential,sim006_25,3,150,1500,1.81866,1.81522,3.41954,0.66825,0.74751,0.74576,0.35462,0.16233,0.16219,short
0.25,40.0,2.0,50.0,20,exponential,sim006_25,3,150,1500,1.84297,1.83933,3.64421,0.67608,0.76203,0.76006,0.35659,0.15431,0.15419,short
0.25,48.0,2.0,50.0,20,exponential,sim006_25,3,150,1500,1.86024,1.85646,3.82123,0.68162,0.77269,0.77053,0.35801,0.1485,0.14841,short
0.3,4.0,2.0,50.0,20,exponential,sim006_30,1,150,1500,1.48099,1.47187,1.68738,0.55701,0.57635,0.57208,0.32515,0.26619,0.26651,short
0.3,12.0,2.0,50.0,20,exponential,sim006_30,1,150,1500,1.84284,1.81664,2.78181,0.68163,0.74302,0.73102,0.34196,0.19766,0.1987,short
0.3,20.0,2.0,50.0,20,exponential,sim006_30,1,150,1500,1.96791,1.93442,3.45245,0.72326,0.80753,0.79234,0.34864,0.16891,0.17053,short
0.3,28.0,2.0,50.0,20,exponential,sim006_30,1,150,1500,2.03314,1.99569,3.92275,0.74471,0.84346,0.82663,0.35228,0.15296,0.15496,short
0.3,32.0,2.0,50.0,20,exponential,sim006_30,1,150,1500,2.0555,2.01668,4.11076,0.75202,0.85624,0.83887,0.35354,0.14735,0.14948,short
0.3,40.0,2.0,50.0,20,exponential,sim006_30,1,150,1500,2.08877,2.04791,4.42187,0.76286,0.87576,0.85761,0.35544,0.13887,0.14121,short
0.3,48.0,2.0,50.0,20,exponential,sim006_30,1,150,1500,2.11246,2.07016,4.66986,0.77057,0.89006,0.87139,0.35679,0.13274,0.13523,short
0.1,4.0,3.0,50.0,0,exponential,sim007_10,1,150,1500,1.14472,1.1477,1.22676,0.42834,0.4357,0.4369,0.33285,0.29975,0.29952,short
0.1,12.0,3.0,50.0,0,exponential,sim007_10,1,150,1500,1.2389,1.24671,1.55232,0.45689,0.47752,0.47995,0.34905,0.2556,0.2547,short
0.1,20.0,3.0,50.0,0,exponential,sim007_10,1,150,1500,1.27082,1.28062,1.73632,0.46548,0.49254,0.49522,0.35727,0.23429,0.23289,short
0.1,28.0,3.0,50.0,0,exponential,sim007_10,1,150,1500,1.28755,1.29845,1.85995,0.46972,0.50067,0.50339,0.36225,0.22162,0.21987,short
0.1,32.0,3.0,50.0,0,exponential,sim007_10,1,150,1500,1.29331,1.30459,1.90827,0.47114,0.50351,0.50625,0.36408,0.217,0.21511,short
0.1,40.0,3.0,50.0,0,exponential,sim007_10,1,150,1500,1.3019,1.31376,1.98696,0.4732,0.50781,0.51055,0.36692,0.20985,0.20775,short
0.1,48.0,3.0,50.0,0,exponential,sim007_10,1,150,1500,1.30803,1.3203,2.04858,0.47464,0.51093,0.51367,0.36904,0.20454,0.20229,short
0.15,4.0,3.0,50.0,0,exponential,sim007_15,1,150,1500,1.21915,1.22778,1.33947,0.45695,0.46641,0.4706,0.33151,0.28892,0.28882,short
0.15,12.0,3.0,50.0,0,exponential,sim007_15,1,150,1500,1.36429,1.3881,1.83328,0.50406,0.53208,0.54243,0.34809,0.23541,0.23484,short
0.15,20.0,3.0,50.0,0,exponential,sim007_15,1,150,1500,1.41325,1.44353,2.11553,0.51878,0.55639,0.56907,0.3559,0.21121,0.21003,short
0.15,28.0,3.0,50.0,0,exponential,sim007_15,1,150,1500,1.43875,1.47262,2.30667,0.52616,0.56977,0.58364,0.36049,0.19722,0.19559,short
0.15,32.0,3.0,50.0,0,exponential,sim007_15,1,150,1500,1.44749,1.48263,2.38178,0.52865,0.5745,0.58878,0.36216,0.19219,0.19038,short
0.15,40.0,3.0,50.0,0,exponential,sim007_15,1,150,1500,1.46049,1.49755,2.50465,0.5323,0.58171,0.59657,0.36473,0.18447,0.18237,short
0.15,48.0,3.0,50.0,0,exponential,sim007_15,1,150,1500,1.46974,1.50817,2.60144,0.53486,0.58698,0.60224,0.36662,0.1788,0.17646,short
0.2,4.0,3.0,50.0,0,exponential,sim007_20,1,150,1500,1.30051,1.30711,1.45963,0.48881,0.50043,0.50484,0.33184,0.27839,0.27861,short
0.2,12.0,3.0,50.0,0,exponential,sim007_20,1,150,1500,1.50756,1.52472,2.15428,0.55926,0.59469,0.60637,0.35175,0.21626,0.2168,short
0.2,20.0,3.0,50.0,0,exponential,sim007_20,1,150,1500,1.57817,1.59958,2.56422,0.58213,0.63023,0.645,0.36041,0.18928,0.18971,short
0.2,28.0,3.0,50.0,0,exponential,sim007_20,1,150,1500,1.61498,1.63869,2.84684,0.59379,0.64989,0.6664,0.36534,0.17399,0.17431,short
0.2,32.0,3.0,50.0,0,exponential,sim007_20,1,150,1500,1.6276,1.6521,2.95896,0.59774,0.65687,0.67398,0.3671,0.16854,0.16881,short
0.2,40.0,3.0,50.0,0,exponential,sim007_20,1,150,1500,1.64637,1.67205,3.14362,0.60356,0.66751,0.68555,0.36978,0.16024,0.16042,short
0.2,48.0,3.0,50.0,0,exponential,sim007_20,1,150,1500,1.65971,1.68622,3.29016,0.60767,0.6753,0.69402,0.37174,0.15418,0.1543,short
0.25,4.0,3.0,50.0,0,exponential,sim007_25,3,150,1500,1.39769,1.39686,1.56906,0.5261,0.54153,0.54059,0.32843,0.27325,0.27306,short
0.25,12.0,3.0,50.0,0,exponential,sim007_25,3,150,1500,1.69847,1.69638,2.40144,0.63124,0.68008,0.67695,0.34613,0.21174,0.21126,short
0.25,20.0,3.0,50.0,0,exponential,sim007_25,3,150,1500,1.80584,1.80326,2.86982,0.66786,0.73489,0.73066,0.35318,0.18594,0.18542,short
0.25,28.0,3.0,50.0,0,exponential,sim007_25,3,150,1500,1.86275,1.8599,3.18033,0.6871,0.7656,0.76072,0.357,0.17162,0.1711,short
0.25,32.0,3.0,50.0,0,exponential,sim007_25,3,150,1500,1.8824,1.87945,3.30042,0.69372,0.77652,0.77141,0.35833,0.16659,0.16607,short
0.25,40.0,3.0,50.0,0,exponential,sim007_25,3,150,1500,1.91173,1.90863,3.4941,0.70359,0.79317,0.7877,0.36031,0.159,0.15849,short
0.25,48.0,3.0,50.0,0,exponential,sim007_25,3,150,1500,1.93266,1.92946,3.64402,0.71062,0.80533,0.7996,0.36172,0.15353,0.15302,short
0.3,4.0,3.0,50.0,0,exponential,sim007_30,1,150,1500,1.4937,1.49192,1.69793,0.56188,0.58053,0.58022,0.32535,0.26568,0.26603,short
0.3,12.0,3.0,50.0,0,exponential,sim007_30,1,150,1500,1.88468,1.87957,2.76834,0.69797,0.75864,0.7575,0.34188,0.19942,0.20028,short
0.3,20.0,3.0,50.0,0,exponential,sim007_30,1,150,1500,2.027,2.0206,3.39537,0.74646,0.83075,0.82911,0.34811,0.17201,0.17303,short
0.3,28.0,3.0,50.0,0,exponential,sim007_30,1,150,1500,2.10292,2.0959,3.82103,0.77217,0.87162,0.86965,0.3514,0.15691,0.15797,short
0.3,32.0,3.0,50.0,0,exponential,sim007_30,1,150,1500,2.1292,2.12197,3.98781,0.78105,0.88624,0.88414,0.35253,0.15161,0.15268,short
0.3,40.0,3.0,50.0,0,exponential,sim007_30,1,150,1500,2.16849,2.16099,4.25942,0.79432,0.90863,0.90634,0.3542,0.14364,0.14471,short
0.3,48.0,3.0,50.0,0,exponential,sim007_30,1,150,1500,2.19656,2.18889,4.47187,0.80379,0.92506,0.92261,0.35539,0.13791,0.13896,short
0.1,4.0,3.0,50.0,10,exponential,sim008_10,1,150,1500,1.14531,1.14206,1.22005,0.42868,0.4373,0.43547,0.33335,0.30098,0.30104,short
0.1,12.0,3.0,50.0,10,exponential,sim008_10,1,150,1500,1.2407,1.23322,1.52522,0.4579,0.48215,0.47714,0.34937,0.2597,0.25952,short
0.1,20.0,3.0,50.0,10,exponential,sim008_10,1,150,1500,1.27296,1.2641,1.69367,0.4668,0.49862,0.49196,0.35719,0.23986,0.2395,short
0.1,28.0,3.0,50.0,10,exponential,sim008_10,1,150,1500,1.28988,1.28037,1.80562,0.47123,0.50764,0.49991,0.36187,0.22806,0.22755,short
0.1,32.0,3.0,50.0,10,exponential,sim008_10,1,150,1500,1.29572,1.286,1.84919,0.47272,0.51083,0.50268,0.36359,0.22374,0.22317,short
0.1,40.0,3.0,50.0,10,exponential,sim008_10,1,150,1500,1.30446,1.29443,1.91998,0.47491,0.51568,0.50685,0.36626,0.21705,0.21637,short
0.1,48.0,3.0,50.0,10,exponential,sim008_10,1,150,1500,1.31071,1.30049,1.97537,0.47645,0.51922,0.50985,0.36824,0.21206,0.21129,short
0.15,4.0,3.0,50.0,10,exponential,sim008_15,1,150,1500,1.222,1.22011,1.33517,0.45768,0.46993,0.46869,0.333,0.28973,0.28963,short
0.15,12.0,3.0,50.0,10,exponential,sim008_15,1,150,1500,1.37183,1.36681,1.81763,0.50566,0.54192,0.5381,0.35164,0.23774,0.23705,short
0.15,20.0,3.0,50.0,10,exponential,sim008_15,1,150,1500,1.42272,1.41649,2.09174,0.52075,0.56927,0.56396,0.36011,0.21419,0.21308,short
0.15,28.0,3.0,50.0,10,exponential,sim008_15,1,150,1500,1.44935,1.4425,2.27651,0.52837,0.5845,0.57816,0.36501,0.2006,0.19918,short
0.15,32.0,3.0,50.0,10,exponential,sim008_15,1,150,1500,1.45852,1.45145,2.34891,0.53095,0.58992,0.58317,0.36677,0.19571,0.19416,short
0.15,40.0,3.0,50.0,10,exponential,sim008_15,1,150,1500,1.47221,1.46484,2.4671,0.53476,0.59821,0.59078,0.36947,0.18821,0.18645,short
0.15,48.0,3.0,50.0,10,exponential,sim008_15,1,150,1500,1.482,1.47442,2.56001,0.53745,0.60431,0.59632,0.37145,0.1827,0.18077,short
0.2,4.0,3.0,50.0,10,exponential,sim008_20,1,150,1500,1.3044,1.30144,1.45107,0.48852,0.50444,0.50274,0.33174,0.2805,0.28048,short
0.2,12.0,3.0,50.0,10,exponential,sim008_20,1,150,1500,1.51866,1.51027,2.11672,0.55865,0.60672,0.60157,0.35127,0.22169,0.22156,short
0.2,20.0,3.0,50.0,10,exponential,sim008_20,1,150,1500,1.59261,1.58174,2.50366,0.58154,0.64619,0.63927,0.35966,0.19587,0.19579,short
0.2,28.0,3.0,50.0,10,exponential,sim008_20,1,150,1500,1.63152,1.61919,2.76864,0.59331,0.66822,0.66022,0.36442,0.18113,0.18111,short
0.2,32.0,3.0,50.0,10,exponential,sim008_20,1,150,1500,1.64495,1.63209,2.87348,0.59733,0.67607,0.66766,0.36611,0.17584,0.17586,short
0.2,40.0,3.0,50.0,10,exponential,sim008_20,1,150,1500,1.66503,1.65134,3.04593,0.6033,0.68809,0.67902,0.3687,0.16775,0.16782,short
0.2,48.0,3.0,50.0,10,exponential,sim008_20,1,150,1500,1.67943,1.6651,3.1827,0.60755,0.69692,0.68735,0.3706,0.16181,0.16194,short
0.25,4.0,3.0,50.0,10,exponential,sim008_25,3,150,1500,1.39373,1.39244,1.55667,0.52408,0.53999,0.53896,0.32727,0.27507,0.2752,short
0.25,12.0,3.0,50.0,10,exponential,sim008_25,3,150,1500,1.6895,1.68639,2.35645,0.62654,0.67664,0.67301,0.34301,0.21579,0.21615,short
0.25,20.0,3.0,50.0,10,exponential,sim008_25,3,150,1500,1.79481,1.79091,2.8015,0.66199,0.73057,0.72543,0.34917,0.19084,0.19138,short
0.25,28.0,3.0,50.0,10,exponential,sim008_25,3,150,1500,1.85079,1.84639,3.09505,0.68063,0.76082,0.75469,0.35248,0.17697,0.17763,short
0.25,32.0,3.0,50.0,10,exponential,sim008_25,3,150,1500,1.87018,1.86558,3.20833,0.68705,0.77159,0.76509,0.35363,0.17208,0.17279,short
0.25,40.0,3.0,50.0,10,exponential,sim008_25,3,150,1500,1.89925,1.8943,3.39087,0.69663,0.78805,0.78093,0.35533,0.16468,0.16547,short
0.25,48.0,3.0,50.0,10,exponential,sim008_25,3,150,1500,1.92011,1.91487,3.53212,0.70348,0.80009,0.79251,0.35654,0.15933,0.16019,short
0.3,4.0,3.0,50.0,10,exponential,sim008_30,1,150,1500,1.48098,1.48952,1.68403,0.56088,0.57727,0.58132,0.32428,0.26754,0.2673,short
0.3,12.0,3.0,50.0,10,exponential,sim008_30,1,150,1500,1.8519,1.87777,2.71744,0.69699,0.75133,0.76447,0.33898,0.20374,0.20333,short
0.3,20.0,3.0,50.0,10,exponential,sim008_30,1,150,1500,1.98578,2.01974,3.31934,0.7458,0.82186,0.83987,0.34449,0.17731,0.17668,short
0.3,28.0,3.0,50.0,10,exponential,sim008_30,1,150,1500,2.0573,2.09593,3.72829,0.77185,0.86194,0.88297,0.3474,0.16267,0.16187,short
0.3,32.0,3.0,50.0,10,exponential,sim008_30,1,150,1500,2.08213,2.12243,3.88889,0.7809,0.87632,0.89846,0.3484,0.15751,0.15665,short
0.3,40.0,3.0,50.0,10,exponential,sim008_30,1,150,1500,2.11939,2.16223,4.15117,0.79447,0.8984,0.92226,0.34988,0.1497,0.14875,short
0.3,48.0,3.0,50.0,10,exponential,sim008_30,1,150,1500,2.14616,2.19084,4.35725,0.80423,0.91464,0.9398,0.35093,0.14404,0.14303,short
0.1,4.0,3.0,50.0,20,exponential,sim009_10,1,150,1500,1.14424,1.14295,1.22188,0.42899,0.43676,0.43632,0.33359,0.30039,0.30051,short
0.1,12.0,3.0,50.0,20,exponential,sim009_10,1,150,1500,1.23891,1.23576,1.53264,0.45872,0.48066,0.48009,0.35004,0.25792,0.25835,short
0.1,20.0,3.0,50.0,20,exponential,sim009_10,1,150,1500,1.27116,1.26737,1.70558,0.46779,0.49665,0.49624,0.35812,0.23742,0.23803,short
0.1,28.0,3.0,50.0,20,exponential,sim009_10,1,150,1500,1.28815,1.28403,1.82126,0.47231,0.50535,0.50509,0.363,0.22517,0.22587,short
0.1,32.0,3.0,50.0,20,exponential,sim009_10,1,150,1500,1.29401,1.2898,1.86646,0.47383,0.50842,0.50822,0.36479,0.22069,0.2214,short
0.1,40.0,3.0,50.0,20,exponential,sim009_10,1,150,1500,1.30279,1.29845,1.94016,0.47605,0.51307,0.51297,0.36757,0.21371,0.21446,short
0.1,48.0,3.0,50.0,20,exponential,sim009_10,1,150,1500,1.30908,1.30466,1.99803,0.47761,0.51645,0.51643,0.36966,0.20852,0.20927,short
0.15,4.0,3.0,50.0,20,exponential,sim009_15,1,150,1500,1.22157,1.22246,1.33754,0.45798,0.46877,0.46938,0.33301,0.28905,0.2892,short
0.15,12.0,3.0,50.0,20,exponential,sim009_15,1,150,1500,1.37043,1.37323,1.82383,0.50624,0.53804,0.53989,0.35161,0.23609,0.23638,short
0.15,20.0,3.0,50.0,20,exponential,sim009_15,1,150,1500,1.42099,1.42463,2.09957,0.52142,0.56396,0.56653,0.36007,0.21216,0.21243,short
0.15,28.0,3.0,50.0,20,exponential,sim009_15,1,150,1500,1.44742,1.45153,2.28512,0.52908,0.57831,0.58134,0.36496,0.19836,0.1986,short
0.15,32.0,3.0,50.0,20,exponential,sim009_15,1,150,1500,1.45651,1.46078,2.35772,0.53166,0.5834,0.58662,0.36672,0.1934,0.19362,short
0.15,40.0,3.0,50.0,20,exponential,sim009_15,1,150,1500,1.47007,1.47457,2.47607,0.53548,0.59119,0.59469,0.36941,0.1858,0.186,short
0.15,48.0,3.0,50.0,20,exponential,sim009_15,1,150,1500,1.47975,1.48441,2.56892,0.53817,0.5969,0.60063,0.37138,0.18022,0.1804,short
0.2,4.0,3.0,50.0,20,exponential,sim009_20,1,150,1500,1.30509,1.30015,1.45529,0.48965,0.50506,0.5013,0.33324,0.27949,0.27908,short
0.2,12.0,3.0,50.0,20,exponential,sim009_20,1,150,1500,1.51933,1.50646,2.13312,0.56146,0.60793,0.59705,0.35478,0.21945,0.21823,short
0.2,20.0,3.0,50.0,20,exponential,sim009_20,1,150,1500,1.59284,1.5768,2.52843,0.58497,0.64776,0.63315,0.36391,0.19325,0.19185,short
0.2,28.0,3.0,50.0,20,exponential,sim009_20,1,150,1500,1.63129,1.61355,2.79907,0.59702,0.67009,0.65307,0.36904,0.17837,0.17691,short
0.2,32.0,3.0,50.0,20,exponential,sim009_20,1,150,1500,1.64451,1.62618,2.90605,0.60112,0.67807,0.66012,0.37086,0.17306,0.17158,short
0.2,40.0,3.0,50.0,20,exponential,sim009_20,1,150,1500,1.66421,1.645,3.08185,0.6072,0.69032,0.67085,0.37363,0.16495,0.16346,short
0.2,48.0,3.0,50.0,20,exponential,sim009_20,1,150,1500,1.67827,1.65842,3.22108,0.6115,0.69935,0.67868,0.37564,0.15902,0.15752,short
0.25,4.0,3.0,50.0,20,exponential,sim009_25,3,150,1500,1.39014,1.39545,1.56196,0.52465,0.53814,0.54072,0.32764,0.27395,0.27387,short
0.25,12.0,3.0,50.0,20,exponential,sim009_25,3,150,1500,1.6786,1.69422,2.37728,0.62738,0.67043,0.67828,0.34379,0.21329,0.21318,short
0.25,20.0,3.0,50.0,20,exponential,sim009_25,3,150,1500,1.78051,1.80064,2.83296,0.66277,0.72204,0.73262,0.35013,0.188,0.18777,short
0.25,28.0,3.0,50.0,20,exponential,sim009_25,3,150,1500,1.83444,1.85705,3.13384,0.68131,0.75083,0.76311,0.35353,0.17401,0.1737,short
0.25,32.0,3.0,50.0,20,exponential,sim009_25,3,150,1500,1.85307,1.87653,3.24995,0.68769,0.76105,0.77398,0.3547,0.16909,0.16876,short
0.25,40.0,3.0,50.0,20,exponential,sim009_25,3,150,1500,1.8809,1.90566,3.43698,0.69719,0.77662,0.79057,0.35645,0.16167,0.16129,short
0.25,48.0,3.0,50.0,20,exponential,sim009_25,3,150,1500,1.90081,1.92648,3.58159,0.70396,0.78798,0.80272,0.35769,0.15632,0.15591,short
0.3,4.0,3.0,50.0,20,exponential,sim009_30,1,150,1500,1.48106,1.48638,1.68456,0.56076,0.57706,0.57921,0.32524,0.267,0.26695,short
0.3,12.0,3.0,50.0,20,exponential,sim009_30,1,150,1500,1.85007,1.86713,2.7165,0.69595,0.74907,0.75577,0.34113,0.20255,0.20248,short
0.3,20.0,3.0,50.0,20,exponential,sim009_30,1,150,1500,1.98238,2.00509,3.31528,0.74407,0.81801,0.82693,0.34707,0.17592,0.17566,short
0.3,28.0,3.0,50.0,20,exponential,sim009_30,1,150,1500,2.05276,2.07874,3.7206,0.76962,0.85697,0.86715,0.35022,0.1612,0.16079,short
0.3,32.0,3.0,50.0,20,exponential,sim009_30,1,150,1500,2.07711,2.10427,3.87933,0.77846,0.87091,0.88152,0.3513,0.15604,0.15555,short
0.3,40.0,3.0,50.0,20,exponential,sim009_30,1,150,1500,2.11355,2.14251,4.13792,0.79168,0.89224,0.9035,0.3529,0.14823,0.14763,short
0.3,48.0,3.0,50.0,20,exponential,sim009_30,1,150,1500,2.13963,2.16991,4.34041,0.80115,0.9079,0.91961,0.35404,0.14261,0.14191,short
0.1,4.0,1.0,100.0,0,exponential,sim010_10,1,150,1500,1.14116,1.14146,1.25331,0.42698,0.43315,0.43299,0.33593,0.29286,0.29265,medium
0.1,12.0,1.0,100.0,0,exponential,sim010_10,1,150,1500,1.23345,1.23445,1.78105,0.45235,0.47074,0.46951,0.36269,0.22421,0.22333,medium
0.1,20.0,1.0,100.0,0,exponential,sim010_10,1,150,1500,1.26632,1.26771,2.20456,0.45928,0.48549,0.48314,0.37784,0.18741,0.18606,medium
0.1,28.0,1.0,100.0,0,exponential,sim010_10,1,150,1500,1.28431,1.28596,2.56544,0.46258,0.49483,0.49146,0.38745,0.16448,0.16281,medium
0.1,32.0,1.0,100.0,0,exponential,sim010_10,1,150,1500,1.29067,1.29243,2.72847,0.46366,0.49852,0.49467,0.39106,0.15592,0.15411,medium
0.1,40.0,1.0,100.0,0,exponential,sim010_10,1,150,1500,1.30036,1.30228,3.02703,0.46523,0.50474,0.5,0.39678,0.14244,0.14041,medium
0.1,48.0,1.0,100.0,0,exponential,sim010_10,1,150,1500,1.30746,1.3095,3.29549,0.46632,0.5099,0.50434,0.40112,0.13226,0.13005,medium
0.15,4.0,1.0,100.0,0,exponential,sim010_15,3,150,1500,1.22288,1.22312,1.38201,0.45838,0.46772,0.46761,0.33459,0.28059,0.28043,medium
0.15,12.0,1.0,100.0,0,exponential,sim010_15,3,150,1500,1.36968,1.37034,2.15407,0.50369,0.53192,0.5316,0.36122,0.20288,0.20235,medium
0.15,20.0,1.0,100.0,0,exponential,sim010_15,3,150,1500,1.41868,1.41954,2.75301,0.51672,0.55645,0.55604,0.3747,0.16577,0.16505,medium
0.15,28.0,1.0,100.0,0,exponential,sim010_15,3,150,1500,1.44425,1.44522,3.2493,0.52303,0.57125,0.57079,0.38275,0.14404,0.14319,medium
0.15,32.0,1.0,100.0,0,exponential,sim010_15,3,150,1500,1.45305,1.45406,3.46926,0.52513,0.57691,0.57643,0.38569,0.13618,0.13529,medium
0.15,40.0,1.0,100.0,0,exponential,sim010_15,3,150,1500,1.4662,1.46726,3.86516,0.52818,0.58616,0.58565,0.39023,0.12408,0.12312,medium
0.15,48.0,1.0,100.0,0,exponential,sim010_15,3,150,1500,1.47561,1.47671,4.21346,0.53032,0.59355,0.59303,0.39359,0.11516,0.11416,medium
0.2,4.0,1.0,100.0,0,exponential,sim010_20,3,150,1500,1.30614,1.3065,1.51348,0.4902,0.5025,0.50254,0.33271,0.26989,0.26982,medium
0.2,12.0,1.0,100.0,0,exponential,sim010_20,3,150,1500,1.51386,1.51472,2.57423,0.55773,0.59599,0.59604,0.35833,0.18496,0.18482,medium
0.2,20.0,1.0,100.0,0,exponential,sim010_20,3,150,1500,1.58232,1.5833,3.41663,0.57793,0.63237,0.63246,0.37041,0.14693,0.14679,medium
0.2,28.0,1.0,100.0,0,exponential,sim010_20,3,150,1500,1.61755,1.61854,4.12739,0.58786,0.65437,0.65453,0.37739,0.12533,0.12523,medium
0.2,32.0,1.0,100.0,0,exponential,sim010_20,3,150,1500,1.62958,1.63056,4.44611,0.59118,0.66278,0.663,0.3799,0.11764,0.11756,medium
0.2,40.0,1.0,100.0,0,exponential,sim010_20,3,150,1500,1.64744,1.6484,5.02562,0.59604,0.67653,0.67689,0.38373,0.10592,0.10588,medium
0.2,48.0,1.0,100.0,0,exponential,sim010_20,3,150,1500,1.66015,1.66107,5.54176,0.59944,0.68755,0.68807,0.38652,0.09737,0.09738,medium
0.25,4.0,1.0,100.0,0,exponential,sim010_25,3,150,1500,1.39785,1.39738,1.64635,0.52512,0.54101,0.54076,0.32873,0.26178,0.26177,medium
0.25,12.0,1.0,100.0,0,exponential,sim010_25,3,150,1500,1.68221,1.68082,3.00185,0.62062,0.67198,0.67125,0.35035,0.17372,0.17365,medium
0.25,20.0,1.0,100.0,0,exponential,sim010_25,3,150,1500,1.7769,1.77505,4.09159,0.65047,0.72451,0.72354,0.36,0.13597,0.13588,medium
0.25,28.0,1.0,100.0,0,exponential,sim010_25,3,150,1500,1.82554,1.82339,5.01809,0.66541,0.75649,0.75537,0.36544,0.11499,0.11489,medium
0.25,32.0,1.0,100.0,0,exponential,sim010_25,3,150,1500,1.84211,1.83984,5.43543,0.67043,0.76876,0.76758,0.36737,0.1076,0.10751,medium
0.25,40.0,1.0,100.0,0,exponential,sim010_25,3,150,1500,1.86668,1.86422,6.19704,0.67783,0.78886,0.78759,0.37028,0.09642,0.09634,medium
0.25,48.0,1.0,100.0,0,exponential,sim010_25,3,150,1500,1.88413,1.88152,6.87827,0.68305,0.805,0.80367,0.37238,0.08834,0.08826,medium
0.3,4.0,1.0,100.0,0,exponential,sim010_30,1,150,1500,1.48648,1.48657,1.77643,0.56043,0.57898,0.57856,0.326,0.25489,0.25465,medium
0.3,12.0,1.0,100.0,0,exponential,sim010_30,1,150,1500,1.84511,1.84526,3.42039,0.68559,0.74767,0.74579,0.34537,0.16571,0.16498,medium
0.3,20.0,1.0,100.0,0,exponential,sim010_30,1,150,1500,1.96592,1.96608,4.75791,0.72608,0.81677,0.81367,0.35347,0.12856,0.12765,medium
0.3,28.0,1.0,100.0,0,exponential,sim010_30,1,150,1500,2.02823,2.02839,5.90674,0.74661,0.85904,0.8549,0.35792,0.10813,0.10713,medium
0.3,32.0,1.0,100.0,0,exponential,sim010_30,1,150,1500,2.04951,2.04966,6.42787,0.75357,0.87528,0.87066,0.35947,0.10097,0.09994,medium
0.3,40.0,1.0,100.0,0,exponential,sim010_30,1,150,1500,2.08112,2.08128,7.38488,0.76386,0.90193,0.89643,0.36179,0.09017,0.08911,medium
0.3,48.0,1.0,100.0,0,exponential,sim010_30,1,150,1500,2.10364,2.10379,8.24768,0.77116,0.92337,0.91707,0.36343,0.08238,0.0813,medium
0.1,4.0,1.0,100.0,10,exponential,sim011_10,1,150,1500,1.13831,1.13852,1.23057,0.42704,0.43371,0.43379,0.33279,0.29809,0.29802,medium
0.1,12.0,1.0,100.0,10,exponential,sim011_10,1,150,1500,1.23014,1.23078,1.67753,0.45443,0.47598,0.47611,0.35366,0.23883,0.23849,medium
0.1,20.0,1.0,100.0,10,exponential,sim011_10,1,150,1500,1.26296,1.26382,2.01976,0.46234,0.49339,0.49351,0.36619,0.20595,0.2054,medium
0.1,28.0,1.0,100.0,10,exponential,sim011_10,1,150,1500,1.28107,1.28206,2.30183,0.46624,0.50428,0.5044,0.37434,0.18507,0.18438,medium
0.1,32.0,1.0,100.0,10,exponential,sim011_10,1,150,1500,1.28752,1.28856,2.42648,0.46756,0.5085,0.50863,0.37744,0.17721,0.17645,medium
0.1,40.0,1.0,100.0,10,exponential,sim011_10,1,150,1500,1.2974,1.29852,2.65032,0.4695,0.51545,0.51559,0.38238,0.16474,0.16389,medium
0.1,48.0,1.0,100.0,10,exponential,sim011_10,1,150,1500,1.3047,1.30587,2.84671,0.47089,0.52102,0.52119,0.38616,0.15527,0.15434,medium
0.15,4.0,1.0,100.0,10,exponential,sim011_15,1,150,1500,1.20253,1.20305,1.34617,0.45093,0.4611,0.4611,0.33452,0.28501,0.2848,medium
0.15,12.0,1.0,100.0,10,exponential,sim011_15,1,150,1500,1.33241,1.33382,2.04604,0.49055,0.52433,0.52408,0.36021,0.2116,0.21088,medium
0.15,20.0,1.0,100.0,10,exponential,sim011_15,1,150,1500,1.37668,1.3784,2.60625,0.50196,0.5518,0.55135,0.37365,0.17481,0.17385,medium
0.15,28.0,1.0,100.0,10,exponential,sim011_15,1,150,1500,1.40042,1.40227,3.08425,0.50759,0.56993,0.56932,0.38184,0.15268,0.1516,medium
0.15,32.0,1.0,100.0,10,exponential,sim011_15,1,150,1500,1.40876,1.41065,3.30042,0.5095,0.57722,0.57655,0.38485,0.14456,0.14344,medium
0.15,40.0,1.0,100.0,10,exponential,sim011_15,1,150,1500,1.42144,1.42336,3.69661,0.51233,0.5896,0.58881,0.38953,0.13193,0.13077,medium
0.15,48.0,1.0,100.0,10,exponential,sim011_15,1,150,1500,1.43073,1.43265,4.0532,0.51436,0.59993,0.59905,0.39302,0.12251,0.12132,medium
0.2,4.0,1.0,100.0,10,exponential,sim011_20,1,150,1500,1.27994,1.28004,1.46889,0.47984,0.49395,0.49345,0.33326,0.27465,0.27439,medium
0.2,12.0,1.0,100.0,10,exponential,sim011_20,1,150,1500,1.46322,1.4637,2.43152,0.53794,0.5858,0.58315,0.35888,0.19411,0.19306,medium
0.2,20.0,1.0,100.0,10,exponential,sim011_20,1,150,1500,1.5241,1.52484,3.21426,0.55515,0.62662,0.62193,0.3712,0.15671,0.15511,medium
0.2,28.0,1.0,100.0,10,exponential,sim011_20,1,150,1500,1.55607,1.55701,3.89089,0.56374,0.65383,0.64732,0.37839,0.13507,0.13306,medium
0.2,32.0,1.0,100.0,10,exponential,sim011_20,1,150,1500,1.56717,1.56818,4.19961,0.56666,0.66485,0.6575,0.38097,0.1273,0.12511,medium
0.2,40.0,1.0,100.0,10,exponential,sim011_20,1,150,1500,1.58392,1.58504,4.76996,0.571,0.68366,0.67476,0.38492,0.11537,0.11288,medium
0.2,48.0,1.0,100.0,10,exponential,sim011_20,1,150,1500,1.59609,1.59731,5.28843,0.57411,0.69947,0.68915,0.38781,0.10661,0.10386,medium
0.25,4.0,1.0,100.0,10,exponential,sim011_25,3,150,1500,1.37342,1.37285,1.58483,0.51775,0.53338,0.53312,0.3269,0.2691,0.2691,medium
0.25,12.0,1.0,100.0,10,exponential,sim011_25,3,150,1500,1.64157,1.6401,2.76153,0.6106,0.66578,0.66519,0.34534,0.18814,0.18807,medium
0.25,20.0,1.0,100.0,10,exponential,sim011_25,3,150,1500,1.73274,1.73098,3.69373,0.64042,0.72289,0.72224,0.35402,0.15177,0.15161,medium
0.25,28.0,1.0,100.0,10,exponential,sim011_25,3,150,1500,1.78053,1.77866,4.4822,0.65566,0.75895,0.75829,0.35902,0.13105,0.13082,medium
0.25,32.0,1.0,100.0,10,exponential,sim011_25,3,150,1500,1.79705,1.79515,4.83661,0.66087,0.77299,0.77233,0.36081,0.12366,0.1234,medium
0.25,40.0,1.0,100.0,10,exponential,sim011_25,3,150,1500,1.82186,1.81993,5.4826,0.66864,0.7962,0.79549,0.36352,0.11239,0.11206,medium
0.25,48.0,1.0,100.0,10,exponential,sim011_25,3,150,1500,1.83977,1.83783,6.05991,0.67421,0.81495,0.81418,0.36548,0.10415,0.10377,medium
0.3,4.0,1.0,100.0,10,exponential,sim011_30,1,150,1500,1.46446,1.46461,1.70952,0.5541,0.57217,0.57231,0.32222,0.26264,0.26268,medium
0.3,12.0,1.0,100.0,10,exponential,sim011_30,1,150,1500,1.81606,1.8165,3.16078,0.68042,0.74743,0.74784,0.33583,0.17968,0.17985,medium
0.3,20.0,1.0,100.0,10,exponential,sim011_30,1,150,1500,1.93779,1.93838,4.32778,0.72272,0.82501,0.82563,0.34193,0.14338,0.14362,medium
0.3,28.0,1.0,100.0,10,exponential,sim011_30,1,150,1500,2.00182,2.00251,5.32683,0.74464,0.87443,0.87527,0.34537,0.12295,0.12323,medium
0.3,32.0,1.0,100.0,10,exponential,sim011_30,1,150,1500,2.02397,2.0247,5.77953,0.75217,0.89376,0.89472,0.34657,0.1157,0.11599,medium
0.3,40.0,1.0,100.0,10,exponential,sim011_30,1,150,1500,2.05723,2.05803,6.61056,0.76343,0.92582,0.927,0.34837,0.10468,0.10499,medium
0.3,48.0,1.0,100.0,10,exponential,sim011_30,1,150,1500,2.08125,2.08211,7.35976,0.77154,0.95184,0.95325,0.34965,0.09667,0.09698,medium
0.1,4.0,1.0,100.0,20,exponential,sim012_10,1,150,1500,1.13858,1.13741,1.23437,0.42669,0.43298,0.43301,0.33384,0.29662,0.29713,medium
0.1,12.0,1.0,100.0,20,exponential,sim012_10,1,150,1500,1.23144,1.22797,1.69709,0.45348,0.47251,0.47373,0.35666,0.23416,0.23618,medium
0.1,20.0,1.0,100.0,20,exponential,sim012_10,1,150,1500,1.26477,1.26018,2.05418,0.46106,0.48777,0.49034,0.37008,0.19972,0.20273,medium
0.1,28.0,1.0,100.0,20,exponential,sim012_10,1,150,1500,1.28314,1.27788,2.34986,0.46473,0.49699,0.50079,0.37874,0.17795,0.18163,medium
0.1,32.0,1.0,100.0,20,exponential,sim012_10,1,150,1500,1.28967,1.28416,2.48089,0.46595,0.50051,0.50488,0.38203,0.16976,0.1737,medium
0.1,40.0,1.0,100.0,20,exponential,sim012_10,1,150,1500,1.29965,1.29377,2.71675,0.46774,0.50623,0.51163,0.38724,0.1568,0.16118,medium
0.1,48.0,1.0,100.0,20,exponential,sim012_10,1,150,1500,1.30699,1.30083,2.92429,0.469,0.51077,0.51711,0.39121,0.14698,0.1517,medium
0.15,4.0,1.0,100.0,20,exponential,sim012_15,1,150,1500,1.20779,1.20826,1.36004,0.4529,0.46232,0.46268,0.33516,0.28263,0.28262,medium
0.15,12.0,1.0,100.0,20,exponential,sim012_15,1,150,1500,1.3433,1.34449,2.10911,0.49433,0.52454,0.52546,0.36245,0.20519,0.20515,medium
0.15,20.0,1.0,100.0,20,exponential,sim012_15,1,150,1500,1.38931,1.39079,2.71755,0.50623,0.55024,0.55145,0.37657,0.16696,0.16687,medium
0.15,28.0,1.0,100.0,20,exponential,sim012_15,1,150,1500,1.41371,1.41536,3.24117,0.51204,0.5667,0.56812,0.38511,0.14419,0.14408,medium
0.15,32.0,1.0,100.0,20,exponential,sim012_15,1,150,1500,1.42219,1.42391,3.47916,0.51398,0.57322,0.57473,0.38824,0.13589,0.13576,medium
0.15,40.0,1.0,100.0,20,exponential,sim012_15,1,150,1500,1.43498,1.43681,3.91716,0.51684,0.58418,0.58587,0.39309,0.12304,0.12289,medium
0.15,48.0,1.0,100.0,20,exponential,sim012_15,1,150,1500,1.44424,1.44617,4.31328,0.51886,0.59324,0.59509,0.3967,0.1135,0.11334,medium
0.2,4.0,1.0,100.0,20,exponential,sim012_20,1,150,1500,1.28419,1.28389,1.47292,0.48251,0.49515,0.49547,0.3325,0.27402,0.27431,medium
0.2,12.0,1.0,100.0,20,exponential,sim012_20,1,150,1500,1.47728,1.47634,2.4593,0.54571,0.58843,0.58964,0.35736,0.19144,0.19235,medium
0.2,20.0,1.0,100.0,20,exponential,sim012_20,1,150,1500,1.54217,1.54096,3.26687,0.56494,0.62853,0.63029,0.36948,0.15298,0.15416,medium
0.2,28.0,1.0,100.0,20,exponential,sim012_20,1,150,1500,1.57616,1.5748,3.96767,0.57456,0.65455,0.65672,0.37659,0.13071,0.13206,medium
0.2,32.0,1.0,100.0,20,exponential,sim012_20,1,150,1500,1.58791,1.5865,4.28814,0.57782,0.66491,0.66727,0.37915,0.12269,0.12411,medium
0.2,40.0,1.0,100.0,20,exponential,sim012_20,1,150,1500,1.60555,1.60406,4.88135,0.58266,0.6824,0.6851,0.38309,0.1104,0.11191,medium
0.2,48.0,1.0,100.0,20,exponential,sim012_20,1,150,1500,1.61829,1.61674,5.4218,0.58612,0.6969,0.69992,0.38598,0.10135,0.10295,medium
0.25,4.0,1.0,100.0,20,exponential,sim012_25,3,150,1500,1.37386,1.37419,1.59553,0.51763,0.53199,0.53256,0.32795,0.26697,0.26715,medium
0.25,12.0,1.0,100.0,20,exponential,sim012_25,3,150,1500,1.64122,1.64199,2.81369,0.60966,0.65885,0.66083,0.34796,0.18317,0.18374,medium
0.25,20.0,1.0,100.0,20,exponential,sim012_25,3,150,1500,1.7313,1.73219,3.78336,0.6389,0.71195,0.71481,0.35725,0.14602,0.14675,medium
0.25,28.0,1.0,100.0,20,exponential,sim012_25,3,150,1500,1.77812,1.77906,4.60425,0.6537,0.7451,0.74857,0.36257,0.12503,0.12585,medium
0.25,32.0,1.0,100.0,20,exponential,sim012_25,3,150,1500,1.7942,1.79516,4.97322,0.65872,0.75797,0.76168,0.36447,0.11758,0.11842,medium
0.25,40.0,1.0,100.0,20,exponential,sim012_25,3,150,1500,1.81821,1.8192,5.6455,0.66618,0.77919,0.78331,0.36735,0.10624,0.10712,medium
0.25,48.0,1.0,100.0,20,exponential,sim012_25,3,150,1500,1.83543,1.83644,6.24582,0.67151,0.79634,0.80078,0.36944,0.09798,0.09889,medium
0.3,4.0,1.0,100.0,20,exponential,sim012_30,1,150,1500,1.46246,1.46229,1.72035,0.55337,0.56947,0.56978,0.32437,0.26015,0.26032,medium
0.3,12.0,1.0,100.0,20,exponential,sim012_30,1,150,1500,1.80853,1.80802,3.21841,0.67764,0.73487,0.73656,0.34088,0.17424,0.17477,medium
0.3,20.0,1.0,100.0,20,exponential,sim012_30,1,150,1500,1.92671,1.92603,4.42996,0.71867,0.80491,0.80809,0.34812,0.13722,0.13798,medium
0.3,28.0,1.0,100.0,20,exponential,sim012_30,1,150,1500,1.9882,1.98742,5.46877,0.7397,0.84842,0.85307,0.35218,0.11655,0.11747,medium
0.3,32.0,1.0,100.0,20,exponential,sim012_30,1,150,1500,2.00931,2.0085,5.9397,0.74687,0.86522,0.8706,0.35361,0.10924,0.11023,medium
0.3,40.0,1.0,100.0,20,exponential,sim012_30,1,150,1500,2.04082,2.03995,6.80428,0.75753,0.89282,0.8996,0.35576,0.09817,0.09927,medium
0.3,48.0,1.0,100.0,20,exponential,sim012_30,1,150,1500,2.06337,2.06247,7.58364,0.76514,0.91501,0.92313,0.3573,0.09013,0.09132,medium
0.1,4.0,2.0,100.0,0,exponential,sim013_10,1,150,1500,1.14056,1.14156,1.24999,0.42682,0.43339,0.43463,0.33703,0.29307,0.2934,medium
0.1,12.0,2.0,100.0,0,exponential,sim013_10,1,150,1500,1.23035,1.23251,1.72328,0.45202,0.47091,0.47402,0.36301,0.22951,0.23039,medium
0.1,20.0,2.0,100.0,0,exponential,sim013_10,1,150,1500,1.26186,1.26442,2.0712,0.45903,0.48468,0.48852,0.37697,0.1964,0.19739,medium
0.1,28.0,2.0,100.0,0,exponential,sim013_10,1,150,1500,1.27897,1.28177,2.35039,0.46239,0.4927,0.49689,0.38573,0.17591,0.1769,medium
0.1,32.0,2.0,100.0,0,exponential,sim013_10,1,150,1500,1.28499,1.28788,2.47198,0.46349,0.4957,0.49999,0.38901,0.16827,0.16924,medium
0.1,40.0,2.0,100.0,0,exponential,sim013_10,1,150,1500,1.29415,1.29718,2.68807,0.4651,0.50051,0.50491,0.3942,0.15623,0.15715,medium
0.1,48.0,2.0,100.0,0,exponential,sim013_10,1,150,1500,1.30083,1.30398,2.87565,0.46622,0.50428,0.5087,0.39814,0.14712,0.14798,medium
0.15,4.0,2.0,100.0,0,exponential,sim013_15,1,150,1500,1.21753,1.2175,1.37745,0.45361,0.46519,0.46531,0.33734,0.28008,0.28023,medium
0.15,12.0,2.0,100.0,0,exponential,sim013_15,1,150,1500,1.35827,1.35861,2.10952,0.49348,0.52697,0.52698,0.366,0.20442,0.20474,medium
0.15,20.0,2.0,100.0,0,exponential,sim013_15,1,150,1500,1.40543,1.40604,2.66031,0.50478,0.55038,0.54997,0.37995,0.16853,0.16882,medium
0.15,28.0,2.0,100.0,0,exponential,sim013_15,1,150,1500,1.43013,1.43092,3.10939,0.51023,0.56422,0.56335,0.38824,0.14741,0.14764,medium
0.15,32.0,2.0,100.0,0,exponential,sim013_15,1,150,1500,1.43865,1.43952,3.30687,0.51203,0.56942,0.56834,0.39126,0.13973,0.13993,medium
0.15,40.0,2.0,100.0,0,exponential,sim013_15,1,150,1500,1.4514,1.45239,3.66057,0.51466,0.5778,0.57633,0.39595,0.12786,0.128,medium
0.15,48.0,2.0,100.0,0,exponential,sim013_15,1,150,1500,1.46055,1.46164,3.97039,0.51648,0.58437,0.58257,0.39944,0.11906,0.11915,medium
0.2,4.0,2.0,100.0,0,exponential,sim013_20,1,150,1500,1.29381,1.29788,1.50493,0.48408,0.49735,0.49974,0.33663,0.26932,0.26936,medium
0.2,12.0,2.0,100.0,0,exponential,sim013_20,1,150,1500,1.4848,1.49527,2.499,0.54387,0.58496,0.5905,0.3654,0.18717,0.18706,medium
0.2,20.0,2.0,100.0,0,exponential,sim013_20,1,150,1500,1.54744,1.56044,3.25856,0.5615,0.61934,0.6257,0.37828,0.15083,0.15042,medium
0.2,28.0,2.0,100.0,0,exponential,sim013_20,1,150,1500,1.57971,1.5941,3.88383,0.57015,0.64009,0.64666,0.38564,0.13018,0.12953,medium
0.2,32.0,2.0,100.0,0,exponential,sim013_20,1,150,1500,1.59073,1.60561,4.16022,0.57303,0.64799,0.65458,0.38827,0.12282,0.12206,medium
0.2,40.0,2.0,100.0,0,exponential,sim013_20,1,150,1500,1.60712,1.62273,4.65706,0.57725,0.66085,0.66738,0.39229,0.11157,0.11064,medium
0.2,48.0,2.0,100.0,0,exponential,sim013_20,1,150,1500,1.61878,1.63493,5.09394,0.5802,0.67109,0.6775,0.39523,0.10335,0.10227,medium
0.25,4.0,2.0,100.0,0,exponential,sim013_25,1,150,1500,1.39151,1.3883,1.6321,0.52142,0.5395,0.53771,0.33336,0.26238,0.26251,medium
0.25,12.0,2.0,100.0,0,exponential,sim013_25,1,150,1500,1.66651,1.65822,2.84492,0.6119,0.66808,0.66424,0.35914,0.17969,0.18034,medium
0.25,20.0,2.0,100.0,0,exponential,sim013_25,1,150,1500,1.75875,1.74855,3.74011,0.64043,0.7183,0.71438,0.36988,0.14456,0.14558,medium
0.25,28.0,2.0,100.0,0,exponential,sim013_25,1,150,1500,1.8064,1.79524,4.45557,0.6548,0.74745,0.74395,0.37582,0.12499,0.12623,medium
0.25,32.0,2.0,100.0,0,exponential,sim013_25,1,150,1500,1.82267,1.81119,4.7655,0.65965,0.7582,0.75497,0.37791,0.11808,0.1194,medium
0.25,40.0,2.0,100.0,0,exponential,sim013_25,1,150,1500,1.84683,1.83488,5.3127,0.6668,0.77519,0.77252,0.38106,0.10761,0.10905,medium
0.25,48.0,2.0,100.0,0,exponential,sim013_25,1,150,1500,1.864,1.85174,5.78311,0.67184,0.7882,0.78609,0.38333,0.10002,0.10155,medium
0.3,4.0,2.0,100.0,0,exponential,sim013_30,1,150,1500,1.47041,1.47107,1.76914,0.55294,0.5722,0.5724,0.33338,0.25301,0.25284,medium
0.3,12.0,2.0,100.0,0,exponential,sim013_30,1,150,1500,1.80317,1.80479,3.32524,0.66688,0.72909,0.72901,0.36074,0.16536,0.16482,medium
0.3,20.0,2.0,100.0,0,exponential,sim013_30,1,150,1500,1.91399,1.91608,4.5387,0.70327,0.79193,0.791,0.37152,0.12948,0.12871,medium
0.3,28.0,2.0,100.0,0,exponential,sim013_30,1,150,1500,1.97087,1.97327,5.55142,0.72162,0.8295,0.82752,0.37737,0.10979,0.10884,medium
0.3,32.0,2.0,100.0,0,exponential,sim013_30,1,150,1500,1.99022,1.99274,6.00296,0.72782,0.84369,0.84116,0.37941,0.10289,0.10186,medium
0.3,40.0,2.0,100.0,0,exponential,sim013_30,1,150,1500,2.01888,2.0216,6.82073,0.73694,0.86661,0.86298,0.38247,0.09247,0.09131,medium
0.3,48.0,2.0,100.0,0,exponential,sim013_30,1,150,1500,2.03918,2.04207,7.54632,0.74338,0.88472,0.88,0.38467,0.08495,0.08366,medium
0.1,4.0,2.0,100.0,10,exponential,sim014_10,1,150,1500,1.13787,1.13868,1.237,0.42671,0.43457,0.43469,0.33546,0.29645,0.29623,medium
0.1,12.0,2.0,100.0,10,exponential,sim014_10,1,150,1500,1.22361,1.22571,1.66416,0.45213,0.47696,0.47632,0.35798,0.23961,0.23858,medium
0.1,20.0,2.0,100.0,10,exponential,sim014_10,1,150,1500,1.25355,1.25624,1.97022,0.45938,0.49437,0.49294,0.37017,0.2096,0.20799,medium
0.1,28.0,2.0,100.0,10,exponential,sim014_10,1,150,1500,1.26994,1.27297,2.21184,0.46295,0.50508,0.50303,0.37784,0.19088,0.18884,medium
0.1,32.0,2.0,100.0,10,exponential,sim014_10,1,150,1500,1.27575,1.27892,2.31599,0.46416,0.50917,0.50686,0.38072,0.18387,0.18165,medium
0.1,40.0,2.0,100.0,10,exponential,sim014_10,1,150,1500,1.28466,1.28803,2.49944,0.46594,0.51581,0.51305,0.38528,0.17279,0.17028,medium
0.1,48.0,2.0,100.0,10,exponential,sim014_10,1,150,1500,1.29123,1.29475,2.65696,0.46721,0.52104,0.51793,0.38874,0.16438,0.16163,medium
0.15,4.0,2.0,100.0,10,exponential,sim014_15,1,150,1500,1.21318,1.21254,1.36044,0.45401,0.46684,0.4663,0.33613,0.2837,0.28354,medium
0.15,12.0,2.0,100.0,10,exponential,sim014_15,1,150,1500,1.34751,1.34622,2.0293,0.49485,0.53464,0.53338,0.36224,0.2142,0.21365,medium
0.15,20.0,2.0,100.0,10,exponential,sim014_15,1,150,1500,1.39239,1.391,2.5213,0.50678,0.56265,0.56096,0.375,0.1807,0.17989,medium
0.15,28.0,2.0,100.0,10,exponential,sim014_15,1,150,1500,1.41608,1.41471,2.91691,0.51271,0.58005,0.57799,0.38261,0.16081,0.15978,medium
0.15,32.0,2.0,100.0,10,exponential,sim014_15,1,150,1500,1.42431,1.42297,3.0894,0.51472,0.58676,0.58453,0.3854,0.15355,0.15242,medium
0.15,40.0,2.0,100.0,10,exponential,sim014_15,1,150,1500,1.43672,1.43546,3.39617,0.5177,0.59774,0.5952,0.38971,0.14228,0.14098,medium
0.15,48.0,2.0,100.0,10,exponential,sim014_15,1,150,1500,1.4457,1.44453,3.66265,0.51984,0.60651,0.60368,0.39292,0.1339,0.13244,medium
0.2,4.0,2.0,100.0,10,exponential,sim014_20,1,150,1500,1.29336,1.29307,1.49399,0.48294,0.49736,0.49848,0.33615,0.27083,0.27141,medium
0.2,12.0,2.0,100.0,10,exponential,sim014_20,1,150,1500,1.48663,1.48569,2.45576,0.54239,0.58617,0.59077,0.36458,0.18973,0.1916,medium
0.2,20.0,2.0,100.0,10,exponential,sim014_20,1,150,1500,1.55049,1.54931,3.1867,0.56007,0.62119,0.6284,0.3774,0.15337,0.15584,medium
0.2,28.0,2.0,100.0,10,exponential,sim014_20,1,150,1500,1.58351,1.5823,3.78663,0.56881,0.64239,0.65165,0.38474,0.13259,0.13539,medium
0.2,32.0,2.0,100.0,10,exponential,sim014_20,1,150,1500,1.59482,1.59362,4.05139,0.57174,0.65048,0.66062,0.38737,0.12515,0.12807,medium
0.2,40.0,2.0,100.0,10,exponential,sim014_20,1,150,1500,1.61167,1.61051,4.52674,0.57605,0.66367,0.67537,0.39137,0.11378,0.11688,medium
0.2,48.0,2.0,100.0,10,exponential,sim014_20,1,150,1500,1.6237,1.62262,4.94421,0.57909,0.6742,0.68722,0.39429,0.10544,0.10867,medium
0.25,4.0,2.0,100.0,10,exponential,sim014_25,1,150,1500,1.38096,1.3846,1.60116,0.51897,0.53711,0.53906,0.32946,0.26756,0.26744,medium
0.25,12.0,2.0,100.0,10,exponential,sim014_25,1,150,1500,1.64712,1.65717,2.72592,0.60902,0.67107,0.67504,0.35019,0.19051,0.18967,medium
0.25,20.0,2.0,100.0,10,exponential,sim014_25,1,150,1500,1.73738,1.75018,3.55152,0.63799,0.72791,0.7316,0.35911,0.15705,0.15556,medium
0.25,28.0,2.0,100.0,10,exponential,sim014_25,1,150,1500,1.78468,1.79903,4.21096,0.65286,0.76279,0.76565,0.36408,0.13823,0.13624,medium
0.25,32.0,2.0,100.0,10,exponential,sim014_25,1,150,1500,1.80103,1.81592,4.49668,0.65796,0.77606,0.77845,0.36583,0.13156,0.12936,medium
0.25,40.0,2.0,100.0,10,exponential,sim014_25,1,150,1500,1.82555,1.84128,5.00138,0.66557,0.79751,0.79893,0.36845,0.12142,0.11887,medium
0.25,48.0,2.0,100.0,10,exponential,sim014_25,1,150,1500,1.84324,1.85958,5.43564,0.67105,0.81435,0.81484,0.37032,0.11406,0.11122,medium
0.3,4.0,2.0,100.0,10,exponential,sim014_30,1,150,1500,1.45786,1.45414,1.73175,0.549,0.57207,0.56867,0.33252,0.25785,0.25726,medium
0.3,12.0,2.0,100.0,10,exponential,sim014_30,1,150,1500,1.77639,1.76646,3.16177,0.65909,0.73728,0.72668,0.35853,0.17544,0.17378,medium
0.3,20.0,2.0,100.0,10,exponential,sim014_30,1,150,1500,1.88269,1.87023,4.2597,0.69444,0.80795,0.79341,0.36881,0.14097,0.13893,medium
0.3,28.0,2.0,100.0,10,exponential,sim014_30,1,150,1500,1.9379,1.92406,5.16923,0.71254,0.85193,0.83481,0.37438,0.12183,0.11958,medium
0.3,32.0,2.0,100.0,10,exponential,sim014_30,1,150,1500,1.95688,1.94257,5.57324,0.71874,0.86887,0.85076,0.37631,0.11508,0.11274,medium
0.3,40.0,2.0,100.0,10,exponential,sim014_30,1,150,1500,1.98528,1.97025,6.30293,0.72801,0.89659,0.87689,0.3792,0.10482,0.10236,medium
0.3,48.0,2.0,100.0,10,exponential,sim014_30,1,150,1500,2.00569,1.99016,6.9486,0.73467,0.91874,0.8978,0.38126,0.09736,0.09481,medium
0.1,4.0,2.0,100.0,20,exponential,sim015_10,1,150,1500,1.14207,1.13763,1.24285,0.42714,0.43642,0.43341,0.33684,0.29518,0.29494,medium
0.1,12.0,2.0,100.0,20,exponential,sim015_10,1,150,1500,1.23327,1.22328,1.69059,0.45287,0.48069,0.47266,0.36174,0.23581,0.23476,medium
0.1,20.0,2.0,100.0,20,exponential,sim015_10,1,150,1500,1.26507,1.25342,2.01471,0.46016,0.4988,0.48804,0.37494,0.2047,0.2031,medium
0.1,28.0,2.0,100.0,20,exponential,sim015_10,1,150,1500,1.28231,1.26996,2.27191,0.46372,0.51005,0.49732,0.38315,0.18542,0.18336,medium
0.1,32.0,2.0,100.0,20,exponential,sim015_10,1,150,1500,1.28838,1.27582,2.38311,0.46491,0.51439,0.50084,0.38622,0.17824,0.17597,medium
0.1,40.0,2.0,100.0,20,exponential,sim015_10,1,150,1500,1.29762,1.28481,2.57946,0.46666,0.52151,0.50652,0.39106,0.16693,0.16429,medium
0.1,48.0,2.0,100.0,20,exponential,sim015_10,1,150,1500,1.30437,1.29142,2.74856,0.4679,0.52721,0.51098,0.39472,0.15838,0.15542,medium
0.15,4.0,2.0,100.0,20,exponential,sim015_15,1,150,1500,1.21519,1.21667,1.36872,0.45456,0.46603,0.46722,0.3362,0.28201,0.28223,medium
0.15,12.0,2.0,100.0,20,exponential,sim015_15,1,150,1500,1.35278,1.35622,2.06818,0.4959,0.5312,0.53454,0.36292,0.20939,0.21011,medium
0.15,20.0,2.0,100.0,20,exponential,sim015_15,1,150,1500,1.39906,1.40314,2.58847,0.50792,0.55727,0.56173,0.37603,0.17459,0.17551,medium
0.15,28.0,2.0,100.0,20,exponential,sim015_15,1,150,1500,1.4235,1.42788,3.00961,0.51385,0.57314,0.57837,0.38387,0.15399,0.15501,medium
0.15,32.0,2.0,100.0,20,exponential,sim015_15,1,150,1500,1.43198,1.43647,3.19399,0.51585,0.57919,0.58473,0.38674,0.14647,0.14753,medium
0.15,40.0,2.0,100.0,20,exponential,sim015_15,1,150,1500,1.44475,1.44939,3.52306,0.51879,0.58902,0.5951,0.39119,0.13482,0.13594,medium
0.15,48.0,2.0,100.0,20,exponential,sim015_15,1,150,1500,1.45399,1.45872,3.81016,0.52088,0.59681,0.60333,0.39451,0.12615,0.1273,medium
0.2,4.0,2.0,100.0,20,exponential,sim015_20,1,150,1500,1.29247,1.29237,1.48909,0.4839,0.49905,0.4993,0.33566,0.27214,0.2723,medium
0.2,12.0,2.0,100.0,20,exponential,sim015_20,1,150,1500,1.4839,1.4835,2.42646,0.54465,0.59311,0.5927,0.36307,0.19377,0.19376,medium
0.2,20.0,2.0,100.0,20,exponential,sim015_20,1,150,1500,1.54723,1.54677,3.13083,0.56294,0.63206,0.63056,0.3754,0.1587,0.15831,medium
0.2,28.0,2.0,100.0,20,exponential,sim015_20,1,150,1500,1.58013,1.57971,3.70469,0.57208,0.65627,0.6537,0.38246,0.13867,0.13791,medium
0.2,32.0,2.0,100.0,20,exponential,sim015_20,1,150,1500,1.59144,1.59106,3.95683,0.57518,0.66564,0.66255,0.38499,0.13151,0.13058,medium
0.2,40.0,2.0,100.0,20,exponential,sim015_20,1,150,1500,1.60836,1.60806,4.40797,0.57975,0.68104,0.67697,0.38885,0.12055,0.11932,medium
0.2,48.0,2.0,100.0,20,exponential,sim015_20,1,150,1500,1.6205,1.62029,4.8026,0.58302,0.69343,0.68844,0.39167,0.11252,0.11102,medium
0.25,4.0,2.0,100.0,20,exponential,sim015_25,1,150,1500,1.38163,1.38313,1.6054,0.51825,0.53628,0.53605,0.33053,0.26651,0.26605,medium
0.25,12.0,2.0,100.0,20,exponential,sim015_25,1,150,1500,1.64968,1.65423,2.7434,0.60725,0.66697,0.66494,0.35259,0.18818,0.18672,medium
0.25,20.0,2.0,100.0,20,exponential,sim015_25,1,150,1500,1.74024,1.7461,3.57636,0.63558,0.72091,0.71704,0.36207,0.15428,0.15231,medium
0.25,28.0,2.0,100.0,20,exponential,sim015_25,1,150,1500,1.78742,1.79397,4.24024,0.65,0.75342,0.74797,0.36739,0.1352,0.13292,medium
0.25,32.0,2.0,100.0,20,exponential,sim015_25,1,150,1500,1.80364,1.81041,4.5276,0.65491,0.76567,0.75952,0.36927,0.12842,0.12603,medium
0.25,40.0,2.0,100.0,20,exponential,sim015_25,1,150,1500,1.82787,1.83497,5.03489,0.6622,0.78533,0.77793,0.37212,0.11811,0.11555,medium
0.25,48.0,2.0,100.0,20,exponential,sim015_25,1,150,1500,1.84524,1.85256,5.47119,0.66741,0.80066,0.79217,0.37419,0.1106,0.1079,medium
0.3,4.0,2.0,100.0,20,exponential,sim015_30,1,150,1500,1.47398,1.47106,1.73438,0.55467,0.57518,0.57434,0.32837,0.25899,0.25917,medium
0.3,12.0,2.0,100.0,20,exponential,sim015_30,1,150,1500,1.82564,1.81593,3.14931,0.67556,0.74578,0.7436,0.34962,0.17725,0.17787,medium
0.3,20.0,2.0,100.0,20,exponential,sim015_30,1,150,1500,1.94717,1.93417,4.20879,0.7157,0.81727,0.81456,0.3582,0.14271,0.14361,medium
0.3,28.0,2.0,100.0,20,exponential,sim015_30,1,150,1500,2.01088,1.99597,5.06641,0.73645,0.8604,0.85739,0.36288,0.12349,0.12456,medium
0.3,32.0,2.0,100.0,20,exponential,sim015_30,1,150,1500,2.03283,2.01724,5.44108,0.74355,0.87664,0.87351,0.36451,0.11671,0.11784,medium
0.3,40.0,2.0,100.0,20,exponential,sim015_30,1,150,1500,2.06566,2.04904,6.10743,0.75416,0.90269,0.89935,0.36695,0.10643,0.10766,medium
0.3,48.0,2.0,100.0,20,exponential,sim015_30,1,150,1500,2.0892,2.07184,6.6854,0.76175,0.923,0.91946,0.36868,0.09897,0.10027,medium
0.1,4.0,3.0,100.0,0,exponential,sim016_10,1,150,1500,1.14276,1.14452,1.24963,0.42848,0.43594,0.43664,0.33751,0.29367,0.29345,medium
0.1,12.0,3.0,100.0,0,exponential,sim016_10,1,150,1500,1.23615,1.2407,1.7001,0.45671,0.47939,0.48032,0.36281,0.23376,0.23279,medium
0.1,20.0,3.0,100.0,0,exponential,sim016_10,1,150,1500,1.26923,1.27495,2.01837,0.46504,0.49619,0.49658,0.37607,0.20279,0.20128,medium
0.1,28.0,3.0,100.0,0,exponential,sim016_10,1,150,1500,1.28719,1.29358,2.26784,0.46913,0.50597,0.50572,0.38435,0.18359,0.1817,medium
0.1,32.0,3.0,100.0,0,exponential,sim016_10,1,150,1500,1.29351,1.30013,2.37507,0.47048,0.50959,0.50902,0.38745,0.1764,0.17437,medium
0.1,40.0,3.0,100.0,0,exponential,sim016_10,1,150,1500,1.30312,1.3101,2.56368,0.47246,0.51532,0.51413,0.39237,0.16505,0.16278,medium
0.1,48.0,3.0,100.0,0,exponential,sim016_10,1,150,1500,1.31014,1.31736,2.72552,0.47384,0.51973,0.51796,0.39612,0.15644,0.15399,medium
0.15,4.0,3.0,100.0,0,exponential,sim016_15,1,150,1500,1.22315,1.21917,1.36805,0.45743,0.47023,0.46781,0.33767,0.28238,0.28236,medium
0.15,12.0,3.0,100.0,0,exponential,sim016_15,1,150,1500,1.37698,1.36638,2.01967,0.5049,0.54315,0.53726,0.36492,0.21381,0.21415,medium
0.15,20.0,3.0,100.0,0,exponential,sim016_15,1,150,1500,1.43044,1.41704,2.46643,0.51968,0.57149,0.56438,0.37768,0.18151,0.18233,medium
0.15,28.0,3.0,100.0,0,exponential,sim016_15,1,150,1500,1.45871,1.44375,2.80575,0.52711,0.58771,0.58001,0.38515,0.16259,0.16374,medium
0.15,32.0,3.0,100.0,0,exponential,sim016_15,1,150,1500,1.46848,1.45297,2.94817,0.52962,0.59362,0.58572,0.38785,0.15575,0.15703,medium
0.15,40.0,3.0,100.0,0,exponential,sim016_15,1,150,1500,1.48311,1.46677,3.19316,0.53331,0.60284,0.59464,0.392,0.14521,0.1467,medium
0.15,48.0,3.0,100.0,0,exponential,sim016_15,1,150,1500,1.49358,1.47664,3.39737,0.53591,0.60978,0.60136,0.39506,0.13745,0.1391,medium
0.2,4.0,3.0,100.0,0,exponential,sim016_20,1,150,1500,1.29771,1.30622,1.50377,0.48448,0.49946,0.50525,0.33621,0.26984,0.27041,medium
0.2,12.0,3.0,100.0,0,exponential,sim016_20,1,150,1500,1.50059,1.5233,2.4579,0.54768,0.59442,0.61053,0.3636,0.19023,0.19183,medium
0.2,20.0,3.0,100.0,0,exponential,sim016_20,1,150,1500,1.56965,1.59807,3.1591,0.5674,0.63178,0.65293,0.3758,0.15489,0.15672,medium
0.2,28.0,3.0,100.0,0,exponential,sim016_20,1,150,1500,1.60574,1.63721,3.72107,0.57732,0.65342,0.67783,0.3828,0.13467,0.13662,medium
0.2,32.0,3.0,100.0,0,exponential,sim016_20,1,150,1500,1.61815,1.65065,3.96549,0.58067,0.66138,0.68707,0.38532,0.12741,0.12942,medium
0.2,40.0,3.0,100.0,0,exponential,sim016_20,1,150,1500,1.63665,1.67069,4.39913,0.5856,0.67391,0.70174,0.38916,0.1163,0.1184,medium
0.2,48.0,3.0,100.0,0,exponential,sim016_20,1,150,1500,1.64986,1.68498,4.77468,0.58908,0.68347,0.71307,0.39199,0.10812,0.11032,medium
0.25,4.0,3.0,100.0,0,exponential,sim016_25,1,150,1500,1.3952,1.39025,1.63016,0.52398,0.544,0.54111,0.33595,0.26256,0.26252,medium
0.25,12.0,3.0,100.0,0,exponential,sim016_25,1,150,1500,1.68685,1.67382,2.7955,0.62285,0.68874,0.67943,0.3639,0.18308,0.18283,medium
0.25,20.0,3.0,100.0,0,exponential,sim016_25,1,150,1500,1.78957,1.77349,3.62431,0.65616,0.74905,0.73551,0.3751,0.14942,0.14907,medium
0.25,28.0,3.0,100.0,0,exponential,sim016_25,1,150,1500,1.84383,1.8262,4.26966,0.67342,0.78465,0.76788,0.38121,0.13063,0.13018,medium
0.25,32.0,3.0,100.0,0,exponential,sim016_25,1,150,1500,1.86256,1.84441,4.54475,0.67932,0.79782,0.77966,0.38334,0.12398,0.12349,medium
0.25,40.0,3.0,100.0,0,exponential,sim016_25,1,150,1500,1.89055,1.87166,5.02404,0.68809,0.81858,0.79798,0.38655,0.11391,0.11333,medium
0.25,48.0,3.0,100.0,0,exponential,sim016_25,1,150,1500,1.91057,1.89116,5.42966,0.69432,0.83441,0.81172,0.38884,0.1066,0.10594,medium
0.3,4.0,3.0,100.0,0,exponential,sim016_30,1,150,1500,1.4765,1.48389,1.76721,0.55257,0.57446,0.57907,0.33206,0.25419,0.25398,medium
0.3,12.0,3.0,100.0,0,exponential,sim016_30,1,150,1500,1.83153,1.85169,3.27074,0.6702,0.74257,0.75676,0.35651,0.16981,0.16876,medium
0.3,20.0,3.0,100.0,0,exponential,sim016_30,1,150,1500,1.95608,1.98148,4.40327,0.70956,0.81227,0.83094,0.36589,0.13511,0.13337,medium
0.3,28.0,3.0,100.0,0,exponential,sim016_30,1,150,1500,2.02159,2.04985,5.32398,0.72989,0.85378,0.87482,0.37094,0.11596,0.11376,medium
0.3,32.0,3.0,100.0,0,exponential,sim016_30,1,150,1500,2.04414,2.0734,5.7277,0.73683,0.86928,0.8911,0.37269,0.10923,0.10684,medium
0.3,40.0,3.0,100.0,0,exponential,sim016_30,1,150,1500,2.07778,2.10854,6.4486,0.74712,0.894,0.91688,0.37531,0.09904,0.09636,medium
0.3,48.0,3.0,100.0,0,exponential,sim016_30,1,150,1500,2.10179,2.13364,7.07759,0.75443,0.91317,0.93667,0.37718,0.09166,0.08875,medium
0.1,4.0,3.0,100.0,10,exponential,sim017_10,1,150,1500,1.14754,1.14007,1.2382,0.42691,0.43969,0.43353,0.33584,0.29749,0.29635,medium
0.1,12.0,3.0,100.0,10,exponential,sim017_10,1,150,1500,1.24914,1.23115,1.64991,0.45386,0.49204,0.47379,0.35806,0.24467,0.2402,medium
0.1,20.0,3.0,100.0,10,exponential,sim017_10,1,150,1500,1.28533,1.26369,1.93208,0.46196,0.5139,0.48911,0.36977,0.21695,0.21079,medium
0.1,28.0,3.0,100.0,10,exponential,sim017_10,1,150,1500,1.305,1.28154,2.14859,0.46602,0.52701,0.49791,0.37709,0.19965,0.19243,medium
0.1,32.0,3.0,100.0,10,exponential,sim017_10,1,150,1500,1.31194,1.28786,2.24039,0.4674,0.53191,0.50113,0.37984,0.19316,0.18555,medium
0.1,40.0,3.0,100.0,10,exponential,sim017_10,1,150,1500,1.3225,1.29753,2.40004,0.46945,0.53969,0.50618,0.38419,0.18291,0.17466,medium
0.1,48.0,3.0,100.0,10,exponential,sim017_10,1,150,1500,1.33023,1.30464,2.53515,0.47091,0.54567,0.51001,0.38749,0.17511,0.16637,medium
0.15,4.0,3.0,100.0,10,exponential,sim017_15,1,150,1500,1.21749,1.21947,1.35339,0.45628,0.4688,0.46957,0.33467,0.28573,0.28546,medium
0.15,12.0,3.0,100.0,10,exponential,sim017_15,1,150,1500,1.36405,1.3695,1.9595,0.5029,0.54218,0.54417,0.35727,0.22239,0.22135,medium
0.15,20.0,3.0,100.0,10,exponential,sim017_15,1,150,1500,1.41478,1.42173,2.36731,0.51753,0.57161,0.57426,0.36808,0.19233,0.19078,medium
0.15,28.0,3.0,100.0,10,exponential,sim017_15,1,150,1500,1.44177,1.44958,2.67391,0.52498,0.58873,0.59186,0.37445,0.17462,0.17271,medium
0.15,32.0,3.0,100.0,10,exponential,sim017_15,1,150,1500,1.45116,1.45928,2.80193,0.52751,0.59501,0.59834,0.37676,0.16819,0.16613,medium
0.15,40.0,3.0,100.0,10,exponential,sim017_15,1,150,1500,1.46533,1.47392,3.02136,0.53129,0.60485,0.60852,0.38032,0.15825,0.15597,medium
0.15,48.0,3.0,100.0,10,exponential,sim017_15,1,150,1500,1.47558,1.48452,3.20365,0.53398,0.61229,0.61626,0.38294,0.15089,0.14843,medium
0.2,4.0,3.0,100.0,10,exponential,sim017_20,1,150,1500,1.3041,1.2958,1.48564,0.48513,0.50628,0.50171,0.3356,0.274,0.27416,medium
0.2,12.0,3.0,100.0,10,exponential,sim017_20,1,150,1500,1.52067,1.49768,2.3775,0.55028,0.61674,0.60415,0.36184,0.19973,0.20068,medium
0.2,20.0,3.0,100.0,10,exponential,sim017_20,1,150,1500,1.59661,1.56725,3.02335,0.57113,0.66307,0.64696,0.37348,0.16576,0.16755,medium
0.2,28.0,3.0,100.0,10,exponential,sim017_20,1,150,1500,1.63708,1.60412,3.53695,0.58185,0.69078,0.67273,0.38016,0.14605,0.14841,medium
0.2,32.0,3.0,100.0,10,exponential,sim017_20,1,150,1500,1.65118,1.61693,3.75941,0.58551,0.70112,0.6824,0.38255,0.13894,0.14151,medium
0.2,40.0,3.0,100.0,10,exponential,sim017_20,1,150,1500,1.67244,1.63623,4.1529,0.59099,0.71759,0.69787,0.3862,0.12798,0.13089,medium
0.2,48.0,3.0,100.0,10,exponential,sim017_20,1,150,1500,1.68784,1.6502,4.49262,0.59493,0.73029,0.70986,0.38887,0.11989,0.12304,medium
0.25,4.0,3.0,100.0,10,exponential,sim017_25,1,150,1500,1.38999,1.38375,1.60166,0.51949,0.54273,0.53966,0.33204,0.26752,0.26755,medium
0.25,12.0,3.0,100.0,10,exponential,sim017_25,1,150,1500,1.68018,1.6628,2.68641,0.61423,0.69005,0.68178,0.35495,0.19285,0.19286,medium
0.25,20.0,3.0,100.0,10,exponential,sim017_25,1,150,1500,1.78335,1.76126,3.44934,0.64639,0.75262,0.74205,0.36438,0.16033,0.16051,medium
0.25,28.0,3.0,100.0,10,exponential,sim017_25,1,150,1500,1.83839,1.81372,4.0399,0.66331,0.78985,0.77799,0.36956,0.14191,0.14225,medium
0.25,32.0,3.0,100.0,10,exponential,sim017_25,1,150,1500,1.85754,1.83197,4.29078,0.66916,0.80364,0.79133,0.37138,0.13535,0.13576,medium
0.25,40.0,3.0,100.0,10,exponential,sim017_25,1,150,1500,1.88638,1.85946,4.72675,0.67797,0.82542,0.81243,0.3741,0.12535,0.12587,medium
0.25,48.0,3.0,100.0,10,exponential,sim017_25,1,150,1500,1.90722,1.87935,5.09464,0.68434,0.84201,0.82854,0.37604,0.11805,0.11865,medium
0.3,4.0,3.0,100.0,10,exponential,sim017_30,1,150,1500,1.48018,1.47141,1.73843,0.54941,0.5802,0.57462,0.33016,0.25927,0.25869,medium
0.3,12.0,3.0,100.0,10,exponential,sim017_30,1,150,1500,1.84888,1.82165,3.1432,0.66356,0.76756,0.74821,0.35278,0.18017,0.17808,medium
0.3,20.0,3.0,100.0,10,exponential,sim017_30,1,150,1500,1.98115,1.94537,4.18861,0.70201,0.85094,0.82254,0.3616,0.14669,0.14388,medium
0.3,28.0,3.0,100.0,10,exponential,sim017_30,1,150,1500,2.05189,2.01121,5.03487,0.72214,0.90274,0.86751,0.36634,0.12797,0.12466,medium
0.3,32.0,3.0,100.0,10,exponential,sim017_30,1,150,1500,2.07654,2.0341,5.4053,0.72909,0.92255,0.88441,0.36797,0.12133,0.11782,medium
0.3,40.0,3.0,100.0,10,exponential,sim017_30,1,150,1500,2.11369,2.06857,6.06609,0.73953,0.95469,0.91144,0.37041,0.11125,0.10739,medium
0.3,48.0,3.0,100.0,10,exponential,sim017_30,1,150,1500,2.14059,2.09349,6.6421,0.74705,0.98006,0.9324,0.37213,0.10391,0.09977,medium
0.1,4.0,3.0,100.0,20,exponential,sim018_10,1,150,1500,1.14356,1.14626,1.24692,0.42886,0.43677,0.43789,0.33622,0.2949,0.29464,medium
0.1,12.0,3.0,100.0,20,exponential,sim018_10,1,150,1500,1.23676,1.24407,1.68382,0.45738,0.48169,0.48429,0.35929,0.23736,0.23641,medium
0.1,20.0,3.0,100.0,20,exponential,sim018_10,1,150,1500,1.26961,1.27891,1.98847,0.46591,0.49955,0.5023,0.37143,0.2076,0.20611,medium
0.1,28.0,3.0,100.0,20,exponential,sim018_10,1,150,1500,1.28745,1.29788,2.22502,0.47014,0.51014,0.51266,0.37902,0.18915,0.18727,medium
0.1,32.0,3.0,100.0,20,exponential,sim018_10,1,150,1500,1.29374,1.30457,2.32607,0.47156,0.5141,0.51644,0.38186,0.18226,0.18022,medium
0.1,40.0,3.0,100.0,20,exponential,sim018_10,1,150,1500,1.30331,1.31476,2.50287,0.47364,0.52039,0.52237,0.38635,0.17137,0.16908,medium
0.1,48.0,3.0,100.0,20,exponential,sim018_10,1,150,1500,1.31031,1.32222,2.65356,0.47511,0.52525,0.52685,0.38976,0.16312,0.16062,medium
0.15,4.0,3.0,100.0,20,exponential,sim018_15,1,150,1500,1.22478,1.21694,1.35814,0.45645,0.47155,0.46695,0.33621,0.28486,0.28475,medium
0.15,12.0,3.0,100.0,20,exponential,sim018_15,1,150,1500,1.38177,1.36146,1.97364,0.50289,0.54856,0.53622,0.36126,0.22033,0.22002,medium
0.15,20.0,3.0,100.0,20,exponential,sim018_15,1,150,1500,1.43637,1.41115,2.38487,0.51735,0.57932,0.56356,0.37301,0.18982,0.18966,medium
0.15,28.0,3.0,100.0,20,exponential,sim018_15,1,150,1500,1.46529,1.43745,2.69168,0.52465,0.59711,0.57938,0.37988,0.17192,0.17188,medium
0.15,32.0,3.0,100.0,20,exponential,sim018_15,1,150,1500,1.47531,1.44656,2.81909,0.52712,0.6036,0.58517,0.38236,0.16545,0.16545,medium
0.15,40.0,3.0,100.0,20,exponential,sim018_15,1,150,1500,1.49036,1.46025,3.03646,0.53079,0.61376,0.59423,0.38618,0.15547,0.15554,medium
0.15,48.0,3.0,100.0,20,exponential,sim018_15,1,150,1500,1.50118,1.47011,3.21598,0.53339,0.6214,0.60107,0.38898,0.1481,0.14822,medium
0.2,4.0,3.0,100.0,20,exponential,sim018_20,1,150,1500,1.30578,1.29924,1.49636,0.48546,0.50573,0.50147,0.33647,0.27234,0.27184,medium
0.2,12.0,3.0,100.0,20,exponential,sim018_20,1,150,1500,1.52265,1.50446,2.42262,0.55012,0.61268,0.60058,0.36406,0.19637,0.1948,medium
0.2,20.0,3.0,100.0,20,exponential,sim018_20,1,150,1500,1.59798,1.57497,3.09742,0.57055,0.65654,0.64039,0.37619,0.16221,0.16027,medium
0.2,28.0,3.0,100.0,20,exponential,sim018_20,1,150,1500,1.63778,1.61213,3.63494,0.58095,0.68253,0.66369,0.38309,0.14259,0.14044,medium
0.2,32.0,3.0,100.0,20,exponential,sim018_20,1,150,1500,1.65156,1.62498,3.86782,0.58448,0.6922,0.67228,0.38556,0.13554,0.13332,medium
0.2,40.0,3.0,100.0,20,exponential,sim018_20,1,150,1500,1.67223,1.64426,4.2797,0.58973,0.70755,0.68584,0.38931,0.12473,0.12239,medium
0.2,48.0,3.0,100.0,20,exponential,sim018_20,1,150,1500,1.6871,1.65813,4.6351,0.59347,0.71936,0.69618,0.39206,0.11679,0.11435,medium
0.25,4.0,3.0,100.0,20,exponential,sim018_25,1,150,1500,1.38864,1.39192,1.60647,0.51753,0.53863,0.54111,0.33004,0.26683,0.26728,medium
0.25,12.0,3.0,100.0,20,exponential,sim018_25,1,150,1500,1.67567,1.68464,2.70858,0.60829,0.6772,0.68433,0.35039,0.19063,0.19203,medium
0.25,20.0,3.0,100.0,20,exponential,sim018_25,1,150,1500,1.77722,1.78867,3.48646,0.6385,0.73518,0.7446,0.35893,0.15763,0.15924,medium
0.25,28.0,3.0,100.0,20,exponential,sim018_25,1,150,1500,1.83117,1.84411,4.08945,0.65421,0.76955,0.78042,0.36365,0.13904,0.14065,medium
0.25,32.0,3.0,100.0,20,exponential,sim018_25,1,150,1500,1.84988,1.86338,4.34578,0.65962,0.78227,0.79369,0.36531,0.13244,0.13402,medium
0.25,40.0,3.0,100.0,20,exponential,sim018_25,1,150,1500,1.87797,1.89237,4.79135,0.6677,0.80234,0.81466,0.3678,0.12242,0.12391,medium
0.25,48.0,3.0,100.0,20,exponential,sim018_25,1,150,1500,1.89819,1.9133,5.16745,0.67351,0.81764,0.83066,0.36958,0.11514,0.11652,medium
0.3,4.0,3.0,100.0,20,exponential,sim018_30,1,150,1500,1.48024,1.46958,1.75244,0.55083,0.58058,0.57278,0.33296,0.25671,0.25577,medium
0.3,12.0,3.0,100.0,20,exponential,sim018_30,1,150,1500,1.84321,1.81295,3.21432,0.66668,0.76413,0.74027,0.35945,0.17463,0.17193,medium
0.3,20.0,3.0,100.0,20,exponential,sim018_30,1,150,1500,1.97092,1.9325,4.31824,0.70557,0.84285,0.81008,0.3698,0.14023,0.13692,medium
0.3,28.0,3.0,100.0,20,exponential,sim018_30,1,150,1500,2.03834,1.99549,5.22029,0.72581,0.89042,0.85147,0.3754,0.12108,0.11743,medium
0.3,32.0,3.0,100.0,20,exponential,sim018_30,1,150,1500,2.06163,2.01724,5.61737,0.73277,0.9083,0.86683,0.37734,0.11431,0.11054,medium
0.3,40.0,3.0,100.0,20,exponential,sim018_30,1,150,1500,2.09651,2.04981,6.32893,0.74316,0.93692,0.89115,0.38025,0.10403,0.10006,medium
0.3,48.0,3.0,100.0,20,exponential,sim018_30,1,150,1500,2.12154,2.07319,6.95246,0.75061,0.95917,0.90979,0.38233,0.09655,0.09244,medium
0.1,4.0,1.0,200.0,0,exponential,sim019_10,3,150,1500,1.14627,1.14661,1.26141,0.42868,0.43514,0.43538,0.33558,0.2919,0.29192,long
0.1,12.0,1.0,200.0,0,exponential,sim019_10,3,150,1500,1.24303,1.24377,1.81297,0.45513,0.47421,0.47506,0.36248,0.22119,0.2214,long
0.1,20.0,1.0,200.0,0,exponential,sim019_10,3,150,1500,1.27742,1.27819,2.25796,0.46235,0.48927,0.49059,0.37768,0.18355,0.18395,long
0.1,28.0,1.0,200.0,0,exponential,sim019_10,3,150,1500,1.29616,1.29687,2.63645,0.46579,0.49866,0.50039,0.38723,0.16032,0.16088,long
0.1,32.0,1.0,200.0,0,exponential,sim019_10,3,150,1500,1.30276,1.30344,2.80682,0.46692,0.50233,0.50425,0.3908,0.1517,0.15234,long
0.1,40.0,1.0,200.0,0,exponential,sim019_10,3,150,1500,1.31278,1.31339,3.11733,0.46856,0.50847,0.51074,0.3964,0.13821,0.13899,long
0.1,48.0,1.0,200.0,0,exponential,sim019_10,3,150,1500,1.32008,1.32061,3.39448,0.4697,0.51351,0.51608,0.40062,0.1281,0.129,long
0.15,4.0,1.0,200.0,0,exponential,sim019_15,3,150,1500,1.22343,1.22412,1.39133,0.45806,0.46743,0.46784,0.3354,0.27875,0.27871,long
0.15,12.0,1.0,200.0,0,exponential,sim019_15,3,150,1500,1.37115,1.37296,2.22745,0.50254,0.53179,0.53267,0.36394,0.19654,0.19631,long
0.15,20.0,1.0,200.0,0,exponential,sim019_15,3,150,1500,1.42072,1.42298,2.9136,0.51521,0.55753,0.55841,0.37835,0.15721,0.15683,long
0.15,28.0,1.0,200.0,0,exponential,sim019_15,3,150,1500,1.44665,1.44912,3.5059,0.52132,0.57387,0.57466,0.38691,0.13425,0.13376,long
0.15,32.0,1.0,200.0,0,exponential,sim019_15,3,150,1500,1.45558,1.45812,3.77523,0.52334,0.58035,0.58108,0.39002,0.12597,0.12544,long
0.15,40.0,1.0,200.0,0,exponential,sim019_15,3,150,1500,1.46893,1.47158,4.27059,0.52629,0.59126,0.59186,0.39481,0.11326,0.11267,long
0.15,48.0,1.0,200.0,0,exponential,sim019_15,3,150,1500,1.47851,1.48121,4.71774,0.52835,0.6003,0.60078,0.39833,0.10392,0.10329,long
0.2,4.0,1.0,200.0,0,exponential,sim019_20,1,150,1500,1.3075,1.30637,1.52537,0.48955,0.50315,0.50194,0.33376,0.26801,0.26775,long
0.2,12.0,1.0,200.0,0,exponential,sim019_20,1,150,1500,1.51704,1.51403,2.67031,0.55569,0.59841,0.59472,0.36136,0.17916,0.1784,long
0.2,20.0,1.0,200.0,0,exponential,sim019_20,1,150,1500,1.58613,1.58236,3.62641,0.57528,0.63668,0.63168,0.37422,0.13959,0.13866,long
0.2,28.0,1.0,200.0,0,exponential,sim019_20,1,150,1500,1.62163,1.61744,4.46142,0.58489,0.66059,0.65477,0.38156,0.1173,0.1163,long
0.2,32.0,1.0,200.0,0,exponential,sim019_20,1,150,1500,1.63374,1.62939,4.84379,0.58809,0.66994,0.66382,0.38417,0.10941,0.10839,long
0.2,40.0,1.0,200.0,0,exponential,sim019_20,1,150,1500,1.65172,1.64712,5.55119,0.59279,0.68554,0.67896,0.38814,0.09745,0.0964,long
0.2,48.0,1.0,200.0,0,exponential,sim019_20,1,150,1500,1.66451,1.65971,6.19416,0.59609,0.69832,0.69143,0.39101,0.08877,0.08771,long
0.25,4.0,1.0,200.0,0,exponential,sim019_25,1,150,1500,1.39717,1.39679,1.66018,0.52484,0.54108,0.54076,0.33022,0.2595,0.25949,long
0.25,12.0,1.0,200.0,0,exponential,sim019_25,1,150,1500,1.67885,1.67774,3.11366,0.61909,0.67245,0.67149,0.35408,0.16757,0.16765,long
0.25,20.0,1.0,200.0,0,exponential,sim019_25,1,150,1500,1.77214,1.7707,4.34074,0.64831,0.7263,0.725,0.36457,0.12843,0.1286,long
0.25,28.0,1.0,200.0,0,exponential,sim019_25,1,150,1500,1.81993,1.81832,5.42215,0.66288,0.76001,0.75848,0.3704,0.10683,0.10705,long
0.25,32.0,1.0,200.0,0,exponential,sim019_25,1,150,1500,1.83619,1.83452,5.92044,0.66778,0.77322,0.77159,0.37245,0.09926,0.0995,long
0.25,40.0,1.0,200.0,0,exponential,sim019_25,1,150,1500,1.86029,1.85853,6.84751,0.67499,0.79528,0.79348,0.37552,0.08785,0.08812,long
0.25,48.0,1.0,200.0,0,exponential,sim019_25,1,150,1500,1.87739,1.87558,7.69616,0.68008,0.81344,0.81147,0.37772,0.07964,0.07992,long
0.3,4.0,1.0,200.0,0,exponential,sim019_30,2,150,1500,1.48594,1.4865,1.79339,0.55972,0.57787,0.57899,0.32754,0.25203,0.25234,long
0.3,12.0,1.0,200.0,0,exponential,sim019_30,2,150,1500,1.8427,1.8443,3.55926,0.68311,0.74381,0.74877,0.34897,0.15841,0.15938,long
0.3,20.0,1.0,200.0,0,exponential,sim019_30,2,150,1500,1.96249,1.96447,5.06836,0.72279,0.81184,0.82014,0.35776,0.11979,0.12107,long
0.3,28.0,1.0,200.0,0,exponential,sim019_30,2,150,1500,2.02416,2.02633,6.41163,0.74288,0.8539,0.86519,0.3625,0.09874,0.10022,long
0.3,32.0,1.0,200.0,0,exponential,sim019_30,2,150,1500,2.04521,2.04743,7.0347,0.74969,0.87024,0.88292,0.36413,0.09141,0.09296,long
0.3,40.0,1.0,200.0,0,exponential,sim019_30,2,150,1500,2.07647,2.07878,8.20076,0.75978,0.89733,0.91265,0.36655,0.08039,0.08206,long
0.3,48.0,1.0,200.0,0,exponential,sim019_30,2,150,1500,2.09873,2.1011,9.27592,0.76695,0.91947,0.93724,0.36825,0.07248,0.07425,long
0.1,4.0,1.0,200.0,10,exponential,sim020_10,1,150,1500,1.13746,1.13768,1.234,0.42636,0.4339,0.43319,0.33332,0.29743,0.2969,long
0.1,12.0,1.0,200.0,10,exponential,sim020_10,1,150,1500,1.22916,1.23021,1.71486,0.45292,0.47877,0.47525,0.35573,0.23527,0.23303,long
0.1,20.0,1.0,200.0,10,exponential,sim020_10,1,150,1500,1.26239,1.26399,2.10478,0.46051,0.49914,0.49314,0.36923,0.20037,0.19701,long
0.1,28.0,1.0,200.0,10,exponential,sim020_10,1,150,1500,1.28087,1.28284,2.43908,0.46425,0.51282,0.5047,0.37799,0.1782,0.17406,long
0.1,32.0,1.0,200.0,10,exponential,sim020_10,1,150,1500,1.28747,1.28958,2.5904,0.4655,0.51835,0.50928,0.38131,0.16986,0.16541,long
0.1,40.0,1.0,200.0,10,exponential,sim020_10,1,150,1500,1.29762,1.29996,2.86754,0.46736,0.52774,0.51696,0.38658,0.15668,0.15172,long
0.1,48.0,1.0,200.0,10,exponential,sim020_10,1,150,1500,1.30513,1.30763,3.11638,0.46869,0.53555,0.52325,0.39058,0.14669,0.14133,long
0.15,4.0,1.0,200.0,10,exponential,sim020_15,1,150,1500,1.20319,1.20348,1.35879,0.4502,0.46158,0.46067,0.33566,0.28274,0.28207,long
0.15,12.0,1.0,200.0,10,exponential,sim020_15,1,150,1500,1.33537,1.33646,2.15993,0.48884,0.52906,0.52474,0.36461,0.20251,0.19991,long
0.15,20.0,1.0,200.0,10,exponential,sim020_15,1,150,1500,1.38126,1.38269,2.86857,0.49998,0.56216,0.55504,0.37985,0.16201,0.15833,long
0.15,28.0,1.0,200.0,10,exponential,sim020_15,1,150,1500,1.40612,1.40764,3.51874,0.50555,0.58616,0.57672,0.38907,0.1378,0.13344,long
0.15,32.0,1.0,200.0,10,exponential,sim020_15,1,150,1500,1.4149,1.41642,3.82651,0.50746,0.59639,0.58593,0.39244,0.12898,0.12436,long
0.15,40.0,1.0,200.0,10,exponential,sim020_15,1,150,1500,1.4283,1.42977,4.41307,0.51032,0.61454,0.60225,0.39765,0.11534,0.11034,long
0.15,48.0,1.0,200.0,10,exponential,sim020_15,1,150,1500,1.43818,1.43954,4.9663,0.51242,0.63048,0.61659,0.40149,0.10526,0.09996,long
0.2,4.0,1.0,200.0,10,exponential,sim020_20,1,150,1500,1.28014,1.28022,1.50116,0.47875,0.49027,0.4908,0.33728,0.26764,0.26788,long
0.2,12.0,1.0,200.0,10,exponential,sim020_20,1,150,1500,1.46488,1.46504,2.66398,0.53504,0.57153,0.57333,0.36968,0.17435,0.17507,long
0.2,20.0,1.0,200.0,10,exponential,sim020_20,1,150,1500,1.52553,1.52577,3.7068,0.55123,0.60566,0.60829,0.38472,0.1323,0.13317,long
0.2,28.0,1.0,200.0,10,exponential,sim020_20,1,150,1500,1.55672,1.55705,4.67135,0.55912,0.62861,0.63186,0.39329,0.10858,0.1095,long
0.2,32.0,1.0,200.0,10,exponential,sim020_20,1,150,1500,1.56736,1.56774,5.13036,0.56175,0.6381,0.64161,0.39633,0.10018,0.10112,long
0.2,40.0,1.0,200.0,10,exponential,sim020_20,1,150,1500,1.58317,1.58364,6.00938,0.56563,0.65472,0.65865,0.40094,0.08746,0.0884,long
0.2,48.0,1.0,200.0,10,exponential,sim020_20,1,150,1500,1.59443,1.59499,6.8435,0.56837,0.66919,0.67347,0.40427,0.07826,0.07917,long
0.25,4.0,1.0,200.0,10,exponential,sim020_25,2,150,1500,1.374,1.37377,1.59387,0.51765,0.53404,0.53376,0.32733,0.26781,0.26775,long
0.25,12.0,1.0,200.0,10,exponential,sim020_25,2,150,1500,1.64604,1.64551,2.85155,0.61128,0.67179,0.67084,0.34655,0.18353,0.18326,long
0.25,20.0,1.0,200.0,10,exponential,sim020_25,2,150,1500,1.73986,1.73926,3.90317,0.64182,0.73467,0.73355,0.35553,0.14555,0.14518,long
0.25,28.0,1.0,200.0,10,exponential,sim020_25,2,150,1500,1.78947,1.78885,4.82779,0.65764,0.77615,0.77512,0.36063,0.124,0.12356,long
0.25,32.0,1.0,200.0,10,exponential,sim020_25,2,150,1500,1.80671,1.8061,5.25344,0.6631,0.79275,0.79183,0.36243,0.11633,0.11588,long
0.25,40.0,1.0,200.0,10,exponential,sim020_25,2,150,1500,1.83272,1.83211,6.04489,0.67131,0.82077,0.82014,0.36513,0.10468,0.10418,long
0.25,48.0,1.0,200.0,10,exponential,sim020_25,2,150,1500,1.85162,1.85102,6.76892,0.67728,0.84397,0.8437,0.36706,0.09619,0.09568,long
0.3,4.0,1.0,200.0,10,exponential,sim020_30,1,150,1500,1.46266,1.46244,1.71851,0.55233,0.57122,0.57143,0.32325,0.26105,0.26124,long
0.3,12.0,1.0,200.0,10,exponential,sim020_30,1,150,1500,1.81261,1.81192,3.25633,0.6763,0.74749,0.74862,0.33844,0.17479,0.17539,long
0.3,20.0,1.0,200.0,10,exponential,sim020_30,1,150,1500,1.9339,1.93304,4.55142,0.71794,0.82835,0.83034,0.34517,0.13719,0.13798,long
0.3,28.0,1.0,200.0,10,exponential,sim020_30,1,150,1500,1.99771,1.99682,5.69601,0.73967,0.88164,0.88437,0.3489,0.11618,0.11707,long
0.3,32.0,1.0,200.0,10,exponential,sim020_30,1,150,1500,2.01978,2.0189,6.22471,0.74718,0.90298,0.90603,0.35019,0.10877,0.1097,long
0.3,40.0,1.0,200.0,10,exponential,sim020_30,1,150,1500,2.05292,2.0521,7.21064,0.75849,0.93904,0.94267,0.3521,0.09756,0.09853,long
0.3,48.0,1.0,200.0,10,exponential,sim020_30,1,150,1500,2.07684,2.07609,8.11581,0.7667,0.96899,0.97311,0.35344,0.08945,0.09045,long
0.1,4.0,1.0,200.0,20,exponential,sim021_10,1,150,1500,1.13289,1.1332,1.24327,0.42389,0.43053,0.43043,0.33628,0.29379,0.29361,long
0.1,12.0,1.0,200.0,20,exponential,sim021_10,1,150,1500,1.22058,1.22145,1.79208,0.44727,0.46937,0.46864,0.36461,0.22226,0.22159,long
0.1,20.0,1.0,200.0,20,exponential,sim021_10,1,150,1500,1.25307,1.25417,2.27675,0.4537,0.48736,0.48593,0.38129,0.18202,0.18107,long
0.1,28.0,1.0,200.0,20,exponential,sim021_10,1,150,1500,1.27134,1.27256,2.72062,0.45682,0.50027,0.49815,0.39204,0.1565,0.15535,long
0.1,32.0,1.0,200.0,20,exponential,sim021_10,1,150,1500,1.2779,1.27915,2.93055,0.45788,0.50579,0.50332,0.3961,0.14691,0.14567,long
0.1,40.0,1.0,200.0,20,exponential,sim021_10,1,150,1500,1.288,1.2893,3.33048,0.45944,0.51563,0.51247,0.40253,0.13176,0.13039,long
0.1,48.0,1.0,200.0,20,exponential,sim021_10,1,150,1500,1.29549,1.29681,3.70763,0.46056,0.52437,0.52051,0.40741,0.12031,0.11882,long
0.15,4.0,1.0,200.0,20,exponential,sim021_15,1,150,1500,1.20372,1.20398,1.36736,0.45067,0.46063,0.46016,0.33714,0.28051,0.28019,long
0.15,12.0,1.0,200.0,20,exponential,sim021_15,1,150,1500,1.33603,1.33702,2.20305,0.4895,0.52358,0.52108,0.36835,0.19672,0.19555,long
0.15,20.0,1.0,200.0,20,exponential,sim021_15,1,150,1500,1.38139,1.38279,2.94727,0.5005,0.55303,0.54839,0.38442,0.15512,0.15341,long
0.15,28.0,1.0,200.0,20,exponential,sim021_15,1,150,1500,1.40558,1.40724,3.63278,0.50591,0.57419,0.56742,0.39404,0.13049,0.12841,long
0.15,32.0,1.0,200.0,20,exponential,sim021_15,1,150,1500,1.41403,1.41578,3.95809,0.50774,0.58322,0.5754,0.39754,0.12156,0.11934,long
0.15,40.0,1.0,200.0,20,exponential,sim021_15,1,150,1500,1.42678,1.42868,4.57953,0.51045,0.59935,0.58945,0.40294,0.10782,0.10535,long
0.15,48.0,1.0,200.0,20,exponential,sim021_15,1,150,1500,1.43605,1.43805,5.16734,0.5124,0.61365,0.60172,0.40691,0.0977,0.09504,long
0.2,4.0,1.0,200.0,20,exponential,sim021_20,3,150,1500,1.29158,1.2912,1.48226,0.4847,0.49767,0.49679,0.33163,0.27379,0.27346,long
0.2,12.0,1.0,200.0,20,exponential,sim021_20,3,150,1500,1.49407,1.49314,2.5096,0.55029,0.59488,0.59108,0.35594,0.19034,0.18916,long
0.2,20.0,1.0,200.0,20,exponential,sim021_20,3,150,1500,1.56243,1.56134,3.36341,0.57032,0.63741,0.63104,0.36788,0.15156,0.14992,long
0.2,28.0,1.0,200.0,20,exponential,sim021_20,3,150,1500,1.59817,1.597,4.10896,0.58035,0.66536,0.65669,0.37485,0.12927,0.12734,long
0.2,32.0,1.0,200.0,20,exponential,sim021_20,3,150,1500,1.61049,1.60929,4.45055,0.58374,0.67659,0.66686,0.37735,0.1213,0.11926,long
0.2,40.0,1.0,200.0,20,exponential,sim021_20,3,150,1500,1.62895,1.62771,5.08301,0.58878,0.69566,0.68392,0.38117,0.10914,0.10691,long
0.2,48.0,1.0,200.0,20,exponential,sim021_20,3,150,1500,1.64222,1.64096,5.65858,0.59237,0.71159,0.69801,0.38394,0.10026,0.09788,long
0.25,4.0,1.0,200.0,20,exponential,sim021_25,2,150,1500,1.37472,1.37458,1.60659,0.51709,0.53226,0.53249,0.32876,0.26527,0.26545,long
0.25,12.0,1.0,200.0,20,exponential,sim021_25,2,150,1500,1.64501,1.64439,2.91507,0.60866,0.66182,0.66342,0.35017,0.17764,0.17831,long
0.25,20.0,1.0,200.0,20,exponential,sim021_25,2,150,1500,1.7368,1.73586,4.0162,0.63787,0.71815,0.72142,0.36001,0.13875,0.13974,long
0.25,28.0,1.0,200.0,20,exponential,sim021_25,2,150,1500,1.78469,1.78353,4.98722,0.65275,0.7545,0.75947,0.36559,0.11685,0.11808,long
0.25,32.0,1.0,200.0,20,exponential,sim021_25,2,150,1500,1.80119,1.79993,5.43501,0.65782,0.76892,0.77474,0.36756,0.10909,0.11042,long
0.25,40.0,1.0,200.0,20,exponential,sim021_25,2,150,1500,1.82587,1.82446,6.26886,0.66537,0.79316,0.80062,0.37053,0.09732,0.09882,long
0.25,48.0,1.0,200.0,20,exponential,sim021_25,2,150,1500,1.84362,1.84208,7.03307,0.67079,0.81319,0.82223,0.37265,0.08877,0.09042,long
0.3,4.0,1.0,200.0,20,exponential,sim021_30,1,150,1500,1.46414,1.46338,1.73359,0.55269,0.56993,0.56978,0.32486,0.25842,0.25858,long
0.3,12.0,1.0,200.0,20,exponential,sim021_30,1,150,1500,1.81384,1.81142,3.33607,0.67594,0.73833,0.73844,0.34228,0.16903,0.16954,long
0.3,20.0,1.0,200.0,20,exponential,sim021_30,1,150,1500,1.93362,1.93047,4.69639,0.71661,0.81204,0.81302,0.34985,0.13069,0.1314,long
0.3,28.0,1.0,200.0,20,exponential,sim021_30,1,150,1500,1.99595,1.99243,5.90339,0.73747,0.85934,0.86138,0.35403,0.10943,0.11028,long
0.3,32.0,1.0,200.0,20,exponential,sim021_30,1,150,1500,2.01735,2.01371,6.46221,0.7446,0.87802,0.88063,0.35549,0.10196,0.10286,long
0.3,40.0,1.0,200.0,20,exponential,sim021_30,1,150,1500,2.04927,2.04548,7.50633,0.75522,0.90932,0.91308,0.35766,0.09069,0.09167,long
0.3,48.0,1.0,200.0,20,exponential,sim021_30,1,150,1500,2.07213,2.06824,8.46716,0.76282,0.93507,0.93999,0.3592,0.08255,0.08361,long
0.1,4.0,2.0,200.0,0,exponential,sim022_10,3,150,1500,1.14711,1.14321,1.25314,0.42774,0.43577,0.43339,0.33696,0.29322,0.29307,long
0.1,12.0,2.0,200.0,0,exponential,sim022_10,3,150,1500,1.24523,1.23569,1.73337,0.45376,0.47637,0.47096,0.36326,0.22953,0.22926,long
0.1,20.0,2.0,200.0,0,exponential,sim022_10,3,150,1500,1.27971,1.26806,2.08366,0.46104,0.49139,0.48505,0.37725,0.19643,0.19632,long
0.1,28.0,2.0,200.0,0,exponential,sim022_10,3,150,1500,1.29828,1.28553,2.36107,0.46454,0.5001,0.49338,0.3859,0.17614,0.17617,long
0.1,32.0,2.0,200.0,0,exponential,sim022_10,3,150,1500,1.30478,1.29164,2.48048,0.46569,0.50333,0.49652,0.3891,0.16863,0.16872,long
0.1,40.0,2.0,200.0,0,exponential,sim022_10,3,150,1500,1.3146,1.30089,2.69013,0.46736,0.50846,0.50154,0.39413,0.15689,0.15708,long
0.1,48.0,2.0,200.0,0,exponential,sim022_10,3,150,1500,1.32171,1.30759,2.86905,0.46852,0.51241,0.50547,0.39789,0.1481,0.14838,long
0.15,4.0,2.0,200.0,0,exponential,sim022_15,1,150,1500,1.22005,1.22459,1.38677,0.4554,0.46619,0.46896,0.33631,0.27911,0.27932,long
0.15,12.0,2.0,200.0,0,exponential,sim022_15,1,150,1500,1.36313,1.3748,2.15554,0.49708,0.52967,0.5362,0.36392,0.20163,0.20209,long
0.15,20.0,2.0,200.0,0,exponential,sim022_15,1,150,1500,1.41114,1.42556,2.73915,0.50905,0.55426,0.56195,0.37737,0.16533,0.1657,long
0.15,28.0,2.0,200.0,0,exponential,sim022_15,1,150,1500,1.43619,1.45208,3.21316,0.51487,0.56896,0.5771,0.38527,0.14427,0.14454,long
0.15,32.0,2.0,200.0,0,exponential,sim022_15,1,150,1500,1.44481,1.4612,3.42027,0.5168,0.57451,0.58277,0.38813,0.13669,0.13693,long
0.15,40.0,2.0,200.0,0,exponential,sim022_15,1,150,1500,1.45765,1.47481,3.78825,0.51962,0.58348,0.59183,0.39253,0.12509,0.12525,long
0.15,48.0,2.0,200.0,0,exponential,sim022_15,1,150,1500,1.46683,1.48453,4.10673,0.52159,0.59053,0.59888,0.39576,0.11658,0.11668,long
0.2,4.0,2.0,200.0,0,exponential,sim022_20,3,150,1500,1.30397,1.30409,1.51609,0.4882,0.50161,0.50172,0.33669,0.2685,0.26833,long
0.2,12.0,2.0,200.0,0,exponential,sim022_20,3,150,1500,1.50847,1.50847,2.54376,0.5534,0.59539,0.59612,0.36592,0.18532,0.18499,long
0.2,20.0,2.0,200.0,0,exponential,sim022_20,3,150,1500,1.57631,1.57625,3.32651,0.5732,0.63239,0.6337,0.37872,0.14892,0.14857,long
0.2,28.0,2.0,200.0,0,exponential,sim022_20,3,150,1500,1.61128,1.61121,3.9636,0.58304,0.65454,0.65634,0.38589,0.1285,0.12812,long
0.2,32.0,2.0,200.0,0,exponential,sim022_20,3,150,1500,1.62321,1.62314,4.24225,0.58634,0.6629,0.66491,0.38842,0.12128,0.12089,long
0.2,40.0,2.0,200.0,0,exponential,sim022_20,3,150,1500,1.64092,1.64087,4.73769,0.59119,0.67639,0.67878,0.39223,0.11034,0.10994,long
0.2,48.0,2.0,200.0,0,exponential,sim022_20,3,150,1500,1.6535,1.65348,5.16674,0.5946,0.68698,0.68969,0.39498,0.10242,0.102,long
0.25,4.0,2.0,200.0,0,exponential,sim022_25,3,150,1500,1.3877,1.39009,1.647,0.51885,0.53579,0.53777,0.3345,0.25951,0.25989,long
0.25,12.0,2.0,200.0,0,exponential,sim022_25,3,150,1500,1.6572,1.66329,2.96566,0.60539,0.65924,0.6658,0.36208,0.17191,0.17314,long
0.25,20.0,2.0,200.0,0,exponential,sim022_25,3,150,1500,1.74754,1.75491,3.99932,0.6324,0.70842,0.71804,0.37353,0.13496,0.13659,long
0.25,28.0,2.0,200.0,0,exponential,sim022_25,3,150,1500,1.79428,1.80227,4.8617,0.646,0.73781,0.74981,0.37982,0.11449,0.11638,long
0.25,32.0,2.0,200.0,0,exponential,sim022_25,3,150,1500,1.81027,1.81847,5.24541,0.65059,0.74889,0.76191,0.38201,0.10729,0.10927,long
0.25,40.0,2.0,200.0,0,exponential,sim022_25,3,150,1500,1.83406,1.84254,5.9382,0.65738,0.76674,0.78158,0.38531,0.09641,0.09854,long
0.25,48.0,2.0,200.0,0,exponential,sim022_25,3,150,1500,1.85102,1.85969,6.54982,0.6622,0.78076,0.79716,0.38768,0.08854,0.09079,long
0.3,4.0,2.0,200.0,0,exponential,sim022_30,1,150,1500,1.48802,1.48406,1.7889,0.55792,0.58091,0.57704,0.33144,0.25269,0.25191,long
0.3,12.0,2.0,200.0,0,exponential,sim022_30,1,150,1500,1.85042,1.83817,3.43857,0.67916,0.75637,0.74237,0.35658,0.16406,0.16197,long
0.3,20.0,2.0,200.0,0,exponential,sim022_30,1,150,1500,1.97483,1.95864,4.75803,0.71879,0.83001,0.80927,0.3664,0.12769,0.1252,long
0.3,28.0,2.0,200.0,0,exponential,sim022_30,1,150,1500,2.03953,2.02102,5.87286,0.73902,0.87488,0.84912,0.37166,0.10781,0.10514,long
0.3,32.0,2.0,200.0,0,exponential,sim022_30,1,150,1500,2.06168,2.04232,6.37251,0.74589,0.89195,0.86408,0.37348,0.10087,0.09814,long
0.3,40.0,2.0,200.0,0,exponential,sim022_30,1,150,1500,2.09463,2.07396,7.27976,0.75606,0.91962,0.88812,0.37619,0.09043,0.08761,long
0.3,48.0,2.0,200.0,0,exponential,sim022_30,1,150,1500,2.11809,2.09645,8.08587,0.76328,0.94149,0.90691,0.37811,0.08292,0.08004,long
0.1,4.0,2.0,200.0,10,exponential,sim023_10,1,150,1500,1.14683,1.14118,1.25989,0.4279,0.4381,0.43462,0.33816,0.29207,0.29194,long
0.1,12.0,2.0,200.0,10,exponential,sim023_10,1,150,1500,1.24412,1.23129,1.80644,0.45341,0.48516,0.47665,0.36724,0.22289,0.22234,long
0.1,20.0,2.0,200.0,10,exponential,sim023_10,1,150,1500,1.2796,1.26424,2.26057,0.46057,0.50606,0.49528,0.38316,0.18524,0.18465,long
0.1,28.0,2.0,200.0,10,exponential,sim023_10,1,150,1500,1.29939,1.28269,2.65898,0.46408,0.52002,0.50782,0.3932,0.16158,0.161,long
0.1,32.0,2.0,200.0,10,exponential,sim023_10,1,150,1500,1.30648,1.28931,2.84246,0.46526,0.52568,0.51292,0.39696,0.1527,0.15214,long
0.1,40.0,2.0,200.0,10,exponential,sim023_10,1,150,1500,1.31741,1.29953,3.18419,0.467,0.53533,0.52167,0.40291,0.13868,0.13813,long
0.1,48.0,2.0,200.0,10,exponential,sim023_10,1,150,1500,1.32553,1.30712,3.49794,0.46825,0.54342,0.52905,0.40741,0.12804,0.12752,long
0.15,4.0,2.0,200.0,10,exponential,sim023_15,1,150,1500,1.21757,1.21491,1.36308,0.45531,0.46854,0.46666,0.33521,0.28372,0.28361,long
0.15,12.0,2.0,200.0,10,exponential,sim023_15,1,150,1500,1.36195,1.35534,2.06329,0.49891,0.54153,0.5356,0.36098,0.21218,0.21183,long
0.15,20.0,2.0,200.0,10,exponential,sim023_15,1,150,1500,1.41126,1.40322,2.59187,0.51196,0.57253,0.56396,0.37376,0.17742,0.17701,long
0.15,28.0,2.0,200.0,10,exponential,sim023_15,1,150,1500,1.4374,1.42866,3.02089,0.51851,0.59188,0.58128,0.38135,0.1569,0.15645,long
0.15,32.0,2.0,200.0,10,exponential,sim023_15,1,150,1500,1.44649,1.43752,3.20835,0.52074,0.59934,0.58786,0.3841,0.14945,0.14898,long
0.15,40.0,2.0,200.0,10,exponential,sim023_15,1,150,1500,1.46019,1.4509,3.5415,0.52405,0.61151,0.59851,0.38833,0.13797,0.13746,long
0.15,48.0,2.0,200.0,10,exponential,sim023_15,1,150,1500,1.47011,1.46061,3.82999,0.52643,0.62118,0.60687,0.39144,0.1295,0.12895,long
0.2,4.0,2.0,200.0,10,exponential,sim023_20,1,150,1500,1.29243,1.29438,1.51627,0.48658,0.50319,0.50237,0.33882,0.26833,0.26731,long
0.2,12.0,2.0,200.0,10,exponential,sim023_20,1,150,1500,1.47942,1.4856,2.62872,0.54911,0.6096,0.60183,0.37087,0.18321,0.17897,long
0.2,20.0,2.0,200.0,10,exponential,sim023_20,1,150,1500,1.54148,1.54962,3.57533,0.56811,0.66081,0.64542,0.3849,0.14534,0.13917,long
0.2,28.0,2.0,200.0,10,exponential,sim023_20,1,150,1500,1.57413,1.5833,4.41936,0.57773,0.69657,0.67406,0.39276,0.12392,0.11651,long
0.2,32.0,2.0,200.0,10,exponential,sim023_20,1,150,1500,1.58549,1.59499,4.81176,0.58103,0.71144,0.68558,0.39553,0.11631,0.10844,long
0.2,40.0,2.0,200.0,10,exponential,sim023_20,1,150,1500,1.60267,1.61262,5.54813,0.58597,0.73733,0.70518,0.39971,0.10473,0.09613,long
0.2,48.0,2.0,200.0,10,exponential,sim023_20,1,150,1500,1.61521,1.62541,6.2299,0.58956,0.75959,0.72162,0.40273,0.0963,0.08716,long
0.25,4.0,2.0,200.0,10,exponential,sim023_25,1,150,1500,1.3839,1.38429,1.61458,0.51853,0.538,0.53914,0.33022,0.2654,0.26574,long
0.25,12.0,2.0,200.0,10,exponential,sim023_25,1,150,1500,1.65695,1.65772,2.83695,0.60842,0.6745,0.6793,0.35239,0.18333,0.18453,long
0.25,20.0,2.0,200.0,10,exponential,sim023_25,1,150,1500,1.75049,1.75146,3.78821,0.63747,0.73296,0.74067,0.36194,0.14747,0.14908,long
0.25,28.0,2.0,200.0,10,exponential,sim023_25,1,150,1500,1.79971,1.80083,4.57952,0.65244,0.76904,0.77916,0.36723,0.12728,0.12913,long
0.25,32.0,2.0,200.0,10,exponential,sim023_25,1,150,1500,1.81675,1.81794,4.93101,0.65759,0.78283,0.79401,0.36908,0.12012,0.12206,long
0.25,40.0,2.0,200.0,10,exponential,sim023_25,1,150,1500,1.84236,1.84368,5.5647,0.6653,0.8052,0.81829,0.37186,0.10924,0.11132,long
0.25,48.0,2.0,200.0,10,exponential,sim023_25,1,150,1500,1.86087,1.8623,6.12317,0.67087,0.82285,0.83763,0.37383,0.10132,0.1035,long
0.3,4.0,2.0,200.0,10,exponential,sim023_30,1,150,1500,1.46224,1.4585,1.7883,0.5455,0.56962,0.56616,0.33622,0.24942,0.24883,long
0.3,12.0,2.0,200.0,10,exponential,sim023_30,1,150,1500,1.78629,1.77655,3.56864,0.64873,0.72807,0.71694,0.36708,0.15492,0.15318,long
0.3,20.0,2.0,200.0,10,exponential,sim023_30,1,150,1500,1.89344,1.88137,5.1196,0.68066,0.79631,0.78029,0.37902,0.1167,0.11454,long
0.3,28.0,2.0,200.0,10,exponential,sim023_30,1,150,1500,1.94839,1.93507,6.52346,0.69662,0.84053,0.8207,0.38536,0.09601,0.09362,long
0.3,32.0,2.0,200.0,10,exponential,sim023_30,1,150,1500,1.96711,1.95336,7.18246,0.702,0.85824,0.83673,0.38754,0.08881,0.08635,long
0.3,40.0,2.0,200.0,10,exponential,sim023_30,1,150,1500,1.99491,1.98051,8.42978,0.70994,0.88835,0.8638,0.39076,0.07802,0.07545,long
0.3,48.0,2.0,200.0,10,exponential,sim023_30,1,150,1500,2.01471,1.99983,9.59696,0.71557,0.91368,0.8864,0.39303,0.07029,0.06763,long
0.1,4.0,2.0,200.0,20,exponential,sim024_10,1,150,1500,1.14502,1.1409,1.2614,0.42707,0.43656,0.43392,0.33848,0.29139,0.2911,long
0.1,12.0,2.0,200.0,20,exponential,sim024_10,1,150,1500,1.24101,1.23143,1.81839,0.45194,0.48081,0.474,0.36848,0.22077,0.21967,long
0.1,20.0,2.0,200.0,20,exponential,sim024_10,1,150,1500,1.27565,1.26422,2.28108,0.45887,0.49962,0.49092,0.38486,0.18272,0.18131,long
0.1,28.0,2.0,200.0,20,exponential,sim024_10,1,150,1500,1.29473,1.28238,2.68542,0.46225,0.51182,0.50205,0.39514,0.159,0.15741,long
0.1,32.0,2.0,200.0,20,exponential,sim024_10,1,150,1500,1.3015,1.28884,2.87099,0.46338,0.51669,0.50654,0.39899,0.15015,0.14849,long
0.1,40.0,2.0,200.0,20,exponential,sim024_10,1,150,1500,1.31186,1.29874,3.21546,0.46505,0.52489,0.51423,0.40505,0.13621,0.13444,long
0.1,48.0,2.0,200.0,20,exponential,sim024_10,1,150,1500,1.31948,1.30604,3.53038,0.46623,0.5317,0.5207,0.40964,0.12568,0.12384,long
0.15,4.0,2.0,200.0,20,exponential,sim024_15,1,150,1500,1.21282,1.2185,1.36973,0.45489,0.4647,0.4684,0.33539,0.28183,0.28194,long
0.15,12.0,2.0,200.0,20,exponential,sim024_15,1,150,1500,1.35048,1.36439,2.10005,0.4975,0.5298,0.53925,0.36157,0.20719,0.20731,long
0.15,20.0,2.0,200.0,20,exponential,sim024_15,1,150,1500,1.39722,1.41425,2.6612,0.50998,0.55647,0.56832,0.37458,0.17135,0.1712,long
0.15,28.0,2.0,200.0,20,exponential,sim024_15,1,150,1500,1.42195,1.44063,3.12259,0.51614,0.57295,0.5862,0.3823,0.15026,0.1499,long
0.15,32.0,2.0,200.0,20,exponential,sim024_15,1,150,1500,1.43054,1.44979,3.32586,0.51821,0.57928,0.59306,0.3851,0.14263,0.14219,long
0.15,40.0,2.0,200.0,20,exponential,sim024_15,1,150,1500,1.44346,1.46355,3.68959,0.52126,0.58963,0.60423,0.3894,0.13087,0.13031,long
0.15,48.0,2.0,200.0,20,exponential,sim024_15,1,150,1500,1.4528,1.47349,4.0071,0.52342,0.59786,0.6131,0.39257,0.12221,0.12155,long
0.2,4.0,2.0,200.0,20,exponential,sim024_20,1,150,1500,1.29286,1.29545,1.51861,0.48288,0.49911,0.50067,0.33801,0.26724,0.26723,long
0.2,12.0,2.0,200.0,20,exponential,sim024_20,1,150,1500,1.4832,1.48973,2.64904,0.5407,0.59462,0.59865,0.36961,0.17898,0.17879,long
0.2,20.0,2.0,200.0,20,exponential,sim024_20,1,150,1500,1.54644,1.55429,3.61426,0.5577,0.63732,0.64227,0.38371,0.13956,0.13924,long
0.2,28.0,2.0,200.0,20,exponential,sim024_20,1,150,1500,1.57954,1.5879,4.47709,0.56613,0.66611,0.67152,0.39168,0.11721,0.11684,long
0.2,32.0,2.0,200.0,20,exponential,sim024_20,1,150,1500,1.59099,1.59948,4.879,0.56897,0.6779,0.68345,0.39449,0.10926,0.10888,long
0.2,40.0,2.0,200.0,20,exponential,sim024_20,1,150,1500,1.60826,1.61683,5.63462,0.5732,0.69824,0.70401,0.39876,0.09716,0.09678,long
0.2,48.0,2.0,200.0,20,exponential,sim024_20,1,150,1500,1.62078,1.62931,6.33592,0.57622,0.71559,0.72154,0.40184,0.08833,0.08798,long
0.25,4.0,2.0,200.0,20,exponential,sim024_25,1,150,1500,1.3855,1.38038,1.62291,0.51798,0.53845,0.53491,0.33263,0.2637,0.26336,long
0.25,12.0,2.0,200.0,20,exponential,sim024_25,1,150,1500,1.66073,1.64605,2.88039,0.60639,0.67451,0.66393,0.35811,0.17986,0.17897,long
0.25,20.0,2.0,200.0,20,exponential,sim024_25,1,150,1500,1.75447,1.73575,3.86638,0.63449,0.73248,0.71815,0.36894,0.14362,0.14261,long
0.25,28.0,2.0,200.0,20,exponential,sim024_25,1,150,1500,1.80342,1.78252,4.68979,0.6488,0.76841,0.75151,0.37491,0.12338,0.12227,long
0.25,32.0,2.0,200.0,20,exponential,sim024_25,1,150,1500,1.82027,1.79862,5.05628,0.65368,0.78221,0.76427,0.377,0.11624,0.11508,long
0.25,40.0,2.0,200.0,20,exponential,sim024_25,1,150,1500,1.84546,1.8227,5.71792,0.66094,0.80474,0.78498,0.38012,0.10543,0.10418,long
0.25,48.0,2.0,200.0,20,exponential,sim024_25,1,150,1500,1.86353,1.83999,6.3018,0.66614,0.82266,0.80137,0.38235,0.0976,0.09628,long
0.3,4.0,2.0,200.0,20,exponential,sim024_30,1,150,1500,1.47352,1.47652,1.75627,0.55468,0.57489,0.57651,0.32873,0.25626,0.25616,long
0.3,12.0,2.0,200.0,20,exponential,sim024_30,1,150,1500,1.82181,1.82983,3.31113,0.6751,0.74605,0.7504,0.35051,0.17012,0.16968,long
0.3,20.0,2.0,200.0,20,exponential,sim024_30,1,150,1500,1.94157,1.95165,4.54959,0.71496,0.81947,0.82478,0.35921,0.13411,0.13341,long
0.3,28.0,2.0,200.0,20,exponential,sim024_30,1,150,1500,2.00424,2.01545,5.59597,0.73551,0.86491,0.87051,0.36387,0.11425,0.11339,long
0.3,32.0,2.0,200.0,20,exponential,sim024_30,1,150,1500,2.02582,2.03743,6.06528,0.74254,0.88234,0.88796,0.36547,0.10728,0.10636,long
0.3,40.0,2.0,200.0,20,exponential,sim024_30,1,150,1500,2.05811,2.07031,6.91822,0.75302,0.91078,0.91628,0.36784,0.09675,0.09576,long
0.3,48.0,2.0,200.0,20,exponential,sim024_30,1,150,1500,2.08129,2.09392,7.67712,0.76052,0.93339,0.93866,0.36951,0.08916,0.08811,long
0.1,4.0,3.0,200.0,0,exponential,sim025_10,1,150,1500,1.14297,1.14238,1.26129,0.42614,0.43488,0.43455,0.33947,0.29049,0.29038,long
0.1,12.0,3.0,200.0,0,exponential,sim025_10,1,150,1500,1.24171,1.23985,1.8039,0.45187,0.47738,0.47675,0.37002,0.22009,0.21991,long
0.1,20.0,3.0,200.0,0,exponential,sim025_10,1,150,1500,1.27792,1.2754,2.23753,0.45927,0.49366,0.49309,0.38639,0.18272,0.1827,long
0.1,28.0,3.0,200.0,0,exponential,sim025_10,1,150,1500,1.29783,1.29487,2.60661,0.46287,0.50316,0.50277,0.39662,0.15946,0.15964,long
0.1,32.0,3.0,200.0,0,exponential,sim025_10,1,150,1500,1.30487,1.30175,2.77346,0.46406,0.50669,0.50642,0.40045,0.15076,0.15103,long
0.1,40.0,3.0,200.0,0,exponential,sim025_10,1,150,1500,1.3156,1.3122,3.07953,0.46579,0.51233,0.51231,0.40649,0.13704,0.13748,long
0.1,48.0,3.0,200.0,0,exponential,sim025_10,1,150,1500,1.32344,1.31984,3.35572,0.467,0.51671,0.51696,0.41108,0.12664,0.12722,long
0.15,4.0,3.0,200.0,0,exponential,sim025_15,3,150,1500,1.22344,1.22553,1.37704,0.45768,0.46726,0.46925,0.3375,0.2805,0.28078,long
0.15,12.0,3.0,200.0,0,exponential,sim025_15,3,150,1500,1.3774,1.3818,2.07442,0.50548,0.53465,0.54106,0.36541,0.20765,0.20883,long
0.15,20.0,3.0,200.0,0,exponential,sim025_15,3,150,1500,1.43107,1.43596,2.5722,0.52045,0.56037,0.56959,0.3786,0.17338,0.17511,long
0.15,28.0,3.0,200.0,0,exponential,sim025_15,3,150,1500,1.45947,1.46449,2.96035,0.52798,0.57505,0.58634,0.38632,0.15335,0.15547,long
0.15,32.0,3.0,200.0,0,exponential,sim025_15,3,150,1500,1.46929,1.47433,3.1258,0.53052,0.58039,0.59254,0.38911,0.14612,0.14839,long
0.15,40.0,3.0,200.0,0,exponential,sim025_15,3,150,1500,1.48398,1.48903,3.41388,0.53426,0.58874,0.60238,0.39339,0.135,0.13751,long
0.15,48.0,3.0,200.0,0,exponential,sim025_15,3,150,1500,1.49451,1.49953,3.65739,0.5369,0.59504,0.60993,0.39654,0.12682,0.12953,long
0.2,4.0,3.0,200.0,0,exponential,sim025_20,3,150,1500,1.3107,1.30414,1.50682,0.48733,0.50425,0.50118,0.33721,0.27,0.27022,long
0.2,12.0,3.0,200.0,0,exponential,sim025_20,3,150,1500,1.53556,1.51643,2.46327,0.55525,0.60684,0.59928,0.36618,0.19058,0.19176,long
0.2,20.0,3.0,200.0,0,exponential,sim025_20,3,150,1500,1.61392,1.58915,3.15189,0.57701,0.64747,0.6384,0.37871,0.15556,0.15752,long
0.2,28.0,3.0,200.0,0,exponential,sim025_20,3,150,1500,1.65509,1.62713,3.68959,0.58806,0.67091,0.6612,0.38572,0.13577,0.13827,long
0.2,32.0,3.0,200.0,0,exponential,sim025_20,3,150,1500,1.66926,1.64017,3.91872,0.59181,0.67948,0.66959,0.38819,0.12875,0.13145,long
0.2,40.0,3.0,200.0,0,exponential,sim025_20,3,150,1500,1.69039,1.65958,4.31733,0.59735,0.6929,0.68281,0.39192,0.11809,0.12112,long
0.2,48.0,3.0,200.0,0,exponential,sim025_20,3,150,1500,1.70547,1.67341,4.65378,0.60126,0.70305,0.69287,0.39462,0.11035,0.11362,long
0.25,4.0,3.0,200.0,0,exponential,sim025_25,1,150,1500,1.387,1.38982,1.643,0.51957,0.53959,0.54078,0.3364,0.26014,0.25993,long
0.25,12.0,3.0,200.0,0,exponential,sim025_25,1,150,1500,1.66654,1.67244,2.91392,0.61201,0.67763,0.68044,0.36509,0.17569,0.17544,long
0.25,20.0,3.0,200.0,0,exponential,sim025_25,1,150,1500,1.76435,1.77093,3.87727,0.64271,0.73527,0.73885,0.37668,0.14002,0.13983,long
0.25,28.0,3.0,200.0,0,exponential,sim025_25,1,150,1500,1.81599,1.82283,4.66051,0.6586,0.76962,0.7738,0.383,0.12018,0.12004,long
0.25,32.0,3.0,200.0,0,exponential,sim025_25,1,150,1500,1.83383,1.84074,5.00321,0.66404,0.78243,0.78687,0.38519,0.11318,0.11307,long
0.25,40.0,3.0,200.0,0,exponential,sim025_25,1,150,1500,1.86052,1.86753,5.61308,0.67215,0.80279,0.80772,0.38849,0.10259,0.10251,long
0.25,48.0,3.0,200.0,0,exponential,sim025_25,1,150,1500,1.87966,1.88672,6.14211,0.67795,0.81847,0.82383,0.39084,0.09493,0.09487,long
0.3,4.0,3.0,200.0,0,exponential,sim025_30,3,150,1500,1.48504,1.48883,1.77933,0.55668,0.57776,0.5814,0.33258,0.25305,0.2533,long
0.3,12.0,3.0,200.0,0,exponential,sim025_30,3,150,1500,1.85438,1.86219,3.33516,0.68099,0.75168,0.76473,0.35789,0.16708,0.16785,long
0.3,20.0,3.0,200.0,0,exponential,sim025_30,3,150,1500,1.98678,1.99507,4.52367,0.72387,0.82482,0.84387,0.36744,0.13179,0.13279,long
0.3,28.0,3.0,200.0,0,exponential,sim025_30,3,150,1500,2.05734,2.06548,5.49369,0.74643,0.86851,0.89188,0.37249,0.11239,0.11357,long
0.3,32.0,3.0,200.0,0,exponential,sim025_30,3,150,1500,2.08181,2.08983,5.91882,0.75421,0.88481,0.90996,0.37423,0.10559,0.10685,long
0.3,40.0,3.0,200.0,0,exponential,sim025_30,3,150,1500,2.11853,2.12627,6.67609,0.76587,0.91071,0.9389,0.3768,0.09533,0.09673,long
0.3,48.0,3.0,200.0,0,exponential,sim025_30,3,150,1500,2.14491,2.15238,7.33347,0.77422,0.93066,0.96138,0.37862,0.08792,0.08945,long
0.1,4.0,3.0,200.0,10,exponential,sim026_10,1,150,1500,1.15254,1.13743,1.25444,0.42757,0.44122,0.43405,0.33924,0.29286,0.29369,long
0.1,12.0,3.0,200.0,10,exponential,sim026_10,1,150,1500,1.2622,1.22457,1.76245,0.45489,0.4956,0.47924,0.36871,0.2269,0.22974,long
0.1,20.0,3.0,200.0,10,exponential,sim026_10,1,150,1500,1.30256,1.25623,2.164,0.46315,0.51931,0.50034,0.3844,0.19099,0.19547,long
0.1,28.0,3.0,200.0,10,exponential,sim026_10,1,150,1500,1.3248,1.27385,2.50463,0.46736,0.53436,0.51458,0.39423,0.16836,0.1739,long
0.1,32.0,3.0,200.0,10,exponential,sim026_10,1,150,1500,1.33269,1.28016,2.65837,0.4688,0.54025,0.52035,0.39791,0.15986,0.16578,long
0.1,40.0,3.0,200.0,10,exponential,sim026_10,1,150,1500,1.34473,1.28988,2.94002,0.47096,0.55,0.53018,0.40373,0.14642,0.1529,long
0.1,48.0,3.0,200.0,10,exponential,sim026_10,1,150,1500,1.35357,1.2971,3.1937,0.47253,0.55791,0.53839,0.40814,0.13621,0.14307,long
0.15,4.0,3.0,200.0,10,exponential,sim026_15,1,150,1500,1.2159,1.21877,1.37587,0.45308,0.4679,0.46995,0.33692,0.28079,0.28115,long
0.15,12.0,3.0,200.0,10,exponential,sim026_15,1,150,1500,1.36251,1.36896,2.14195,0.49527,0.54422,0.55027,0.36467,0.20405,0.20574,long
0.15,20.0,3.0,200.0,10,exponential,sim026_15,1,150,1500,1.41436,1.42182,2.757,0.50826,0.57874,0.58768,0.37834,0.16648,0.169,long
0.15,28.0,3.0,200.0,10,exponential,sim026_15,1,150,1500,1.44235,1.45026,3.28315,0.51489,0.60119,0.61268,0.38646,0.1441,0.14717,long
0.15,32.0,3.0,200.0,10,exponential,sim026_15,1,150,1500,1.45218,1.46023,3.52158,0.51717,0.61008,0.62275,0.38942,0.13593,0.13921,long
0.15,40.0,3.0,200.0,10,exponential,sim026_15,1,150,1500,1.4671,1.47538,3.95951,0.52058,0.62497,0.63986,0.39399,0.12328,0.12686,long
0.15,48.0,3.0,200.0,10,exponential,sim026_15,1,150,1500,1.47798,1.48645,4.35479,0.52306,0.63718,0.65412,0.39736,0.11388,0.11767,long
0.2,4.0,3.0,200.0,10,exponential,sim026_20,1,150,1500,1.29456,1.29335,1.50339,0.48368,0.50469,0.50204,0.33808,0.27033,0.26961,long
0.2,12.0,3.0,200.0,10,exponential,sim026_20,1,150,1500,1.49797,1.4953,2.54765,0.5475,0.61974,0.60917,0.36808,0.18851,0.18592,long
0.2,20.0,3.0,200.0,10,exponential,sim026_20,1,150,1500,1.56867,1.56551,3.40063,0.5679,0.67413,0.65749,0.38123,0.15157,0.14791,long
0.2,28.0,3.0,200.0,10,exponential,sim026_20,1,150,1500,1.60639,1.60295,4.1387,0.57843,0.71042,0.68887,0.38862,0.13044,0.1261,long
0.2,32.0,3.0,200.0,10,exponential,sim026_20,1,150,1500,1.61956,1.61603,4.47537,0.58205,0.72502,0.70131,0.39123,0.12289,0.11828,long
0.2,40.0,3.0,200.0,10,exponential,sim026_20,1,150,1500,1.63951,1.63582,5.09692,0.58751,0.74974,0.72218,0.39517,0.11136,0.10631,long
0.2,48.0,3.0,200.0,10,exponential,sim026_20,1,150,1500,1.65405,1.65025,5.66124,0.59146,0.7703,0.73938,0.398,0.10291,0.09753,long
0.25,4.0,3.0,200.0,10,exponential,sim026_25,1,150,1500,1.39344,1.38658,1.61921,0.51879,0.54399,0.54134,0.3326,0.26516,0.26545,long
0.25,12.0,3.0,200.0,10,exponential,sim026_25,1,150,1500,1.69132,1.67185,2.81416,0.61248,0.69718,0.69081,0.35611,0.18589,0.18666,long
0.25,20.0,3.0,200.0,10,exponential,sim026_25,1,150,1500,1.79886,1.77422,3.71191,0.64457,0.76571,0.75814,0.36558,0.15145,0.15249,long
0.25,28.0,3.0,200.0,10,exponential,sim026_25,1,150,1500,1.85672,1.82938,4.43897,0.66164,0.80833,0.80029,0.37066,0.13209,0.13322,long
0.25,32.0,3.0,200.0,10,exponential,sim026_25,1,150,1500,1.87696,1.84871,4.75646,0.66761,0.8246,0.81646,0.3724,0.12522,0.12638,long
0.25,40.0,3.0,200.0,10,exponential,sim026_25,1,150,1500,1.90757,1.87801,5.32071,0.67666,0.85094,0.84272,0.37498,0.1148,0.11596,long
0.25,48.0,3.0,200.0,10,exponential,sim026_25,1,150,1500,1.92982,1.89938,5.80954,0.68327,0.87165,0.86344,0.37678,0.10724,0.10838,long
0.3,4.0,3.0,200.0,10,exponential,sim026_30,1,150,1500,1.46416,1.46531,1.78796,0.55084,0.57436,0.57608,0.33799,0.24918,0.24959,long
0.3,12.0,3.0,200.0,10,exponential,sim026_30,1,150,1500,1.80051,1.8032,3.51063,0.66641,0.74826,0.75464,0.36987,0.15658,0.15781,long
0.3,20.0,3.0,200.0,10,exponential,sim026_30,1,150,1500,1.91638,1.91979,4.96439,0.70473,0.82464,0.8342,0.38184,0.11903,0.12052,long
0.3,28.0,3.0,200.0,10,exponential,sim026_30,1,150,1500,1.97694,1.98092,6.25006,0.7245,0.87298,0.88491,0.38811,0.09857,0.10015,long
0.3,32.0,3.0,200.0,10,exponential,sim026_30,1,150,1500,1.99776,2.00199,6.84472,0.73126,0.89189,0.90481,0.39025,0.09144,0.09302,long
0.3,40.0,3.0,200.0,10,exponential,sim026_30,1,150,1500,2.02882,2.03352,7.95595,0.74132,0.92337,0.93799,0.3934,0.08071,0.08229,long
0.3,48.0,3.0,200.0,10,exponential,sim026_30,1,150,1500,2.05104,2.05618,8.97974,0.74851,0.94915,0.96517,0.3956,0.073,0.07456,long
0.1,4.0,3.0,200.0,20,exponential,sim027_10,1,150,1500,1.14178,1.14636,1.25666,0.42694,0.43481,0.43833,0.33712,0.29211,0.29248,long
0.1,12.0,3.0,200.0,20,exponential,sim027_10,1,150,1500,1.23722,1.24804,1.77522,0.45347,0.47973,0.48876,0.36353,0.22502,0.22622,long
0.1,20.0,3.0,200.0,20,exponential,sim027_10,1,150,1500,1.27222,1.2853,2.18473,0.4613,0.4996,0.51085,0.37794,0.18926,0.19071,long
0.1,28.0,3.0,200.0,20,exponential,sim027_10,1,150,1500,1.29156,1.30588,2.53108,0.46521,0.51262,0.5251,0.38698,0.16693,0.16848,long
0.1,32.0,3.0,200.0,20,exponential,sim027_10,1,150,1500,1.29844,1.3132,2.68703,0.46653,0.51783,0.53074,0.39038,0.15858,0.16014,long
0.1,40.0,3.0,200.0,20,exponential,sim027_10,1,150,1500,1.30894,1.32442,2.97206,0.46849,0.52662,0.54023,0.39573,0.1454,0.14695,long
0.1,48.0,3.0,200.0,20,exponential,sim027_10,1,150,1500,1.31666,1.33268,3.228,0.46989,0.53389,0.54806,0.39978,0.13542,0.13693,long
0.15,4.0,3.0,200.0,20,exponential,sim027_15,1,150,1500,1.21976,1.21408,1.38121,0.45298,0.46947,0.46664,0.33946,0.2793,0.27954,long
0.15,12.0,3.0,200.0,20,exponential,sim027_15,1,150,1500,1.37181,1.3575,2.16891,0.49497,0.54706,0.53987,0.37105,0.20078,0.2013,long
0.15,20.0,3.0,200.0,20,exponential,sim027_15,1,150,1500,1.42511,1.40758,2.80533,0.50775,0.58142,0.5726,0.38624,0.16278,0.16349,long
0.15,28.0,3.0,200.0,20,exponential,sim027_15,1,150,1500,1.45352,1.43435,3.35157,0.51419,0.60354,0.594,0.39517,0.14032,0.14112,long
0.15,32.0,3.0,200.0,20,exponential,sim027_15,1,150,1500,1.46342,1.44369,3.59953,0.51638,0.61227,0.60254,0.39841,0.13216,0.13298,long
0.15,40.0,3.0,200.0,20,exponential,sim027_15,1,150,1500,1.47833,1.4578,4.05553,0.51964,0.62687,0.61695,0.40339,0.11955,0.12039,long
0.15,48.0,3.0,200.0,20,exponential,sim027_15,1,150,1500,1.48911,1.46804,4.46768,0.52199,0.63884,0.62891,0.40707,0.11022,0.11106,long
0.2,4.0,3.0,200.0,20,exponential,sim027_20,1,150,1500,1.29329,1.29311,1.51272,0.48356,0.50242,0.50275,0.33978,0.2677,0.26777,long
0.2,12.0,3.0,200.0,20,exponential,sim027_20,1,150,1500,1.49484,1.49308,2.59815,0.54652,0.60946,0.61162,0.37244,0.18172,0.18238,long
0.2,20.0,3.0,200.0,20,exponential,sim027_20,1,150,1500,1.56438,1.56155,3.49549,0.56627,0.6571,0.66131,0.38672,0.14307,0.14428,long
0.2,28.0,3.0,200.0,20,exponential,sim027_20,1,150,1500,1.60115,1.59764,4.27942,0.57632,0.68782,0.69408,0.39474,0.12097,0.12263,long
0.2,32.0,3.0,200.0,20,exponential,sim027_20,1,150,1500,1.61391,1.61015,4.63951,0.57975,0.69996,0.70724,0.39758,0.11306,0.11492,long
0.2,40.0,3.0,200.0,20,exponential,sim027_20,1,150,1500,1.63311,1.62897,5.30873,0.58487,0.72031,0.72956,0.40186,0.10096,0.10315,long
0.2,48.0,3.0,200.0,20,exponential,sim027_20,1,150,1500,1.64698,1.6426,5.92156,0.58853,0.73705,0.7482,0.40496,0.09209,0.09455,long
0.25,4.0,3.0,200.0,20,exponential,sim027_25,1,150,1500,1.38705,1.38588,1.62918,0.52165,0.54264,0.54112,0.33533,0.26275,0.26232,long
0.25,12.0,3.0,200.0,20,exponential,sim027_25,1,150,1500,1.66885,1.66553,2.86271,0.61886,0.69159,0.68487,0.3628,0.18125,0.17956,long
0.25,20.0,3.0,200.0,20,exponential,sim027_25,1,150,1500,1.76771,1.76363,3.79725,0.65184,0.7574,0.74628,0.37385,0.14658,0.1441,long
0.25,28.0,3.0,200.0,20,exponential,sim027_25,1,150,1500,1.82009,1.81569,4.55661,0.66914,0.79824,0.78331,0.37982,0.1273,0.12426,long
0.25,32.0,3.0,200.0,20,exponential,sim027_25,1,150,1500,1.83825,1.83376,4.88857,0.67512,0.81385,0.7972,0.38188,0.12052,0.11724,long
0.25,40.0,3.0,200.0,20,exponential,sim027_25,1,150,1500,1.86551,1.86093,5.4787,0.68409,0.83918,0.81936,0.38493,0.11026,0.1066,long
0.25,48.0,3.0,200.0,20,exponential,sim027_25,1,150,1500,1.88515,1.88054,5.98985,0.69057,0.85916,0.83648,0.38709,0.10285,0.09888,long
0.3,4.0,3.0,200.0,20,exponential,sim027_30,3,150,1500,1.47414,1.4764,1.75043,0.55667,0.57794,0.58141,0.33162,0.25634,0.25705,long
0.3,12.0,3.0,200.0,20,exponential,sim027_30,3,150,1500,1.83262,1.83806,3.21769,0.68434,0.76162,0.77267,0.3554,0.17353,0.17554,long
0.3,20.0,3.0,200.0,20,exponential,sim027_30,3,150,1500,1.96061,1.96727,4.32386,0.72895,0.8434,0.85788,0.36424,0.13925,0.14166,long
0.3,28.0,3.0,200.0,20,exponential,sim027_30,3,150,1500,2.02888,2.0362,5.21904,0.75261,0.8942,0.9103,0.36883,0.1204,0.12298,long
0.3,32.0,3.0,200.0,20,exponential,sim027_30,3,150,1500,2.05261,2.06016,5.60936,0.76082,0.91361,0.93016,0.37037,0.1138,0.11641,long
0.3,40.0,3.0,200.0,20,exponential,sim027_30,3,150,1500,2.08833,2.09623,6.30178,0.7732,0.94505,0.96206,0.37263,0.10385,0.10651,long
0.3,48.0,3.0,200.0,20,exponential,sim027_30,3,150,1500,2.11413,2.12227,6.90007,0.78215,0.96982,0.98691,0.37418,0.09669,0.09936,long
0.1,4.0,1.0,50.0,5,exponential,sim028_10,1,150,1500,1.13723,1.13684,1.21206,0.42725,0.4338,0.43382,0.33069,0.30231,0.3025,short
0.1,12.0,1.0,50.0,5,exponential,sim028_10,1,150,1500,1.22455,1.22332,1.54393,0.45498,0.47441,0.47475,0.34507,0.25703,0.25791,short
0.1,20.0,1.0,50.0,5,exponential,sim028_10,1,150,1500,1.25399,1.25234,1.74982,0.46303,0.48928,0.48985,0.35325,0.23353,0.23488,short
0.1,28.0,1.0,50.0,5,exponential,sim028_10,1,150,1500,1.2697,1.26781,1.89656,0.46699,0.49764,0.49836,0.35844,0.21908,0.22071,short
0.1,32.0,1.0,50.0,5,exponential,sim028_10,1,150,1500,1.2752,1.27323,1.95592,0.46832,0.50066,0.50143,0.36039,0.21371,0.21546,short
0.1,40.0,1.0,50.0,5,exponential,sim028_10,1,150,1500,1.28354,1.28144,2.05517,0.47029,0.50534,0.50619,0.36349,0.20528,0.2072,short
0.1,48.0,1.0,50.0,5,exponential,sim028_10,1,150,1500,1.28962,1.28744,2.13535,0.47169,0.50884,0.50975,0.36583,0.19893,0.20099,short
0.15,4.0,1.0,50.0,5,exponential,sim028_15,1,150,1500,1.21078,1.21109,1.32129,0.45551,0.4652,0.46522,0.32917,0.29197,0.29186,short
0.15,12.0,1.0,50.0,5,exponential,sim028_15,1,150,1500,1.34815,1.34917,1.83675,0.50147,0.5315,0.53124,0.34459,0.2365,0.23594,short
0.15,20.0,1.0,50.0,5,exponential,sim028_15,1,150,1500,1.39371,1.39511,2.16421,0.51533,0.55666,0.55604,0.35276,0.20971,0.20883,short
0.15,28.0,1.0,50.0,5,exponential,sim028_15,1,150,1500,1.41765,1.41927,2.40143,0.52227,0.57101,0.57009,0.35777,0.19379,0.19269,short
0.15,32.0,1.0,50.0,5,exponential,sim028_15,1,150,1500,1.42596,1.42766,2.49836,0.52462,0.57623,0.57518,0.35963,0.18798,0.1868,short
0.15,40.0,1.0,50.0,5,exponential,sim028_15,1,150,1500,1.43848,1.44031,2.66176,0.52811,0.58436,0.58308,0.36254,0.17897,0.17764,short
0.15,48.0,1.0,50.0,5,exponential,sim028_15,1,150,1500,1.44756,1.44947,2.79502,0.5306,0.59048,0.589,0.36472,0.17225,0.17083,short
0.2,4.0,1.0,50.0,5,exponential,sim028_20,1,150,1500,1.28932,1.28977,1.43344,0.48565,0.49874,0.49837,0.32666,0.28322,0.2829,short
0.2,12.0,1.0,50.0,5,exponential,sim028_20,1,150,1500,1.48556,1.48679,2.14722,0.55312,0.59508,0.59349,0.34114,0.22084,0.21994,short
0.2,20.0,1.0,50.0,5,exponential,sim028_20,1,150,1500,1.55098,1.55246,2.61132,0.57419,0.6327,0.63024,0.34843,0.19205,0.19091,short
0.2,28.0,1.0,50.0,5,exponential,sim028_20,1,150,1500,1.58523,1.58681,2.95282,0.58486,0.65442,0.6513,0.3528,0.17532,0.17406,short
0.2,32.0,1.0,50.0,5,exponential,sim028_20,1,150,1500,1.59708,1.59869,3.09367,0.58849,0.66236,0.65897,0.3544,0.16928,0.16797,short
0.2,40.0,1.0,50.0,5,exponential,sim028_20,1,150,1500,1.61491,1.61655,3.3329,0.59391,0.6748,0.67095,0.35688,0.15996,0.15859,short
0.2,48.0,1.0,50.0,5,exponential,sim028_20,1,150,1500,1.62781,1.62946,3.52968,0.59779,0.68419,0.67997,0.35872,0.15308,0.15167,short
0.25,4.0,1.0,50.0,5,exponential,sim028_25,1,150,1500,1.37247,1.37311,1.54885,0.5187,0.534,0.53388,0.32368,0.2755,0.27522,short
0.25,12.0,1.0,50.0,5,exponential,sim028_25,1,150,1500,1.63643,1.63842,2.47795,0.61293,0.66407,0.66305,0.33634,0.20832,0.20736,short
0.25,20.0,1.0,50.0,5,exponential,sim028_25,1,150,1500,1.72541,1.72798,3.09817,0.64347,0.71606,0.71422,0.34242,0.17831,0.177,short
0.25,28.0,1.0,50.0,5,exponential,sim028_25,1,150,1500,1.77197,1.77484,3.56331,0.65915,0.74634,0.74382,0.34602,0.16111,0.15959,short
0.25,32.0,1.0,50.0,5,exponential,sim028_25,1,150,1500,1.78806,1.79102,3.75744,0.66452,0.75746,0.75466,0.34733,0.15493,0.15334,short
0.25,40.0,1.0,50.0,5,exponential,sim028_25,1,150,1500,1.81222,1.81531,4.09037,0.67254,0.77494,0.77164,0.34935,0.14545,0.14376,short
0.25,48.0,1.0,50.0,5,exponential,sim028_25,1,150,1500,1.82967,1.83284,4.36731,0.6783,0.78819,0.78449,0.35085,0.13847,0.1367,short
0.3,4.0,1.0,50.0,5,exponential,sim028_30,1,150,1500,1.46223,1.46126,1.66759,0.5541,0.57135,0.57156,0.32006,0.26862,0.26898,short
0.3,12.0,1.0,50.0,5,exponential,sim028_30,1,150,1500,1.8064,1.80341,2.82198,0.67957,0.73853,0.74004,0.33012,0.19789,0.19898,short
0.3,20.0,1.0,50.0,5,exponential,sim028_30,1,150,1500,1.92413,1.9203,3.60342,0.72143,0.80589,0.80859,0.33469,0.16711,0.16851,short
0.3,28.0,1.0,50.0,5,exponential,sim028_30,1,150,1500,1.98573,1.98148,4.19428,0.74307,0.84502,0.84869,0.33734,0.14969,0.15125,short
0.3,32.0,1.0,50.0,5,exponential,sim028_30,1,150,1500,2.00697,2.00259,4.44203,0.75048,0.85936,0.86344,0.3383,0.14348,0.14509,short
0.3,40.0,1.0,50.0,5,exponential,sim028_30,1,150,1500,2.03881,2.03424,4.86846,0.76156,0.88185,0.88664,0.33976,0.134,0.13568,short
0.3,48.0,1.0,50.0,5,exponential,sim028_30,1,150,1500,2.06173,2.05704,5.22465,0.7695,0.89887,0.90426,0.34084,0.12705,0.12878,short
0.1,4.0,2.0,50.0,5,exponential,sim029_10,1,150,1500,1.14076,1.14028,1.21163,0.42851,0.43617,0.43491,0.3312,0.30319,0.30272,short
0.1,12.0,2.0,50.0,5,exponential,sim029_10,1,150,1500,1.22775,1.22733,1.49944,0.45692,0.47899,0.47515,0.34435,0.26486,0.26329,short
0.1,20.0,2.0,50.0,5,exponential,sim029_10,1,150,1500,1.25607,1.25587,1.65547,0.46528,0.49446,0.48923,0.35099,0.24644,0.24435,short
0.1,28.0,2.0,50.0,5,exponential,sim029_10,1,150,1500,1.27079,1.27075,1.75768,0.46942,0.50291,0.49679,0.35501,0.23552,0.23311,short
0.1,32.0,2.0,50.0,5,exponential,sim029_10,1,150,1500,1.27587,1.27588,1.79708,0.47081,0.5059,0.49943,0.35649,0.23154,0.22902,short
0.1,40.0,2.0,50.0,5,exponential,sim029_10,1,150,1500,1.28346,1.28356,1.86064,0.47285,0.51045,0.50343,0.35879,0.22537,0.22267,short
0.1,48.0,2.0,50.0,5,exponential,sim029_10,1,150,1500,1.28892,1.28909,1.90995,0.47429,0.51377,0.50633,0.36051,0.22078,0.21796,short
0.15,4.0,2.0,50.0,5,exponential,sim029_15,1,150,1500,1.2192,1.2153,1.32146,0.45713,0.46863,0.46684,0.33032,0.2925,0.29281,short
0.15,12.0,2.0,50.0,5,exponential,sim029_15,1,150,1500,1.36245,1.35226,1.77139,0.50356,0.53722,0.53258,0.34565,0.24338,0.24448,short
0.15,20.0,2.0,50.0,5,exponential,sim029_15,1,150,1500,1.40973,1.39694,2.02185,0.51773,0.56241,0.55658,0.35292,0.22081,0.22251,short
0.15,28.0,2.0,50.0,5,exponential,sim029_15,1,150,1500,1.43432,1.42009,2.18868,0.52483,0.57623,0.56976,0.3572,0.20769,0.20981,short
0.15,32.0,2.0,50.0,5,exponential,sim029_15,1,150,1500,1.44277,1.42805,2.25362,0.52723,0.58112,0.57442,0.35876,0.20296,0.20523,short
0.15,40.0,2.0,50.0,5,exponential,sim029_15,1,150,1500,1.45542,1.43995,2.35915,0.53079,0.58856,0.58153,0.36116,0.19567,0.19819,short
0.15,48.0,2.0,50.0,5,exponential,sim029_15,1,150,1500,1.4645,1.44851,2.44172,0.53332,0.594,0.58674,0.36294,0.19028,0.19298,short
0.2,4.0,2.0,50.0,5,exponential,sim029_20,1,150,1500,1.29874,1.2987,1.43635,0.48834,0.50243,0.50181,0.32792,0.28371,0.28329,short
0.2,12.0,2.0,50.0,5,exponential,sim029_20,1,150,1500,1.50094,1.50064,2.07155,0.55709,0.60085,0.59824,0.34265,0.22818,0.22673,short
0.2,20.0,2.0,50.0,5,exponential,sim029_20,1,150,1500,1.56842,1.56793,2.43601,0.57886,0.63844,0.63442,0.34923,0.20381,0.20183,short
0.2,28.0,2.0,50.0,5,exponential,sim029_20,1,150,1500,1.60356,1.6029,2.68275,0.58994,0.65947,0.65445,0.353,0.18997,0.18768,short
0.2,32.0,2.0,50.0,5,exponential,sim029_20,1,150,1500,1.61565,1.61492,2.77963,0.59371,0.66699,0.66157,0.35436,0.18502,0.18262,short
0.2,40.0,2.0,50.0,5,exponential,sim029_20,1,150,1500,1.63376,1.63288,2.93801,0.59932,0.67853,0.67243,0.35643,0.17745,0.17489,short
0.2,48.0,2.0,50.0,5,exponential,sim029_20,1,150,1500,1.64677,1.64576,3.06275,0.60332,0.68704,0.68041,0.35795,0.1719,0.16923,short
0.25,4.0,2.0,50.0,5,exponential,sim029_25,1,150,1500,1.38361,1.38483,1.55335,0.52209,0.53788,0.5389,0.32538,0.27563,0.2758,short
0.25,12.0,2.0,50.0,5,exponential,sim029_25,1,150,1500,1.65429,1.658,2.38641,0.61792,0.66846,0.67174,0.33937,0.21433,0.21496,short
0.25,20.0,2.0,50.0,5,exponential,sim029_25,1,150,1500,1.74611,1.75099,2.87832,0.64943,0.71912,0.72347,0.34524,0.18801,0.18888,short
0.25,28.0,2.0,50.0,5,exponential,sim029_25,1,150,1500,1.79411,1.79968,3.21714,0.66569,0.74763,0.75254,0.34853,0.17319,0.1742,short
0.25,32.0,2.0,50.0,5,exponential,sim029_25,1,150,1500,1.81065,1.81648,3.35147,0.67126,0.75784,0.76295,0.34969,0.16793,0.16899,short
0.25,40.0,2.0,50.0,5,exponential,sim029_25,1,150,1500,1.83539,1.84165,3.57266,0.67957,0.77355,0.77892,0.35144,0.15991,0.16103,short
0.25,48.0,2.0,50.0,5,exponential,sim029_25,1,150,1500,1.85315,1.85975,3.74827,0.68553,0.78515,0.7907,0.35272,0.15405,0.15522,short
0.3,4.0,2.0,50.0,5,exponential,sim029_30,1,150,1500,1.47527,1.47471,1.67515,0.5585,0.57698,0.576,0.32302,0.26881,0.26859,short
0.3,12.0,2.0,50.0,5,exponential,sim029_30,1,150,1500,1.82688,1.82563,2.72182,0.68666,0.74839,0.7448,0.33657,0.20462,0.20374,short
0.3,20.0,2.0,50.0,5,exponential,sim029_30,1,150,1500,1.9483,1.94683,3.35376,0.73036,0.8169,0.81179,0.3419,0.17769,0.17646,short
0.3,28.0,2.0,50.0,5,exponential,sim029_30,1,150,1500,2.01205,2.01046,3.79509,0.75321,0.85586,0.8498,0.3448,0.16267,0.16123,short
0.3,32.0,2.0,50.0,5,exponential,sim029_30,1,150,1500,2.03405,2.03242,3.97149,0.76108,0.86988,0.86347,0.34581,0.15734,0.15584,short
0.3,40.0,2.0,50.0,5,exponential,sim029_30,1,150,1500,2.067,2.0653,4.2638,0.77285,0.89149,0.88455,0.34734,0.14925,0.14764,short
0.3,48.0,2.0,50.0,5,exponential,sim029_30,1,150,1500,2.09068,2.08891,4.49755,0.78131,0.9075,0.90016,0.34844,0.14335,0.14167,short
0.1,4.0,3.0,50.0,5,exponential,sim030_10,1,150,1500,1.14351,1.14355,1.21191,0.4287,0.43679,0.43612,0.33167,0.30319,0.30281,short
0.1,12.0,3.0,50.0,5,exponential,sim030_10,1,150,1500,1.23731,1.23755,1.48375,0.45846,0.48164,0.4796,0.34462,0.2671,0.26599,short
0.1,20.0,3.0,50.0,5,exponential,sim030_10,1,150,1500,1.26877,1.26914,1.62167,0.46762,0.49805,0.49527,0.3508,0.2504,0.24896,short
0.1,28.0,3.0,50.0,5,exponential,sim030_10,1,150,1500,1.28514,1.28559,1.70813,0.4722,0.50692,0.50368,0.35442,0.24073,0.23909,short
0.1,32.0,3.0,50.0,5,exponential,sim030_10,1,150,1500,1.29075,1.29124,1.74059,0.47374,0.51003,0.50661,0.35573,0.23725,0.23554,short
0.1,40.0,3.0,50.0,5,exponential,sim030_10,1,150,1500,1.2991,1.29964,1.79192,0.47601,0.5147,0.51102,0.35774,0.23192,0.2301,short
0.1,48.0,3.0,50.0,5,exponential,sim030_10,1,150,1500,1.30505,1.30563,1.83084,0.47761,0.51808,0.51419,0.35922,0.22801,0.2261,short
0.15,4.0,3.0,50.0,5,exponential,sim030_15,1,150,1500,1.21962,1.2206,1.32351,0.45822,0.46814,0.46895,0.33152,0.29187,0.29195,short
0.15,12.0,3.0,50.0,5,exponential,sim030_15,1,150,1500,1.3669,1.36936,1.75571,0.50789,0.53692,0.53958,0.34747,0.24454,0.24498,short
0.15,20.0,3.0,50.0,5,exponential,sim030_15,1,150,1500,1.41655,1.41962,1.98235,0.52377,0.56217,0.566,0.35453,0.22368,0.2243,short
0.15,28.0,3.0,50.0,5,exponential,sim030_15,1,150,1500,1.44238,1.44583,2.12698,0.53184,0.57583,0.58047,0.35853,0.21184,0.21258,short
0.15,32.0,3.0,50.0,5,exponential,sim030_15,1,150,1500,1.45124,1.45483,2.18181,0.53457,0.5806,0.58557,0.35995,0.20763,0.20841,short
0.15,40.0,3.0,50.0,5,exponential,sim030_15,1,150,1500,1.46443,1.46823,2.26907,0.53862,0.5878,0.59331,0.36211,0.20122,0.20206,short
0.15,48.0,3.0,50.0,5,exponential,sim030_15,1,150,1500,1.47382,1.4778,2.3357,0.54148,0.59298,0.59893,0.36367,0.19655,0.19744,short
0.2,4.0,3.0,50.0,5,exponential,sim030_20,1,150,1500,1.30159,1.30354,1.43454,0.4888,0.50321,0.5029,0.32899,0.28409,0.28335,short
0.2,12.0,3.0,50.0,5,exponential,sim030_20,1,150,1500,1.51269,1.51849,2.02985,0.56047,0.60428,0.60287,0.3442,0.2321,0.22977,short
0.2,20.0,3.0,50.0,5,exponential,sim030_20,1,150,1500,1.58522,1.59271,2.3499,0.58413,0.64318,0.64099,0.35058,0.20988,0.2067,short
0.2,28.0,3.0,50.0,5,exponential,sim030_20,1,150,1500,1.62329,1.63168,2.55752,0.59635,0.6648,0.66205,0.35413,0.1974,0.19373,short
0.2,32.0,3.0,50.0,5,exponential,sim030_20,1,150,1500,1.63641,1.64511,2.63702,0.60054,0.67247,0.6695,0.35538,0.19298,0.18912,short
0.2,40.0,3.0,50.0,5,exponential,sim030_20,1,150,1500,1.65601,1.66515,2.76452,0.60676,0.68415,0.68082,0.35728,0.18626,0.18212,short
0.2,48.0,3.0,50.0,5,exponential,sim030_20,1,150,1500,1.67005,1.67948,2.86277,0.6112,0.69269,0.68908,0.35866,0.18136,0.17702,short
0.25,4.0,3.0,50.0,5,exponential,sim030_25,1,150,1500,1.39146,1.39112,1.55575,0.5224,0.53925,0.54036,0.32687,0.27523,0.27576,short
0.25,12.0,3.0,50.0,5,exponential,sim030_25,1,150,1500,1.68114,1.67912,2.35542,0.62138,0.67405,0.67742,0.34228,0.21603,0.21751,short
0.25,20.0,3.0,50.0,5,exponential,sim030_25,1,150,1500,1.78322,1.78005,2.8034,0.65526,0.72707,0.7315,0.34847,0.19105,0.19299,short
0.25,28.0,3.0,50.0,5,exponential,sim030_25,1,150,1500,1.83726,1.8333,3.1007,0.67302,0.75679,0.76182,0.35185,0.17712,0.17934,short
0.25,32.0,3.0,50.0,5,exponential,sim030_25,1,150,1500,1.85595,1.85167,3.21591,0.67914,0.76739,0.77262,0.35303,0.17219,0.17452,short
0.25,40.0,3.0,50.0,5,exponential,sim030_25,1,150,1500,1.88394,1.87914,3.40225,0.68828,0.78358,0.78912,0.3548,0.16472,0.16723,short
0.25,48.0,3.0,50.0,5,exponential,sim030_25,1,150,1500,1.90402,1.89881,3.54713,0.69482,0.79544,0.80119,0.35608,0.15929,0.16194,short
0.3,4.0,3.0,50.0,5,exponential,sim030_30,1,150,1500,1.48085,1.48237,1.67655,0.56039,0.5788,0.57863,0.32515,0.26853,0.26822,short
0.3,12.0,3.0,50.0,5,exponential,sim030_30,1,150,1500,1.85087,1.85668,2.68051,0.69478,0.75628,0.75499,0.34072,0.20668,0.20567,short
0.3,20.0,3.0,50.0,5,exponential,sim030_30,1,150,1500,1.98414,1.99227,3.25709,0.74262,0.82868,0.8265,0.34642,0.18115,0.17968,short
0.3,28.0,3.0,50.0,5,exponential,sim030_30,1,150,1500,2.05539,2.06486,3.64564,0.76808,0.86997,0.86713,0.34939,0.16704,0.16526,short
0.3,32.0,3.0,50.0,5,exponential,sim030_30,1,150,1500,2.08016,2.0901,3.79757,0.77691,0.88481,0.88171,0.3504,0.16207,0.16018,short
0.3,40.0,3.0,50.0,5,exponential,sim030_30,1,150,1500,2.11739,2.12802,4.04498,0.79015,0.90762,0.9041,0.35189,0.15456,0.15248,short
0.3,48.0,3.0,50.0,5,exponential,sim030_30,1,150,1500,2.14422,2.1553,4.23884,0.79967,0.92444,0.92058,0.35294,0.14911,0.1469,short
0.1,4.0,1.0,100.0,5,exponential,sim031_10,1,150,1500,1.13758,1.13791,1.22341,0.42704,0.43449,0.4342,0.33167,0.30009,0.2998,medium
0.1,12.0,1.0,100.0,5,exponential,sim031_10,1,150,1500,1.22843,1.2295,1.64221,0.45475,0.48021,0.4784,0.34997,0.24534,0.24406,medium
0.1,20.0,1.0,100.0,5,exponential,sim031_10,1,150,1500,1.26114,1.26256,1.9589,0.4629,0.50046,0.49707,0.36114,0.21457,0.21261,medium
0.1,28.0,1.0,100.0,5,exponential,sim031_10,1,150,1500,1.27942,1.28102,2.21876,0.46698,0.51366,0.50881,0.36849,0.19484,0.19238,medium
0.1,32.0,1.0,100.0,5,exponential,sim031_10,1,150,1500,1.28601,1.28765,2.33339,0.46837,0.51889,0.51335,0.3713,0.18736,0.1847,medium
0.1,40.0,1.0,100.0,5,exponential,sim031_10,1,150,1500,1.29619,1.2979,2.53905,0.47044,0.52762,0.52082,0.3758,0.17545,0.17246,medium
0.1,48.0,1.0,100.0,5,exponential,sim031_10,1,150,1500,1.3038,1.30554,2.71939,0.47193,0.53475,0.52679,0.37924,0.16635,0.16309,medium
0.15,4.0,1.0,100.0,5,exponential,sim031_15,1,150,1500,1.21183,1.21143,1.33775,0.4551,0.46588,0.46599,0.33068,0.28863,0.2888,medium
0.15,12.0,1.0,100.0,5,exponential,sim031_15,1,150,1500,1.35448,1.35308,1.98286,0.501,0.53783,0.53873,0.35079,0.22138,0.22214,medium
0.15,20.0,1.0,100.0,5,exponential,sim031_15,1,150,1500,1.40396,1.402,2.47921,0.51515,0.5692,0.57099,0.36199,0.18684,0.18799,medium
0.15,28.0,1.0,100.0,5,exponential,sim031_15,1,150,1500,1.43068,1.42835,2.89183,0.52242,0.58929,0.59187,0.36899,0.16577,0.16719,medium
0.15,32.0,1.0,100.0,5,exponential,sim031_15,1,150,1500,1.44009,1.43763,3.07541,0.52493,0.59715,0.60011,0.3716,0.15799,0.1595,medium
0.15,40.0,1.0,100.0,5,exponential,sim031_15,1,150,1500,1.45442,1.45176,3.40722,0.52872,0.61019,0.61382,0.37569,0.14582,0.14749,medium
0.15,48.0,1.0,100.0,5,exponential,sim031_15,1,150,1500,1.46495,1.46214,3.70082,0.53149,0.62073,0.62496,0.37877,0.1367,0.13848,medium
0.2,4.0,1.0,100.0,5,exponential,sim031_20,1,150,1500,1.29001,1.28953,1.45329,0.48554,0.49972,0.49921,0.3284,0.27965,0.27943,medium
0.2,12.0,1.0,100.0,5,exponential,sim031_20,1,150,1500,1.49217,1.49048,2.33275,0.55378,0.60421,0.60247,0.34712,0.20639,0.20562,medium
0.2,20.0,1.0,100.0,5,exponential,sim031_20,1,150,1500,1.56192,1.55957,3.01848,0.57556,0.6507,0.64841,0.35676,0.17121,0.17016,medium
0.2,28.0,1.0,100.0,5,exponential,sim031_20,1,150,1500,1.59922,1.59647,3.59401,0.58683,0.68054,0.67806,0.36254,0.15048,0.14925,medium
0.2,32.0,1.0,100.0,5,exponential,sim031_20,1,150,1500,1.61229,1.6094,3.85162,0.59073,0.69223,0.68974,0.36464,0.14296,0.14166,medium
0.2,40.0,1.0,100.0,5,exponential,sim031_20,1,150,1500,1.63214,1.62902,4.31962,0.59662,0.71158,0.70917,0.36789,0.13134,0.12993,medium
0.2,48.0,1.0,100.0,5,exponential,sim031_20,1,150,1500,1.64667,1.64338,4.73628,0.60092,0.72722,0.72497,0.37028,0.12274,0.12124,medium
0.25,4.0,1.0,100.0,5,exponential,sim031_25,1,150,1500,1.37327,1.37286,1.57169,0.51838,0.53539,0.53471,0.32522,0.27194,0.27164,medium
0.25,12.0,1.0,100.0,5,exponential,sim031_25,1,150,1500,1.64381,1.64247,2.69538,0.61342,0.6764,0.67339,0.34115,0.19505,0.1939,medium
0.25,20.0,1.0,100.0,5,exponential,sim031_25,1,150,1500,1.7375,1.73566,3.57967,0.64476,0.74048,0.73556,0.34884,0.15985,0.15822,medium
0.25,28.0,1.0,100.0,5,exponential,sim031_25,1,150,1500,1.78742,1.78521,4.32684,0.66112,0.78211,0.77558,0.35331,0.13959,0.13765,medium
0.25,32.0,1.0,100.0,5,exponential,sim031_25,1,150,1500,1.80486,1.8025,4.66272,0.66679,0.79856,0.79131,0.35491,0.13232,0.13025,medium
0.25,40.0,1.0,100.0,5,exponential,sim031_25,1,150,1500,1.83131,1.82869,5.2752,0.67536,0.82599,0.81742,0.35734,0.12118,0.11892,medium
0.25,48.0,1.0,100.0,5,exponential,sim031_25,1,150,1500,1.85063,1.84779,5.823,0.68161,0.84837,0.83862,0.35909,0.113,0.11059,medium
0.3,4.0,1.0,100.0,5,exponential,sim031_30,1,150,1500,1.46362,1.46334,1.69365,0.55351,0.57296,0.57308,0.32074,0.26533,0.26551,medium
0.3,12.0,1.0,100.0,5,exponential,sim031_30,1,150,1500,1.81618,1.81526,3.07769,0.67995,0.7535,0.75437,0.33238,0.18573,0.18636,medium
0.3,20.0,1.0,100.0,5,exponential,sim031_30,1,150,1500,1.93983,1.9386,4.17929,0.72296,0.83575,0.83736,0.33773,0.15031,0.15117,medium
0.3,28.0,1.0,100.0,5,exponential,sim031_30,1,150,1500,2.00565,2.00422,5.11774,0.74558,0.88885,0.89111,0.34076,0.13019,0.13118,medium
0.3,32.0,1.0,100.0,5,exponential,sim031_30,1,150,1500,2.02861,2.0271,5.54179,0.75344,0.90974,0.91228,0.34182,0.12302,0.12406,medium
0.3,40.0,1.0,100.0,5,exponential,sim031_30,1,150,1500,2.06333,2.06169,6.31842,0.7653,0.94447,0.94751,0.34341,0.11208,0.11318,medium
0.3,48.0,1.0,100.0,5,exponential,sim031_30,1,150,1500,2.08863,2.08686,7.01662,0.77393,0.9727,0.97617,0.34453,0.10409,0.10524,medium
0.1,4.0,2.0,100.0,5,exponential,sim032_10,1,150,1500,1.14079,1.13993,1.22771,0.42819,0.4359,0.43634,0.33325,0.29897,0.29953,medium
0.1,12.0,2.0,100.0,5,exponential,sim032_10,1,150,1500,1.23134,1.22871,1.61328,0.45619,0.48033,0.48288,0.35189,0.24705,0.2492,medium
0.1,20.0,2.0,100.0,5,exponential,sim032_10,1,150,1500,1.26303,1.25953,1.87466,0.46452,0.49804,0.50255,0.3621,0.21957,0.2227,medium
0.1,28.0,2.0,100.0,5,exponential,sim032_10,1,150,1500,1.28034,1.27633,2.07291,0.46872,0.50857,0.51474,0.36854,0.20241,0.20622,medium
0.1,32.0,2.0,100.0,5,exponential,sim032_10,1,150,1500,1.28647,1.28228,2.1562,0.47015,0.5125,0.5194,0.37095,0.19598,0.20005,medium
0.1,40.0,2.0,100.0,5,exponential,sim032_10,1,150,1500,1.29586,1.29139,2.29978,0.47229,0.51877,0.52695,0.37477,0.18583,0.19034,medium
0.1,48.0,2.0,100.0,5,exponential,sim032_10,1,150,1500,1.30278,1.29812,2.41992,0.47384,0.52362,0.53289,0.37767,0.17814,0.18298,medium
0.15,4.0,2.0,100.0,5,exponential,sim032_15,1,150,1500,1.21551,1.21606,1.34334,0.45605,0.46825,0.46881,0.33217,0.28798,0.28819,medium
0.15,12.0,2.0,100.0,5,exponential,sim032_15,1,150,1500,1.35757,1.3584,1.94126,0.50138,0.54117,0.54334,0.35225,0.22513,0.22643,medium
0.15,20.0,2.0,100.0,5,exponential,sim032_15,1,150,1500,1.40636,1.40704,2.35812,0.51534,0.57164,0.57494,0.36241,0.19421,0.19631,medium
0.15,28.0,2.0,100.0,5,exponential,sim032_15,1,150,1500,1.4325,1.43304,2.68078,0.52246,0.59024,0.59436,0.36854,0.17566,0.17832,medium
0.15,32.0,2.0,100.0,5,exponential,sim032_15,1,150,1500,1.44167,1.44215,2.81809,0.52491,0.59729,0.60175,0.37078,0.16885,0.17174,medium
0.15,40.0,2.0,100.0,5,exponential,sim032_15,1,150,1500,1.45559,1.45597,3.05729,0.52858,0.60865,0.61367,0.37428,0.15826,0.1615,medium
0.15,48.0,2.0,100.0,5,exponential,sim032_15,1,150,1500,1.46577,1.46609,3.25997,0.53124,0.61753,0.62301,0.37687,0.15034,0.15386,medium
0.2,4.0,2.0,100.0,5,exponential,sim032_20,1,150,1500,1.29674,1.29854,1.46471,0.4866,0.50251,0.50338,0.33008,0.27838,0.27839,medium
0.2,12.0,2.0,100.0,5,exponential,sim032_20,1,150,1500,1.49865,1.50287,2.29214,0.55309,0.60684,0.60844,0.34955,0.20891,0.20913,medium
0.2,20.0,2.0,100.0,5,exponential,sim032_20,1,150,1500,1.5676,1.57257,2.87854,0.57427,0.65148,0.65305,0.35866,0.17689,0.17727,medium
0.2,28.0,2.0,100.0,5,exponential,sim032_20,1,150,1500,1.60419,1.6095,3.33682,0.58522,0.679,0.68044,0.36394,0.1583,0.15881,medium
0.2,32.0,2.0,100.0,5,exponential,sim032_20,1,150,1500,1.61695,1.62237,3.53287,0.58901,0.68949,0.69086,0.36583,0.15159,0.15217,medium
0.2,40.0,2.0,100.0,5,exponential,sim032_20,1,150,1500,1.63625,1.64181,3.87578,0.59471,0.70646,0.70772,0.36873,0.14128,0.14195,medium
0.2,48.0,2.0,100.0,5,exponential,sim032_20,1,150,1500,1.65031,1.65595,4.16757,0.59886,0.7198,0.72098,0.37084,0.13367,0.13442,medium
0.25,4.0,2.0,100.0,5,exponential,sim032_25,1,150,1500,1.38227,1.3827,1.58754,0.51978,0.53943,0.53974,0.32794,0.27023,0.27021,medium
0.25,12.0,2.0,100.0,5,exponential,sim032_25,1,150,1500,1.65344,1.65449,2.65932,0.61242,0.68004,0.68099,0.3465,0.19649,0.19631,medium
0.25,20.0,2.0,100.0,5,exponential,sim032_25,1,150,1500,1.7469,1.74806,3.43603,0.64299,0.74064,0.74221,0.3546,0.16383,0.16355,medium
0.25,28.0,2.0,100.0,5,exponential,sim032_25,1,150,1500,1.79649,1.79762,4.0529,0.65898,0.77782,0.78007,0.35914,0.14522,0.14488,medium
0.25,32.0,2.0,100.0,5,exponential,sim032_25,1,150,1500,1.81376,1.81487,4.31945,0.66452,0.79194,0.79452,0.36074,0.13856,0.13821,medium
0.25,40.0,2.0,100.0,5,exponential,sim032_25,1,150,1500,1.83986,1.8409,4.78947,0.67289,0.81467,0.81794,0.36314,0.12839,0.12802,medium
0.25,48.0,2.0,100.0,5,exponential,sim032_25,1,150,1500,1.85884,1.85982,5.19322,0.67898,0.83245,0.83638,0.36487,0.12093,0.12056,medium
0.3,4.0,2.0,100.0,5,exponential,sim032_30,1,150,1500,1.47346,1.47388,1.71142,0.55525,0.57756,0.57887,0.32442,0.26355,0.26398,medium
0.3,12.0,2.0,100.0,5,exponential,sim032_30,1,150,1500,1.82677,1.8283,3.03623,0.67881,0.75873,0.76342,0.34015,0.18725,0.18834,medium
0.3,20.0,2.0,100.0,5,exponential,sim032_30,1,150,1500,1.95103,1.9533,4.01638,0.72105,0.83865,0.8453,0.34647,0.15418,0.15553,medium
0.3,28.0,2.0,100.0,5,exponential,sim032_30,1,150,1500,2.01731,2.02012,4.8077,0.74342,0.88826,0.89618,0.34988,0.1355,0.13699,medium
0.3,32.0,2.0,100.0,5,exponential,sim032_30,1,150,1500,2.04043,2.04348,5.15336,0.75123,0.90722,0.91562,0.35105,0.12885,0.13039,medium
0.3,40.0,2.0,100.0,5,exponential,sim032_30,1,150,1500,2.07539,2.07884,5.76857,0.76304,0.93794,0.94711,0.35278,0.11871,0.12032,medium
0.3,48.0,2.0,100.0,5,exponential,sim032_30,1,150,1500,2.10084,2.10463,6.30309,0.77168,0.96213,0.97189,0.35398,0.1113,0.11296,medium
0.1,4.0,3.0,100.0,5,exponential,sim033_10,1,150,1500,1.14752,1.142,1.22821,0.42744,0.43842,0.4357,0.33339,0.29954,0.29982,medium
0.1,12.0,3.0,100.0,5,exponential,sim033_10,1,150,1500,1.25095,1.23655,1.59848,0.45594,0.48823,0.48143,0.35151,0.25038,0.25146,medium
0.1,20.0,3.0,100.0,5,exponential,sim033_10,1,150,1500,1.28808,1.26998,1.83647,0.46486,0.50811,0.49981,0.3612,0.2247,0.22651,medium
0.1,28.0,3.0,100.0,5,exponential,sim033_10,1,150,1500,1.30824,1.28811,2.01019,0.46943,0.51961,0.51057,0.36723,0.20884,0.21114,medium
0.1,32.0,3.0,100.0,5,exponential,sim033_10,1,150,1500,1.31534,1.29449,2.08148,0.47101,0.52381,0.51454,0.36948,0.20295,0.20543,medium
0.1,40.0,3.0,100.0,5,exponential,sim033_10,1,150,1500,1.32611,1.30421,2.20209,0.47337,0.53039,0.52077,0.37302,0.19369,0.19645,medium
0.1,48.0,3.0,100.0,5,exponential,sim033_10,1,150,1500,1.33396,1.31131,2.30083,0.47508,0.53535,0.52551,0.37569,0.18671,0.18968,medium
0.15,4.0,3.0,100.0,5,exponential,sim033_15,1,150,1500,1.22432,1.21084,1.34636,0.4579,0.4737,0.46713,0.3362,0.28697,0.28742,medium
0.15,12.0,3.0,100.0,5,exponential,sim033_15,1,150,1500,1.38255,1.34756,1.92574,0.50756,0.55694,0.53908,0.36066,0.22605,0.22686,medium
0.15,20.0,3.0,100.0,5,exponential,sim033_15,1,150,1500,1.43823,1.39474,2.30839,0.5236,0.59158,0.56854,0.37196,0.19694,0.19816,medium
0.15,28.0,3.0,100.0,5,exponential,sim033_15,1,150,1500,1.46806,1.42001,2.59267,0.53188,0.61206,0.58594,0.37852,0.17975,0.18122,medium
0.15,32.0,3.0,100.0,5,exponential,sim033_15,1,150,1500,1.47848,1.42886,2.71055,0.53473,0.61963,0.59237,0.38088,0.17349,0.17505,medium
0.15,40.0,3.0,100.0,5,exponential,sim033_15,1,150,1500,1.49425,1.44227,2.91159,0.53899,0.63156,0.60251,0.3845,0.16383,0.1655,medium
0.15,48.0,3.0,100.0,5,exponential,sim033_15,1,150,1500,1.50572,1.45205,3.07769,0.54206,0.64064,0.61022,0.38715,0.15666,0.15841,medium
0.2,4.0,3.0,100.0,5,exponential,sim033_20,1,150,1500,1.30182,1.3015,1.46869,0.48797,0.5066,0.50512,0.33197,0.27808,0.27759,medium
0.2,12.0,3.0,100.0,5,exponential,sim033_20,1,150,1500,1.51685,1.51649,2.28069,0.55864,0.62099,0.61426,0.35247,0.211,0.20916,medium
0.2,20.0,3.0,100.0,5,exponential,sim033_20,1,150,1500,1.59294,1.59269,2.83749,0.5822,0.67065,0.65974,0.36152,0.18043,0.17787,medium
0.2,28.0,3.0,100.0,5,exponential,sim033_20,1,150,1500,1.63383,1.63366,3.26251,0.59458,0.70081,0.68662,0.36664,0.16274,0.15973,medium
0.2,32.0,3.0,100.0,5,exponential,sim033_20,1,150,1500,1.64815,1.64801,3.44172,0.59888,0.71212,0.69656,0.36846,0.15636,0.15319,medium
0.2,40.0,3.0,100.0,5,exponential,sim033_20,1,150,1500,1.66987,1.66977,3.7515,0.60536,0.73016,0.71223,0.37121,0.14656,0.14313,medium
0.2,48.0,3.0,100.0,5,exponential,sim033_20,1,150,1500,1.68571,1.68563,4.01147,0.61007,0.74405,0.72416,0.37319,0.13934,0.13571,medium
0.25,4.0,3.0,100.0,5,exponential,sim033_25,1,150,1500,1.39116,1.38589,1.58684,0.52047,0.54426,0.54053,0.3294,0.27097,0.27054,medium
0.25,12.0,3.0,100.0,5,exponential,sim033_25,1,150,1500,1.68529,1.67012,2.6107,0.6173,0.69737,0.68544,0.34864,0.20103,0.19954,medium
0.25,20.0,3.0,100.0,5,exponential,sim033_25,1,150,1500,1.79117,1.77165,3.3148,0.65075,0.7643,0.74762,0.3565,0.17029,0.16832,medium
0.25,28.0,3.0,100.0,5,exponential,sim033_25,1,150,1500,1.84822,1.82622,3.85264,0.66859,0.80481,0.78489,0.36079,0.15281,0.15054,medium
0.25,32.0,3.0,100.0,5,exponential,sim033_25,1,150,1500,1.8682,1.84531,4.07949,0.67483,0.81998,0.79875,0.36227,0.14656,0.14419,medium
0.25,40.0,3.0,100.0,5,exponential,sim033_25,1,150,1500,1.89847,1.87421,4.47172,0.68428,0.84412,0.82071,0.36448,0.13702,0.13447,medium
0.25,48.0,3.0,100.0,5,exponential,sim033_25,1,150,1500,1.92051,1.89524,4.80107,0.69119,0.86269,0.8375,0.36605,0.13004,0.12735,medium
0.3,4.0,3.0,100.0,5,exponential,sim033_30,1,150,1500,1.47204,1.47885,1.7156,0.55911,0.58075,0.58388,0.32772,0.26275,0.26244,medium
0.3,12.0,3.0,100.0,5,exponential,sim033_30,1,150,1500,1.83103,1.85108,3.00811,0.69302,0.77262,0.78191,0.34658,0.18862,0.18761,medium
0.3,20.0,3.0,100.0,5,exponential,sim033_30,1,150,1500,1.96151,1.98742,3.92609,0.74136,0.85833,0.87059,0.35367,0.15703,0.15561,medium
0.3,28.0,3.0,100.0,5,exponential,sim033_30,1,150,1500,2.03221,2.06136,4.64356,0.76754,0.91075,0.92471,0.35736,0.13926,0.13762,medium
0.3,32.0,3.0,100.0,5,exponential,sim033_30,1,150,1500,2.05706,2.08735,4.9505,0.77676,0.93048,0.94503,0.35861,0.13295,0.13123,medium
0.3,40.0,3.0,100.0,5,exponential,sim033_30,1,150,1500,2.09479,2.12679,5.48738,0.79077,0.96197,0.97738,0.36044,0.12332,0.12151,medium
0.3,48.0,3.0,100.0,5,exponential,sim033_30,1,150,1500,2.12236,2.15557,5.9443,0.80105,0.98629,1.00227,0.36169,0.11629,0.11442,medium
0.1,4.0,1.0,200.0,5,exponential,sim034_10,1,150,1500,1.13822,1.13814,1.22742,0.42679,0.43447,0.43428,0.33201,0.29914,0.29907,long
0.1,12.0,1.0,200.0,5,exponential,sim034_10,1,150,1500,1.23155,1.23149,1.68144,0.45435,0.48113,0.48046,0.3519,0.24007,0.23985,long
0.1,20.0,1.0,200.0,5,exponential,sim034_10,1,150,1500,1.26592,1.26586,2.04655,0.46254,0.50266,0.50163,0.36425,0.20613,0.20592,long
0.1,28.0,1.0,200.0,5,exponential,sim034_10,1,150,1500,1.2853,1.28522,2.35856,0.46668,0.51714,0.51584,0.37237,0.18424,0.1841,long
0.1,32.0,1.0,200.0,5,exponential,sim034_10,1,150,1500,1.29229,1.29219,2.49953,0.4681,0.52299,0.52158,0.37548,0.17594,0.17584,long
0.1,40.0,1.0,200.0,5,exponential,sim034_10,1,150,1500,1.30312,1.30297,2.75734,0.47024,0.5329,0.5313,0.38043,0.16273,0.16271,long
0.1,48.0,1.0,200.0,5,exponential,sim034_10,1,150,1500,1.31122,1.31101,2.98841,0.47179,0.54114,0.53937,0.38421,0.15265,0.15272,long
0.15,4.0,1.0,200.0,5,exponential,sim034_15,1,150,1500,1.21249,1.21291,1.3446,0.45523,0.46622,0.46635,0.33103,0.28754,0.28743,long
0.15,12.0,1.0,200.0,5,exponential,sim034_15,1,150,1500,1.35709,1.35838,2.04144,0.50135,0.54081,0.5407,0.35231,0.2168,0.21623,long
0.15,20.0,1.0,200.0,5,exponential,sim034_15,1,150,1500,1.40786,1.40957,2.60839,0.51563,0.57545,0.57489,0.36417,0.18028,0.17939,long
0.15,28.0,1.0,200.0,5,exponential,sim034_15,1,150,1500,1.43545,1.4374,3.09781,0.52298,0.59874,0.59775,0.37152,0.15807,0.157,long
0.15,32.0,1.0,200.0,5,exponential,sim034_15,1,150,1500,1.44519,1.44723,3.32051,0.52552,0.60815,0.60695,0.37424,0.1499,0.14875,long
0.15,40.0,1.0,200.0,5,exponential,sim034_15,1,150,1500,1.46008,1.46224,3.73043,0.52936,0.62412,0.62253,0.37848,0.13717,0.13592,long
0.15,48.0,1.0,200.0,5,exponential,sim034_15,1,150,1500,1.47103,1.47327,4.10086,0.53218,0.6374,0.63546,0.38163,0.12767,0.12635,long
0.2,4.0,1.0,200.0,5,exponential,sim034_20,1,150,1500,1.291,1.29074,1.46124,0.48555,0.49978,0.49983,0.32884,0.27818,0.27828,long
0.2,12.0,1.0,200.0,5,exponential,sim034_20,1,150,1500,1.49557,1.49468,2.40343,0.55396,0.60617,0.60675,0.34883,0.20072,0.20113,long
0.2,20.0,1.0,200.0,5,exponential,sim034_20,1,150,1500,1.56671,1.56541,3.17756,0.57592,0.65567,0.65684,0.35914,0.16331,0.16393,long
0.2,28.0,1.0,200.0,5,exponential,sim034_20,1,150,1500,1.60487,1.60329,3.85163,0.58735,0.68882,0.69049,0.36528,0.14132,0.14209,long
0.2,32.0,1.0,200.0,5,exponential,sim034_20,1,150,1500,1.61827,1.61657,4.1602,0.59132,0.70218,0.70406,0.3675,0.13336,0.13419,long
0.2,40.0,1.0,200.0,5,exponential,sim034_20,1,150,1500,1.63863,1.63674,4.73132,0.59735,0.72484,0.72709,0.37091,0.12111,0.12204,long
0.2,48.0,1.0,200.0,5,exponential,sim034_20,1,150,1500,1.65355,1.65151,5.25099,0.60177,0.74367,0.74624,0.37339,0.11208,0.11308,long
0.25,4.0,1.0,200.0,5,exponential,sim034_25,1,150,1500,1.37496,1.37474,1.58068,0.5184,0.53546,0.53595,0.32531,0.27045,0.27082,long
0.25,12.0,1.0,200.0,5,exponential,sim034_25,1,150,1500,1.64959,1.64904,2.77966,0.61363,0.67834,0.68103,0.34175,0.18937,0.19063,long
0.25,20.0,1.0,200.0,5,exponential,sim034_25,1,150,1500,1.74551,1.74494,3.77372,0.64515,0.74534,0.75031,0.34969,0.15199,0.15375,long
0.25,28.0,1.0,200.0,5,exponential,sim034_25,1,150,1500,1.7968,1.79629,4.6457,0.66167,0.79008,0.79725,0.35424,0.1305,0.13259,long
0.25,32.0,1.0,200.0,5,exponential,sim034_25,1,150,1500,1.81476,1.8143,5.04686,0.66741,0.80807,0.81629,0.35585,0.1228,0.12503,long
0.25,40.0,1.0,200.0,5,exponential,sim034_25,1,150,1500,1.84201,1.84165,5.79262,0.67611,0.83851,0.84875,0.35826,0.11103,0.11347,long
0.25,48.0,1.0,200.0,5,exponential,sim034_25,1,150,1500,1.86195,1.86169,6.47495,0.68248,0.86376,0.87592,0.35997,0.10241,0.10503,long
0.3,4.0,1.0,200.0,5,exponential,sim034_30,1,150,1500,1.47439,1.4749,1.69005,0.55804,0.57756,0.57927,0.31967,0.26336,0.26466,long
0.3,12.0,1.0,200.0,5,exponential,sim034_30,1,150,1500,1.80806,1.8121,3.12561,0.67829,0.75522,0.75898,0.335,0.18138,0.18212,long
0.3,20.0,1.0,200.0,5,exponential,sim034_30,1,150,1500,1.94195,1.9467,4.38456,0.72603,0.84678,0.8527,0.34007,0.14432,0.14551,long
0.3,28.0,1.0,200.0,5,exponential,sim034_30,1,150,1500,2.00289,2.00771,5.46267,0.74716,0.90035,0.90795,0.3429,0.12428,0.12574,long
0.3,32.0,1.0,200.0,5,exponential,sim034_30,1,150,1500,2.0255,2.03019,5.96345,0.75486,0.92195,0.93009,0.34417,0.11687,0.11837,long
0.3,40.0,1.0,200.0,5,exponential,sim034_30,1,150,1500,2.06213,2.06669,6.89061,0.76739,0.95866,0.96751,0.34647,0.10512,0.10668,long
0.3,48.0,1.0,200.0,5,exponential,sim034_30,1,150,1500,2.09049,2.09546,7.72617,0.77739,0.98892,0.99817,0.34838,0.09616,0.09786,long
0.1,4.0,2.0,200.0,5,exponential,sim035_10,1,150,1500,1.14097,1.14089,1.23343,0.42698,0.43628,0.43544,0.33338,0.29823,0.29785,long
0.1,12.0,2.0,200.0,5,exponential,sim035_10,1,150,1500,1.23364,1.23356,1.66247,0.45356,0.48379,0.48045,0.35347,0.24252,0.24133,long
0.1,20.0,2.0,200.0,5,exponential,sim035_10,1,150,1500,1.26681,1.2667,1.97679,0.46139,0.50443,0.49916,0.3649,0.21222,0.21068,long
0.1,28.0,2.0,200.0,5,exponential,sim035_10,1,150,1500,1.28513,1.28496,2.22748,0.46532,0.51745,0.5106,0.3722,0.19314,0.19144,long
0.1,32.0,2.0,200.0,5,exponential,sim035_10,1,150,1500,1.29167,1.29145,2.33591,0.46666,0.52248,0.51494,0.37495,0.18597,0.18424,long
0.1,40.0,2.0,200.0,5,exponential,sim035_10,1,150,1500,1.30171,1.3014,2.52708,0.46866,0.53071,0.52194,0.3793,0.17465,0.17288,long
0.1,48.0,2.0,200.0,5,exponential,sim035_10,1,150,1500,1.30914,1.30874,2.69113,0.47011,0.53724,0.52741,0.3826,0.16607,0.1643,long
0.15,4.0,2.0,200.0,5,exponential,sim035_15,1,150,1500,1.21444,1.21745,1.35339,0.45542,0.46739,0.46914,0.33288,0.28602,0.28601,long
0.15,12.0,2.0,200.0,5,exponential,sim035_15,1,150,1500,1.35526,1.3625,2.0175,0.49964,0.5398,0.54471,0.35499,0.21796,0.21817,long
0.15,20.0,2.0,200.0,5,exponential,sim035_15,1,150,1500,1.40396,1.4127,2.5156,0.51316,0.57107,0.57753,0.36632,0.18427,0.18461,long
0.15,28.0,2.0,200.0,5,exponential,sim035_15,1,150,1500,1.43019,1.4397,2.92016,0.52005,0.59074,0.59816,0.37315,0.16409,0.16451,long
0.15,32.0,2.0,200.0,5,exponential,sim035_15,1,150,1500,1.43941,1.44919,3.09722,0.52242,0.59833,0.60613,0.37565,0.15671,0.15717,long
0.15,40.0,2.0,200.0,5,exponential,sim035_15,1,150,1500,1.45344,1.46362,3.41251,0.52598,0.61076,0.61915,0.37951,0.14527,0.14577,long
0.15,48.0,2.0,200.0,5,exponential,sim035_15,1,150,1500,1.46373,1.4742,3.6863,0.52857,0.62066,0.6295,0.38236,0.13676,0.13729,long
0.2,4.0,2.0,200.0,5,exponential,sim035_20,1,150,1500,1.29672,1.29757,1.47597,0.48543,0.50213,0.50345,0.33126,0.27604,0.27653,long
0.2,12.0,2.0,200.0,5,exponential,sim035_20,1,150,1500,1.49999,1.50174,2.38752,0.5503,0.60686,0.61188,0.35314,0.2007,0.20248,long
0.2,20.0,2.0,200.0,5,exponential,sim035_20,1,150,1500,1.56999,1.57181,3.08139,0.57083,0.6525,0.66062,0.36343,0.16567,0.16825,long
0.2,28.0,2.0,200.0,5,exponential,sim035_20,1,150,1500,1.60731,1.60906,3.65045,0.58144,0.68104,0.6919,0.36937,0.14534,0.14848,long
0.2,32.0,2.0,200.0,5,exponential,sim035_20,1,150,1500,1.62035,1.62205,3.90103,0.58511,0.69201,0.70413,0.37149,0.13802,0.14139,long
0.2,40.0,2.0,200.0,5,exponential,sim035_20,1,150,1500,1.64011,1.64172,4.34952,0.59064,0.70988,0.72431,0.37472,0.12678,0.13051,long
0.2,48.0,2.0,200.0,5,exponential,sim035_20,1,150,1500,1.65452,1.65605,4.74146,0.59468,0.72402,0.74054,0.37705,0.11851,0.12254,long
0.25,4.0,2.0,200.0,5,exponential,sim035_25,1,150,1500,1.38061,1.38378,1.60284,0.51992,0.5391,0.54054,0.3293,0.26766,0.26752,long
0.25,12.0,2.0,200.0,5,exponential,sim035_25,1,150,1500,1.64945,1.65894,2.78118,0.61278,0.68133,0.6851,0.34987,0.18889,0.1883,long
0.25,20.0,2.0,200.0,5,exponential,sim035_25,1,150,1500,1.74231,1.75468,3.6946,0.64348,0.74486,0.74933,0.35867,0.15413,0.15319,long
0.25,28.0,2.0,200.0,5,exponential,sim035_25,1,150,1500,1.7917,1.80571,4.45375,0.65957,0.78515,0.78973,0.3635,0.13448,0.13329,long
0.25,32.0,2.0,200.0,5,exponential,sim035_25,1,150,1500,1.80894,1.82353,4.79081,0.66517,0.80078,0.8053,0.36518,0.12749,0.12621,long
0.25,40.0,2.0,200.0,5,exponential,sim035_25,1,150,1500,1.83503,1.8505,5.39829,0.67363,0.82645,0.83071,0.36766,0.11687,0.11543,long
0.25,48.0,2.0,200.0,5,exponential,sim035_25,1,150,1500,1.85406,1.87017,5.93345,0.67981,0.84699,0.85088,0.36941,0.10913,0.10757,long
0.3,4.0,2.0,200.0,5,exponential,sim035_30,1,150,1500,1.47844,1.47024,1.72905,0.55523,0.58127,0.57737,0.32659,0.26119,0.26134,long
0.3,12.0,2.0,200.0,5,exponential,sim035_30,1,150,1500,1.84151,1.81787,3.17402,0.67892,0.7735,0.76169,0.34566,0.18075,0.18091,long
0.3,20.0,2.0,200.0,5,exponential,sim035_30,1,150,1500,1.97034,1.94009,4.30723,0.72135,0.86192,0.84614,0.35327,0.14606,0.14631,long
0.3,28.0,2.0,200.0,5,exponential,sim035_30,1,150,1500,2.03925,2.0054,5.25793,0.74388,0.91842,0.90021,0.35731,0.12664,0.12692,long
0.3,32.0,2.0,200.0,5,exponential,sim035_30,1,150,1500,2.06333,2.02823,5.68273,0.75175,0.9404,0.92128,0.35869,0.11978,0.12005,long
0.3,40.0,2.0,200.0,5,exponential,sim035_30,1,150,1500,2.09977,2.06282,6.45267,0.76369,0.97651,0.95598,0.36069,0.10936,0.10962,long
0.3,48.0,2.0,200.0,5,exponential,sim035_30,1,150,1500,2.12633,2.08805,7.13566,0.77244,1.00543,0.98384,0.36207,0.1018,0.10204,long
0.1,4.0,3.0,200.0,5,exponential,sim036_10,1,150,1500,1.14398,1.14314,1.23726,0.42869,0.43749,0.43852,0.33475,0.29697,0.29771,long
0.1,12.0,3.0,200.0,5,exponential,sim036_10,1,150,1500,1.24205,1.23886,1.65604,0.45838,0.48611,0.48996,0.35566,0.24144,0.2441,long
0.1,20.0,3.0,200.0,5,exponential,sim036_10,1,150,1500,1.27763,1.27308,1.94724,0.46766,0.50606,0.51209,0.36685,0.21214,0.21601,long
0.1,28.0,3.0,200.0,5,exponential,sim036_10,1,150,1500,1.29717,1.29177,2.17038,0.47241,0.51792,0.5257,0.37379,0.19398,0.19869,long
0.1,32.0,3.0,200.0,5,exponential,sim036_10,1,150,1500,1.3041,1.29839,2.26447,0.47405,0.52232,0.53087,0.37637,0.18723,0.19226,long
0.1,40.0,3.0,200.0,5,exponential,sim036_10,1,150,1500,1.31468,1.30847,2.42688,0.4765,0.52929,0.5392,0.38041,0.17663,0.18219,long
0.1,48.0,3.0,200.0,5,exponential,sim036_10,1,150,1500,1.32244,1.31588,2.5628,0.47827,0.53463,0.54571,0.38344,0.16865,0.17462,long
0.15,4.0,3.0,200.0,5,exponential,sim036_15,1,150,1500,1.21922,1.22146,1.35399,0.45508,0.46982,0.47074,0.33297,0.28655,0.28633,long
0.15,12.0,3.0,200.0,5,exponential,sim036_15,1,150,1500,1.37032,1.37743,1.9893,0.5008,0.54792,0.55059,0.35347,0.2224,0.22138,long
0.15,20.0,3.0,200.0,5,exponential,sim036_15,1,150,1500,1.42372,1.43324,2.43907,0.51544,0.58116,0.5849,0.36352,0.19131,0.1897,long
0.15,28.0,3.0,200.0,5,exponential,sim036_15,1,150,1500,1.45254,1.46349,2.78862,0.52307,0.60125,0.60587,0.36948,0.17285,0.17088,long
0.15,32.0,3.0,200.0,5,exponential,sim036_15,1,150,1500,1.46267,1.47413,2.9374,0.52571,0.60879,0.61381,0.37163,0.16612,0.16402,long
0.15,40.0,3.0,200.0,5,exponential,sim036_15,1,150,1500,1.47808,1.49031,3.19631,0.52971,0.62081,0.62656,0.37495,0.15569,0.15342,long
0.15,48.0,3.0,200.0,5,exponential,sim036_15,1,150,1500,1.48936,1.50216,3.41514,0.53263,0.63008,0.6365,0.37738,0.14796,0.14557,long
0.2,4.0,3.0,200.0,5,exponential,sim036_20,1,150,1500,1.29645,1.30319,1.47806,0.4871,0.50341,0.50771,0.33244,0.2757,0.27594,long
0.2,12.0,3.0,200.0,5,exponential,sim036_20,1,150,1500,1.50449,1.52115,2.35637,0.55685,0.61266,0.62703,0.35378,0.20309,0.20488,long
0.2,20.0,3.0,200.0,5,exponential,sim036_20,1,150,1500,1.57823,1.59845,2.99259,0.58014,0.66011,0.68094,0.36319,0.1699,0.17264,long
0.2,28.0,3.0,200.0,5,exponential,sim036_20,1,150,1500,1.61802,1.64006,3.49559,0.59245,0.68911,0.71471,0.36847,0.15072,0.15412,long
0.2,32.0,3.0,200.0,5,exponential,sim036_20,1,150,1500,1.632,1.65467,3.71205,0.59674,0.70006,0.72766,0.37033,0.14382,0.14749,long
0.2,40.0,3.0,200.0,5,exponential,sim036_20,1,150,1500,1.65324,1.67685,4.09217,0.60325,0.71759,0.74866,0.37313,0.13324,0.13734,long
0.2,48.0,3.0,200.0,5,exponential,sim036_20,1,150,1500,1.66878,1.69309,4.41692,0.60802,0.7312,0.7652,0.37514,0.12545,0.1299,long
0.25,4.0,3.0,200.0,5,exponential,sim036_25,1,150,1500,1.38929,1.3838,1.6052,0.51993,0.54447,0.54221,0.33166,0.26742,0.26772,long
0.25,12.0,3.0,200.0,5,exponential,sim036_25,1,150,1500,1.67978,1.6655,2.75007,0.61561,0.70003,0.69469,0.35388,0.19095,0.1917,long
0.25,20.0,3.0,200.0,5,exponential,sim036_25,1,150,1500,1.78456,1.76692,3.60468,0.64866,0.77009,0.76402,0.36279,0.15725,0.15841,long
0.25,28.0,3.0,200.0,5,exponential,sim036_25,1,150,1500,1.84131,1.82192,4.29547,0.66639,0.81361,0.80751,0.36755,0.13811,0.13958,long
0.25,32.0,3.0,200.0,5,exponential,sim036_25,1,150,1500,1.86127,1.84129,4.5969,0.67261,0.83018,0.82419,0.36917,0.13129,0.13288,long
0.25,40.0,3.0,200.0,5,exponential,sim036_25,1,150,1500,1.89163,1.8708,5.13234,0.68211,0.85689,0.85124,0.37155,0.12088,0.12268,long
0.25,48.0,3.0,200.0,5,exponential,sim036_25,1,150,1500,1.91387,1.89244,5.59604,0.68909,0.87777,0.87256,0.37321,0.11327,0.11524,long
0.3,4.0,3.0,200.0,5,exponential,sim036_30,1,150,1500,1.46926,1.48037,1.73116,0.55628,0.57943,0.58541,0.32787,0.26032,0.2607,long
0.3,12.0,3.0,200.0,5,exponential,sim036_30,1,150,1500,1.82205,1.85807,3.13614,0.68556,0.77186,0.79044,0.34635,0.18163,0.1827,long
0.3,20.0,3.0,200.0,5,exponential,sim036_30,1,150,1500,1.94964,1.99803,4.19765,0.73192,0.86007,0.88611,0.35307,0.14819,0.14936,long
0.3,28.0,3.0,200.0,5,exponential,sim036_30,1,150,1500,2.01881,2.07462,5.06348,0.75704,0.9152,0.94667,0.35646,0.12948,0.13066,long
0.3,32.0,3.0,200.0,5,exponential,sim036_30,1,150,1500,2.04316,2.10169,5.44356,0.7659,0.93624,0.97,0.35758,0.12285,0.12404,long
0.3,40.0,3.0,200.0,5,exponential,sim036_30,1,150,1500,2.08021,2.14302,6.12229,0.77942,0.97022,1.00797,0.35916,0.11277,0.11397,long
0.3,48.0,3.0,200.0,5,exponential,sim036_30,1,150,1500,2.10735,2.1734,6.71386,0.78936,0.99682,1.03799,0.36021,0.10544,0.10664,long
